match_id,competition,team,sub_minute,score_diff,is_home,time_remaining,sub_sequence,game_phase,position_name,position_group,team_xg_prev15,opp_xg_prev15,xg_diff_prev15,shots_prev15,passes_prev15,pressures_prev15,team_xg_next15,opp_xg_next15,xg_diff_next15,impact_score,impact_label,game_phase_enc,position_group_enc
3895292,Bundesliga 2023/2024,Bayer Leverkusen,31,0,0,59,1,31-60,Left Attacking Midfield,MF,0.1191,0.0488,0.0703,1,139,17,0.0724,0.1439,-0.0715,-0.1418,Negative,1,1
3895292,Bundesliga 2023/2024,Union Berlin,45,0,1,45,1,31-60,Center Forward,FW,0.1927,0.0724,0.1203,3,72,13,0.0253,1.2999,-1.2746,-1.3949,Negative,1,0
3895292,Bundesliga 2023/2024,Union Berlin,61,-1,1,29,2,61-75,Center Defensive Midfield,MF,0.0253,1.2999,-1.2746,1,39,32,0.047,0.0,0.047,1.3216,Positive,2,1
3895292,Bundesliga 2023/2024,Union Berlin,62,-1,1,28,3,61-75,Right Back,DF,0.0253,1.2999,-1.2746,1,36,32,0.047,0.1693,-0.1223,1.1523,Positive,2,2
3895292,Bundesliga 2023/2024,Union Berlin,62,-1,1,28,4,61-75,Left Center Midfield,MF,0.0253,1.2999,-1.2746,1,36,32,0.047,0.1693,-0.1223,1.1523,Positive,2,1
3895292,Bundesliga 2023/2024,Bayer Leverkusen,66,1,0,24,2,61-75,Center Forward,FW,1.055,0.0575,0.9975,4,92,19,0.1693,0.0934,0.0759,-0.9216,Negative,2,0
3895292,Bundesliga 2023/2024,Union Berlin,77,-1,1,13,5,76-90+,Center Attacking Midfield,MF,0.047,0.1693,-0.1223,2,68,25,0.0785,0.1564,-0.0779,0.0444,Neutral,3,1
3895292,Bundesliga 2023/2024,Bayer Leverkusen,78,1,0,12,3,76-90+,Right Wing Back,FW,0.1693,0.047,0.1223,1,80,29,0.1564,0.0785,0.0779,-0.0444,Neutral,3,0
3895320,Bundesliga 2023/2024,Bayer Leverkusen,45,0,1,45,1,31-60,Center Back,DF,0.0118,0.0,0.0118,1,63,24,0.063,0.5148,-0.4518,-0.4636,Negative,1,2
3895320,Bundesliga 2023/2024,Bayer Leverkusen,73,-1,1,17,2,61-75,Right Attacking Midfield,MF,0.4104,0.9004,-0.49,5,58,24,0.0,0.4295,-0.4295,0.0605,Neutral,2,1
3895320,Bundesliga 2023/2024,Bayer Leverkusen,73,-1,1,17,3,61-75,Center Forward,FW,0.4104,0.9004,-0.49,5,58,24,0.0,0.4295,-0.4295,0.0605,Neutral,2,0
3895320,Bundesliga 2023/2024,VfB Stuttgart,73,1,0,17,1,61-75,Right Center Forward,FW,0.9004,0.4104,0.49,3,58,21,0.4295,0.0,0.4295,-0.0605,Neutral,2,0
3895320,Bundesliga 2023/2024,VfB Stuttgart,73,1,0,17,2,61-75,Left Defensive Midfield,MF,0.9004,0.4104,0.49,3,58,21,0.4295,0.0,0.4295,-0.0605,Neutral,2,1
3895320,Bundesliga 2023/2024,VfB Stuttgart,80,1,0,10,3,76-90+,Left Attacking Midfield,MF,0.6958,0.1002,0.5956,2,73,24,0.4295,0.0,0.4295,-0.1661,Negative,3,1
3895320,Bundesliga 2023/2024,VfB Stuttgart,80,1,0,10,4,76-90+,Right Back,DF,0.6958,0.1002,0.5956,2,73,24,0.4295,0.0,0.4295,-0.1661,Negative,3,2
3895158,Bundesliga 2023/2024,Bayer Leverkusen,63,-1,1,27,1,61-75,Right Attacking Midfield,MF,0.4014,0.0648,0.3366,7,138,29,0.1532,0.0591,0.0941,-0.2425,Negative,2,1
3895158,Bundesliga 2023/2024,Borussia Dortmund,63,1,0,27,1,61-75,Left Center Back,DF,0.0648,0.4014,-0.3366,2,60,34,0.0591,0.1532,-0.0941,0.2425,Positive,2,2
3895158,Bundesliga 2023/2024,Borussia Dortmund,64,1,0,26,2,61-75,Left Wing,FW,0.0648,0.3143,-0.2495,2,54,28,0.0591,1.0935,-1.0344,-0.7849,Negative,2,0
3895158,Bundesliga 2023/2024,Bayer Leverkusen,78,-1,1,12,2,76-90+,Left Defensive Midfield,MF,0.1532,0.0591,0.0941,3,90,12,1.09,0.0,1.09,0.9959,Positive,3,1
3895158,Bundesliga 2023/2024,Borussia Dortmund,83,0,0,7,3,76-90+,Right Wing,FW,0.0,1.0935,-1.0935,0,67,25,0.236,0.1496,0.0864,1.1799,Positive,3,0
3895107,Bundesliga 2023/2024,FC Köln,61,-2,0,29,1,61-75,Left Center Forward,FW,0.7356,0.4887,0.2469,2,88,39,0.1177,0.7018,-0.5841,-0.831,Negative,2,0
3895107,Bundesliga 2023/2024,Bayer Leverkusen,70,3,1,20,1,61-75,Left Center Back,DF,0.715,0.0,0.715,3,118,29,0.5231,0.1235,0.3996,-0.3154,Negative,2,2
3895107,Bundesliga 2023/2024,Bayer Leverkusen,70,3,1,20,2,61-75,Left Attacking Midfield,MF,0.715,0.0,0.715,3,118,29,0.5231,0.1235,0.3996,-0.3154,Negative,2,1
3895107,Bundesliga 2023/2024,FC Köln,74,-3,0,16,2,61-75,Left Defensive Midfield,MF,0.1177,0.7564,-0.6387,1,63,17,0.1162,0.4816,-0.3654,0.2733,Positive,2,1
3895107,Bundesliga 2023/2024,FC Köln,74,-3,0,16,3,61-75,Right Defensive Midfield,MF,0.1177,0.7564,-0.6387,1,63,17,0.1162,0.4816,-0.3654,0.2733,Positive,2,1
3895107,Bundesliga 2023/2024,Bayer Leverkusen,79,3,1,11,3,76-90+,Center Forward,FW,1.1336,0.1235,1.0101,4,81,35,0.075,0.1103,-0.0353,-1.0454,Negative,3,0
3895107,Bundesliga 2023/2024,Bayer Leverkusen,79,3,1,11,4,76-90+,Right Wing Back,FW,1.1336,0.1235,1.0101,4,81,35,0.075,0.1103,-0.0353,-1.0454,Negative,3,0
3895340,Bundesliga 2023/2024,Bochum,19,0,1,71,1,0-30,Right Midfield,MF,0.1239,0.0719,0.052,1,61,13,0.0,0.0971,-0.0971,-0.1491,Negative,0,1
3895340,Bundesliga 2023/2024,Bochum,45,-1,1,45,2,31-60,Left Center Back,DF,0.0,0.1869,-0.1869,0,41,20,0.0,1.1412,-1.1412,-0.9543,Negative,1,2
3895340,Bundesliga 2023/2024,Bochum,60,-2,1,30,3,31-60,Center Defensive Midfield,MF,0.0,1.1412,-1.1412,0,70,24,0.1902,0.5958,-0.4056,0.7356,Positive,1,1
3895340,Bundesliga 2023/2024,Bochum,60,-2,1,30,4,31-60,Center Forward,FW,0.0,1.1412,-1.1412,0,70,24,0.1902,0.5958,-0.4056,0.7356,Positive,1,0
3895340,Bundesliga 2023/2024,Bayer Leverkusen,63,2,0,27,1,61-75,Right Center Back,DF,0.3577,0.0387,0.319,4,89,18,1.027,0.1516,0.8754,0.5564,Positive,2,2
3895340,Bundesliga 2023/2024,Bayer Leverkusen,68,2,0,22,2,61-75,Left Wing,FW,0.3744,0.0387,0.3357,4,109,13,1.3964,0.1516,1.2448,0.9091,Positive,2,0
3895340,Bundesliga 2023/2024,Bayer Leverkusen,68,2,0,22,3,61-75,Center Forward,FW,0.3744,0.0387,0.3357,4,109,13,1.3964,0.1516,1.2448,0.9091,Positive,2,0
3895340,Bundesliga 2023/2024,Bayer Leverkusen,78,3,0,12,4,76-90+,Left Defensive Midfield,MF,1.027,0.1516,0.8754,8,101,15,1.7492,0.0,1.7492,0.8738,Positive,3,1
3895340,Bundesliga 2023/2024,Bayer Leverkusen,79,3,0,11,5,76-90+,Right Wing Back,FW,1.0019,0.1516,0.8503,7,99,15,1.7775,0.0,1.7775,0.9272,Positive,3,0
3895286,Bundesliga 2023/2024,Hoffenheim,56,1,0,34,1,31-60,Right Center Midfield,MF,0.0826,0.6294,-0.5468,2,54,30,0.0301,0.3242,-0.2941,0.2527,Positive,1,1
3895286,Bundesliga 2023/2024,Bayer Leverkusen,56,-1,1,34,1,31-60,Right Attacking Midfield,MF,0.6294,0.0826,0.5468,8,142,19,0.3242,0.0301,0.2941,-0.2527,Negative,1,1
3895286,Bundesliga 2023/2024,Hoffenheim,70,1,0,20,2,61-75,Left Center Forward,FW,0.0301,0.1834,-0.1533,1,35,23,0.0896,0.7148,-0.6252,-0.4719,Negative,2,0
3895286,Bundesliga 2023/2024,Hoffenheim,72,1,0,18,3,61-75,Right Center Midfield,MF,0.0301,0.3242,-0.2941,1,27,26,0.0896,0.7091,-0.6195,-0.3254,Negative,2,1
3895286,Bundesliga 2023/2024,Bayer Leverkusen,72,-1,1,18,2,61-75,Left Center Back,DF,0.3242,0.0301,0.2941,6,123,13,0.7091,0.0896,0.6195,0.3254,Positive,2,2
3895286,Bundesliga 2023/2024,Hoffenheim,77,1,0,13,4,76-90+,Right Center Forward,FW,0.0301,0.6668,-0.6367,1,23,23,0.0896,1.1637,-1.0741,-0.4374,Negative,3,0
3895286,Bundesliga 2023/2024,Bayer Leverkusen,85,-1,1,5,3,76-90+,Right Center Back,DF,0.7148,0.0896,0.6252,9,86,18,0.9546,0.0,0.9546,0.3294,Positive,3,2
3895286,Bundesliga 2023/2024,Bayer Leverkusen,85,-1,1,5,4,76-90+,Right Back,DF,0.7148,0.0896,0.6252,9,86,18,0.9546,0.0,0.9546,0.3294,Positive,3,2
3895302,Bundesliga 2023/2024,Bayer Leverkusen,45,1,1,45,1,31-60,Left Attacking Midfield,MF,0.2371,0.0,0.2371,3,101,40,0.0557,0.4241,-0.3684,-0.6055,Negative,1,1
3895302,Bundesliga 2023/2024,Bayer Leverkusen,61,2,1,29,2,61-75,Right Wing Back,FW,0.0557,0.0484,0.0073,2,128,47,0.401,0.0825,0.3185,0.3112,Positive,2,0
3895302,Bundesliga 2023/2024,Bayer Leverkusen,61,2,1,29,3,61-75,Center Forward,FW,0.0557,0.0484,0.0073,2,128,47,0.401,0.0825,0.3185,0.3112,Positive,2,0
3895302,Bundesliga 2023/2024,Werder Bremen,68,-3,0,22,1,61-75,Left Wing Back,FW,0.0,0.1739,-0.1739,0,74,41,0.0825,0.7895,-0.707,-0.5331,Negative,2,0
3895302,Bundesliga 2023/2024,Werder Bremen,68,-3,0,22,2,61-75,Right Center Forward,FW,0.0,0.1739,-0.1739,0,74,41,0.0825,0.7895,-0.707,-0.5331,Negative,2,0
3895302,Bundesliga 2023/2024,Bayer Leverkusen,75,3,1,15,4,61-75,Left Wing Back,FW,0.401,0.0825,0.3185,4,114,28,0.7968,0.0,0.7968,0.4783,Positive,2,0
3895302,Bundesliga 2023/2024,Werder Bremen,76,-3,0,14,3,76-90+,Right Center Midfield,MF,0.0825,0.401,-0.3185,2,62,35,0.0,0.7968,-0.7968,-0.4783,Negative,3,1
3895302,Bundesliga 2023/2024,Bayer Leverkusen,76,3,1,14,5,76-90+,Left Defensive Midfield,MF,0.401,0.0825,0.3185,4,123,28,0.7968,0.0,0.7968,0.4783,Positive,3,1
3895333,Bundesliga 2023/2024,Bayer Leverkusen,60,2,0,30,1,31-60,Left Wing Back,FW,0.7835,0.3556,0.4279,1,58,20,0.0,0.135,-0.135,-0.5629,Negative,1,0
3895333,Bundesliga 2023/2024,Bayer Leverkusen,60,2,0,30,2,31-60,Center Forward,FW,0.7835,0.3556,0.4279,1,58,20,0.0,0.135,-0.135,-0.5629,Negative,1,0
3895333,Bundesliga 2023/2024,Eintracht Frankfurt,69,-2,1,21,1,61-75,Left Back,DF,0.193,0.7835,-0.5905,4,82,21,0.1938,0.4785,-0.2847,0.3058,Positive,2,2
3895333,Bundesliga 2023/2024,Eintracht Frankfurt,69,-2,1,21,2,61-75,Left Defensive Midfield,MF,0.193,0.7835,-0.5905,4,82,21,0.1938,0.4785,-0.2847,0.3058,Positive,2,1
3895333,Bundesliga 2023/2024,Bayer Leverkusen,71,2,0,19,3,61-75,Right Defensive Midfield,MF,0.7835,0.203,0.5805,1,37,31,0.4785,0.2317,0.2468,-0.3337,Negative,2,1
3895333,Bundesliga 2023/2024,Bayer Leverkusen,71,2,0,19,4,61-75,Right Wing Back,FW,0.7835,0.203,0.5805,1,37,31,0.4785,0.2317,0.2468,-0.3337,Negative,2,0
3895333,Bundesliga 2023/2024,Eintracht Frankfurt,79,-3,1,11,3,76-90+,Left Attacking Midfield,MF,0.0968,0.4785,-0.3817,3,97,26,0.4086,0.7835,-0.3749,0.0068,Neutral,3,1
3895333,Bundesliga 2023/2024,Eintracht Frankfurt,79,-3,1,11,4,76-90+,Right Attacking Midfield,MF,0.0968,0.4785,-0.3817,3,97,26,0.4086,0.7835,-0.3749,0.0068,Neutral,3,1
3895333,Bundesliga 2023/2024,Eintracht Frankfurt,79,-3,1,11,5,76-90+,Right Center Forward,FW,0.0968,0.4785,-0.3817,3,97,26,0.4086,0.7835,-0.3749,0.0068,Neutral,3,0
3895333,Bundesliga 2023/2024,Bayer Leverkusen,82,3,0,8,5,76-90+,Right Defensive Midfield,MF,0.4785,0.136,0.3425,1,57,24,0.7835,0.3695,0.414,0.0715,Neutral,3,1
3895348,Bundesliga 2023/2024,Augsburg,40,-2,0,50,1,31-60,Center Defensive Midfield,MF,0.0896,0.3653,-0.2757,1,85,22,0.1274,0.2701,-0.1427,0.133,Positive,1,1
3895348,Bundesliga 2023/2024,Bayer Leverkusen,62,1,1,28,1,61-75,Left Attacking Midfield,MF,0.1583,0.2305,-0.0722,3,89,17,0.4718,0.0,0.4718,0.544,Positive,2,1
3895348,Bundesliga 2023/2024,Bayer Leverkusen,62,1,1,28,2,61-75,Center Forward,FW,0.1583,0.2305,-0.0722,3,89,17,0.4718,0.0,0.4718,0.544,Positive,2,0
3895348,Bundesliga 2023/2024,Bayer Leverkusen,68,1,1,22,3,61-75,Right Defensive Midfield,MF,0.2895,0.2305,0.059,3,79,23,0.2412,0.2414,-0.0002,-0.0592,Neutral,2,1
3895348,Bundesliga 2023/2024,Bayer Leverkusen,69,1,1,21,4,61-75,Left Wing Back,FW,0.3532,0.2305,0.1227,4,77,23,0.2075,0.2414,-0.0339,-0.1566,Negative,2,0
3895348,Bundesliga 2023/2024,Augsburg,73,-1,0,17,2,61-75,Left Center Forward,FW,0.1135,0.4718,-0.3583,2,75,18,0.3329,0.138,0.1949,0.5532,Positive,2,0
3895348,Bundesliga 2023/2024,Augsburg,73,-1,0,17,3,61-75,Center Attacking Midfield,MF,0.1135,0.4718,-0.3583,2,75,18,0.3329,0.138,0.1949,0.5532,Positive,2,1
3895348,Bundesliga 2023/2024,Bayer Leverkusen,81,1,1,9,5,76-90+,Right Wing Back,FW,0.2412,0.2414,-0.0002,4,95,19,0.2205,0.0915,0.129,0.1292,Positive,3,0
3895220,Bundesliga 2023/2024,Darmstadt 98,64,-2,1,26,1,61-75,Left Midfield,MF,0.0,0.2906,-0.2906,0,80,35,0.0132,0.3098,-0.2966,-0.006,Neutral,2,1
3895220,Bundesliga 2023/2024,Darmstadt 98,66,-2,1,24,2,61-75,Left Center Forward,FW,0.0,0.2404,-0.2404,0,65,33,0.0132,0.274,-0.2608,-0.0204,Neutral,2,0
3895220,Bundesliga 2023/2024,Darmstadt 98,66,-2,1,24,3,61-75,Left Defensive Midfield,MF,0.0,0.2404,-0.2404,0,65,33,0.0132,0.274,-0.2608,-0.0204,Neutral,2,1
3895220,Bundesliga 2023/2024,Bayer Leverkusen,75,2,0,15,1,61-75,Left Attacking Midfield,MF,0.2557,0.0,0.2557,5,154,14,0.0986,0.0132,0.0854,-0.1703,Negative,2,1
3895220,Bundesliga 2023/2024,Darmstadt 98,80,-2,1,10,4,76-90+,Left Center Back,DF,0.0132,0.2791,-0.2659,1,43,53,0.0,0.1762,-0.1762,0.0897,Neutral,3,2
3895220,Bundesliga 2023/2024,Darmstadt 98,80,-2,1,10,5,76-90+,Right Defensive Midfield,MF,0.0132,0.2791,-0.2659,1,43,53,0.0,0.1762,-0.1762,0.0897,Neutral,3,1
3895250,Bundesliga 2023/2024,Bayer Leverkusen,55,0,1,35,1,31-60,Right Attacking Midfield,MF,0.1445,0.6513,-0.5068,4,100,11,0.1037,0.0393,0.0644,0.5712,Positive,1,1
3895250,Bundesliga 2023/2024,FSV Mainz 05,58,0,0,32,1,31-60,Right Wing Back,FW,0.6513,0.0521,0.5992,3,49,29,0.0393,0.1037,-0.0644,-0.6636,Negative,1,0
3895250,Bundesliga 2023/2024,FSV Mainz 05,63,0,0,27,2,61-75,Right Attacking Midfield,MF,0.5213,0.1328,0.3885,2,36,32,0.0393,0.0063,0.033,-0.3555,Negative,2,1
3895250,Bundesliga 2023/2024,Bayer Leverkusen,82,1,1,8,2,76-90+,Right Attacking Midfield,MF,0.0063,0.0,0.0063,1,116,12,0.0291,0.0813,-0.0522,-0.0585,Neutral,3,1
3895250,Bundesliga 2023/2024,FSV Mainz 05,82,-1,0,8,3,76-90+,Center Forward,FW,0.0,0.0063,-0.0063,0,58,16,0.0813,0.0291,0.0522,0.0585,Neutral,3,0
3895250,Bundesliga 2023/2024,Bayer Leverkusen,82,1,1,8,3,76-90+,Right Wing Back,FW,0.0063,0.0,0.0063,1,116,12,0.0291,0.0813,-0.0522,-0.0585,Neutral,3,0
3895266,Bundesliga 2023/2024,Wolfsburg,31,0,0,59,1,31-60,Center Forward,FW,0.137,0.1896,-0.0526,2,66,3,0.0,0.9597,-0.9597,-0.9071,Negative,1,0
3895266,Bundesliga 2023/2024,Bayer Leverkusen,58,1,1,32,1,31-60,Left Back,DF,0.0251,0.0,0.0251,1,196,13,0.1122,0.0,0.1122,0.0871,Neutral,1,2
3895266,Bundesliga 2023/2024,Wolfsburg,61,-1,0,29,2,61-75,Center Forward,FW,0.0,0.0251,-0.0251,0,44,28,0.0,0.1582,-0.1582,-0.1331,Negative,2,0
3895266,Bundesliga 2023/2024,Wolfsburg,62,-1,0,28,3,61-75,Right Center Midfield,MF,0.0,0.0805,-0.0805,0,42,27,0.0,0.1028,-0.1028,-0.0223,Neutral,2,1
3895266,Bundesliga 2023/2024,Bayer Leverkusen,75,1,1,15,2,61-75,Right Wing,FW,0.1582,0.0,0.1582,5,169,20,0.4533,0.0,0.4533,0.2951,Positive,2,0
3895266,Bundesliga 2023/2024,Bayer Leverkusen,75,1,1,15,3,61-75,Center Forward,FW,0.1582,0.0,0.1582,5,169,20,0.4533,0.0,0.4533,0.2951,Positive,2,0
3895275,Bundesliga 2023/2024,Freiburg,60,-2,1,30,1,31-60,Left Wing,FW,0.0921,0.3249,-0.2328,1,49,17,0.0,0.361,-0.361,-0.1282,Negative,1,0
3895275,Bundesliga 2023/2024,Freiburg,60,-2,1,30,2,31-60,Center Back,DF,0.0921,0.3249,-0.2328,1,49,17,0.0,0.361,-0.361,-0.1282,Negative,1,2
3895275,Bundesliga 2023/2024,Freiburg,60,-2,1,30,3,31-60,Center Forward,FW,0.0921,0.3249,-0.2328,1,49,17,0.0,0.361,-0.361,-0.1282,Negative,1,0
3895275,Bundesliga 2023/2024,Freiburg,75,-2,1,15,4,61-75,Left Defensive Midfield,MF,0.0,0.361,-0.361,0,49,28,0.2314,0.5809,-0.3495,0.0115,Neutral,2,1
3895275,Bundesliga 2023/2024,Freiburg,75,-2,1,15,5,61-75,Right Wing,FW,0.0,0.361,-0.361,0,49,28,0.2314,0.5809,-0.3495,0.0115,Neutral,2,0
3895275,Bundesliga 2023/2024,Bayer Leverkusen,75,2,0,15,1,61-75,Center Forward,FW,0.361,0.0,0.361,3,110,18,0.5809,0.2314,0.3495,-0.0115,Neutral,2,0
3895275,Bundesliga 2023/2024,Bayer Leverkusen,82,1,0,8,2,76-90+,Right Wing Back,FW,0.7957,0.2314,0.5643,4,97,28,0.1462,0.1083,0.0379,-0.5264,Negative,3,0
3895275,Bundesliga 2023/2024,Bayer Leverkusen,82,1,0,8,3,76-90+,Right Attacking Midfield,MF,0.7957,0.2314,0.5643,4,97,28,0.1462,0.1083,0.0379,-0.5264,Negative,3,1
3895180,Bundesliga 2023/2024,Eintracht Frankfurt,63,-3,0,27,1,61-75,Center Back,DF,0.0,1.4639,-1.4639,0,69,23,0.0527,0.2025,-0.1498,1.3141,Positive,2,2
3895180,Bundesliga 2023/2024,Eintracht Frankfurt,63,-3,0,27,2,61-75,Left Defensive Midfield,MF,0.0,1.4639,-1.4639,0,69,23,0.0527,0.2025,-0.1498,1.3141,Positive,2,1
3895180,Bundesliga 2023/2024,Bayer Leverkusen,71,3,1,19,1,61-75,Center Forward,FW,0.3984,0.0527,0.3457,2,132,18,0.8729,0.0,0.8729,0.5272,Positive,2,0
3895180,Bundesliga 2023/2024,Eintracht Frankfurt,71,-3,0,19,3,61-75,Right Wing,FW,0.0527,0.3984,-0.3457,1,63,19,0.0,0.8729,-0.8729,-0.5272,Negative,2,0
3895180,Bundesliga 2023/2024,Eintracht Frankfurt,72,-3,0,18,4,61-75,Left Defensive Midfield,MF,0.0527,0.069,-0.0163,1,59,18,0.0,0.8729,-0.8729,-0.8566,Negative,2,1
3895180,Bundesliga 2023/2024,Bayer Leverkusen,82,3,1,8,2,76-90+,Left Defensive Midfield,MF,0.3966,0.0527,0.3439,5,100,27,0.7651,0.032,0.7331,0.3892,Positive,3,1
3895180,Bundesliga 2023/2024,Bayer Leverkusen,82,3,1,8,3,76-90+,Right Wing Back,FW,0.3966,0.0527,0.3439,5,100,27,0.7651,0.032,0.7331,0.3892,Positive,3,0
3895180,Bundesliga 2023/2024,Bayer Leverkusen,82,3,1,8,4,76-90+,Right Attacking Midfield,MF,0.3966,0.0527,0.3439,5,100,27,0.7651,0.032,0.7331,0.3892,Positive,3,1
3895180,Bundesliga 2023/2024,Eintracht Frankfurt,82,-3,0,8,5,76-90+,Center Forward,FW,0.0527,0.3966,-0.3439,1,95,41,0.032,0.7651,-0.7331,-0.3892,Negative,3,0
3895134,Bundesliga 2023/2024,Bayer Leverkusen,45,1,0,45,1,31-60,Right Center Back,DF,0.1489,0.0745,0.0744,2,143,26,0.0622,1.0377,-0.9755,-1.0499,Negative,1,2
3895134,Bundesliga 2023/2024,Hoffenheim,77,-1,1,13,1,76-90+,Right Wing Back,FW,0.3043,0.3868,-0.0825,2,71,24,0.0478,0.0844,-0.0366,0.0459,Neutral,3,0
3895134,Bundesliga 2023/2024,Hoffenheim,77,-1,1,13,2,76-90+,Right Center Midfield,MF,0.3043,0.3868,-0.0825,2,71,24,0.0478,0.0844,-0.0366,0.0459,Neutral,3,1
3895134,Bundesliga 2023/2024,Bayer Leverkusen,79,1,0,11,2,76-90+,Right Attacking Midfield,MF,0.3868,0.057,0.3298,3,88,21,0.0844,0.0478,0.0366,-0.2932,Negative,3,1
3895121,Bundesliga 2023/2024,Freiburg,66,-1,0,24,1,61-75,Left Center Back,DF,0.0215,0.3919,-0.3704,1,59,20,0.3957,0.1037,0.292,0.6624,Positive,2,2
3895121,Bundesliga 2023/2024,Freiburg,66,-1,0,24,2,61-75,Right Center Midfield,MF,0.0215,0.3919,-0.3704,1,59,20,0.3957,0.1037,0.292,0.6624,Positive,2,1
3895121,Bundesliga 2023/2024,Freiburg,80,0,0,10,3,76-90+,Left Midfield,MF,0.4171,0.4024,0.0147,5,56,16,0.1849,0.0,0.1849,0.1702,Positive,3,1
3895121,Bundesliga 2023/2024,Freiburg,80,0,0,10,4,76-90+,Left Center Midfield,MF,0.4171,0.4024,0.0147,5,56,16,0.1849,0.0,0.1849,0.1702,Positive,3,1
3895121,Bundesliga 2023/2024,Bayer Leverkusen,84,0,1,6,1,76-90+,Right Wing Back,FW,0.1037,0.4487,-0.345,2,94,18,0.0,0.1319,-0.1319,0.2131,Positive,3,0
3895121,Bundesliga 2023/2024,Bayer Leverkusen,84,0,1,6,2,76-90+,Right Attacking Midfield,MF,0.1037,0.4487,-0.345,2,94,18,0.0,0.1319,-0.1319,0.2131,Positive,3,1
3895074,Bundesliga 2023/2024,Bayer Leverkusen,45,0,0,45,1,31-60,Right Defensive Midfield,MF,0.273,0.4496,-0.1766,4,106,25,0.0034,0.8206,-0.8172,-0.6406,Negative,1,1
3895074,Bundesliga 2023/2024,Bayern Munich,60,0,1,30,1,31-60,Center Attacking Midfield,MF,0.8206,0.0034,0.8172,4,100,38,0.0515,0.0,0.0515,-0.7657,Negative,1,1
3895074,Bundesliga 2023/2024,Bayern Munich,60,0,1,30,2,31-60,Right Defensive Midfield,MF,0.8206,0.0034,0.8172,4,100,38,0.0515,0.0,0.0515,-0.7657,Negative,1,1
3895074,Bundesliga 2023/2024,Bayern Munich,69,0,1,21,3,61-75,Left Wing,FW,0.5395,0.0,0.5395,2,65,33,0.0,0.6547,-0.6547,-1.1942,Negative,2,0
3895074,Bundesliga 2023/2024,Bayer Leverkusen,81,0,0,9,2,76-90+,Right Midfield,MF,0.6547,0.0,0.6547,3,115,17,1.1478,0.2814,0.8664,0.2117,Positive,3,1
3895074,Bundesliga 2023/2024,Bayern Munich,84,0,1,6,4,76-90+,Center Forward,FW,0.0,0.6547,-0.6547,0,107,27,0.2814,1.1478,-0.8664,-0.2117,Negative,3,0
3895074,Bundesliga 2023/2024,Bayern Munich,84,0,1,6,5,76-90+,Left Defensive Midfield,MF,0.0,0.6547,-0.6547,0,107,27,0.2814,1.1478,-0.8664,-0.2117,Negative,3,1
3895139,Bundesliga 2023/2024,Union Berlin,23,-1,0,67,1,0-30,Center Back,DF,0.0,0.2435,-0.2435,0,59,33,0.0,0.5496,-0.5496,-0.3061,Negative,0,2
3895139,Bundesliga 2023/2024,Union Berlin,45,-1,0,45,2,31-60,Right Wing Back,FW,0.0217,0.1508,-0.1291,1,62,30,0.0172,0.3306,-0.3134,-0.1843,Negative,1,0
3895139,Bundesliga 2023/2024,Union Berlin,63,-2,0,27,3,61-75,Right Wing,FW,0.0172,0.373,-0.3558,1,58,49,0.0,0.4509,-0.4509,-0.0951,Neutral,2,0
3895139,Bundesliga 2023/2024,Union Berlin,77,-3,0,13,4,76-90+,Center Forward,FW,0.0,0.4509,-0.4509,0,41,42,0.0,0.1154,-0.1154,0.3355,Positive,3,0
3895139,Bundesliga 2023/2024,Union Berlin,77,-3,0,13,5,76-90+,Left Wing Back,FW,0.0,0.4509,-0.4509,0,41,42,0.0,0.1154,-0.1154,0.3355,Positive,3,0
3895139,Bundesliga 2023/2024,Bayer Leverkusen,79,3,1,11,1,76-90+,Right Wing Back,FW,0.4353,0.0,0.4353,4,143,19,0.1154,0.0,0.1154,-0.3199,Negative,3,0
3895139,Bundesliga 2023/2024,Bayer Leverkusen,79,3,1,11,2,76-90+,Right Attacking Midfield,MF,0.4353,0.0,0.4353,4,143,19,0.1154,0.0,0.1154,-0.3199,Negative,3,1
3895139,Bundesliga 2023/2024,Bayer Leverkusen,85,4,1,5,3,76-90+,Left Defensive Midfield,MF,0.5223,0.0,0.5223,5,90,19,0.0,0.0,0.0,-0.5223,Negative,3,1
3895139,Bundesliga 2023/2024,Bayer Leverkusen,85,4,1,5,4,76-90+,Left Attacking Midfield,MF,0.5223,0.0,0.5223,5,90,19,0.0,0.0,0.0,-0.5223,Negative,3,1
3895139,Bundesliga 2023/2024,Bayer Leverkusen,85,4,1,5,5,76-90+,Center Forward,FW,0.5223,0.0,0.5223,5,90,19,0.0,0.0,0.0,-0.5223,Negative,3,0
3895086,Bundesliga 2023/2024,FC Heidenheim,63,-1,0,27,1,61-75,Center Attacking Midfield,MF,0.0803,0.5265,-0.4462,1,38,50,0.0,0.9433,-0.9433,-0.4971,Negative,2,1
3895086,Bundesliga 2023/2024,FC Heidenheim,69,-1,0,21,2,61-75,Left Defensive Midfield,MF,0.0803,0.5265,-0.4462,1,45,41,0.0,1.0079,-1.0079,-0.5617,Negative,2,1
3895086,Bundesliga 2023/2024,Bayer Leverkusen,70,1,1,20,1,61-75,Left Attacking Midfield,MF,0.5265,0.0803,0.4462,3,137,14,1.0079,0.0,1.0079,0.5617,Positive,2,1
3895086,Bundesliga 2023/2024,Bayer Leverkusen,70,1,1,20,2,61-75,Right Defensive Midfield,MF,0.5265,0.0803,0.4462,3,137,14,1.0079,0.0,1.0079,0.5617,Positive,2,1
3895086,Bundesliga 2023/2024,Bayer Leverkusen,78,2,1,12,3,76-90+,Right Wing,FW,0.9433,0.0,0.9433,3,78,8,0.0647,0.0,0.0647,-0.8786,Negative,3,0
3895086,Bundesliga 2023/2024,FC Heidenheim,80,-2,0,10,3,76-90+,Center Forward,FW,0.0,0.9433,-0.9433,0,64,30,0.0,0.0647,-0.0647,0.8786,Positive,3,0
3895086,Bundesliga 2023/2024,FC Heidenheim,81,-2,0,9,4,76-90+,Left Wing,FW,0.0,0.9433,-0.9433,0,66,33,0.0,0.0647,-0.0647,0.8786,Positive,3,0
3895086,Bundesliga 2023/2024,FC Heidenheim,81,-2,0,9,5,76-90+,Right Wing,FW,0.0,0.9433,-0.9433,0,66,33,0.0,0.0647,-0.0647,0.8786,Positive,3,0
3895086,Bundesliga 2023/2024,Bayer Leverkusen,83,3,1,7,4,76-90+,Left Back,DF,1.0079,0.0,1.0079,4,52,9,0.0,0.0,0.0,-1.0079,Negative,3,2
3895086,Bundesliga 2023/2024,Bayer Leverkusen,84,3,1,6,5,76-90+,Center Forward,FW,1.0079,0.0,1.0079,4,52,13,0.0,0.0,0.0,-1.0079,Negative,3,0
3895309,Bundesliga 2023/2024,Borussia Dortmund,45,0,1,45,1,31-60,Left Back,DF,0.0795,0.1306,-0.0511,1,52,31,0.2564,0.04,0.2164,0.2675,Positive,1,2
3895309,Bundesliga 2023/2024,Borussia Dortmund,68,0,1,22,2,61-75,Left Midfield,MF,0.0221,0.7055,-0.6834,1,107,33,0.1643,0.0146,0.1497,0.8331,Positive,2,1
3895309,Bundesliga 2023/2024,Borussia Dortmund,68,0,1,22,3,61-75,Center Defensive Midfield,MF,0.0221,0.7055,-0.6834,1,107,33,0.1643,0.0146,0.1497,0.8331,Positive,2,1
3895309,Bundesliga 2023/2024,Bayer Leverkusen,69,0,0,21,1,61-75,Left Wing,FW,0.6738,0.0221,0.6517,2,75,25,0.0146,0.1643,-0.1497,-0.8014,Negative,2,0
3895309,Bundesliga 2023/2024,Borussia Dortmund,82,1,1,8,4,76-90+,Right Midfield,MF,0.1643,0.6801,-0.5158,1,70,34,0.0,0.1524,-0.1524,0.3634,Positive,3,1
3895309,Bundesliga 2023/2024,Borussia Dortmund,82,1,1,8,5,76-90+,Left Center Midfield,MF,0.1643,0.6801,-0.5158,1,70,34,0.0,0.1524,-0.1524,0.3634,Positive,3,1
3895309,Bundesliga 2023/2024,Bayer Leverkusen,83,-1,0,7,2,76-90+,Left Center Back,DF,0.0146,0.1643,-0.1497,1,64,19,0.1524,0.0,0.1524,0.3021,Positive,3,2
3895309,Bundesliga 2023/2024,Bayer Leverkusen,83,-1,0,7,3,76-90+,Center Forward,FW,0.0146,0.1643,-0.1497,1,64,19,0.1524,0.0,0.1524,0.3021,Positive,3,0
3895258,Bundesliga 2023/2024,Bayer Leverkusen,45,1,0,45,1,31-60,Right Wing Back,FW,0.7119,0.1424,0.5695,5,124,11,0.1343,0.3457,-0.2114,-0.7809,Negative,1,0
3895258,Bundesliga 2023/2024,Bayer Leverkusen,64,1,0,26,2,61-75,Right Attacking Midfield,MF,0.1343,0.2432,-0.1089,4,129,14,0.1631,0.0,0.1631,0.272,Positive,2,1
3895258,Bundesliga 2023/2024,FC Köln,64,-1,1,26,1,61-75,Center Forward,FW,0.2432,0.1343,0.1089,1,27,27,0.0,0.1631,-0.1631,-0.272,Negative,2,0
3895258,Bundesliga 2023/2024,Bayer Leverkusen,64,1,0,26,3,61-75,Center Forward,FW,0.1343,0.2432,-0.1089,4,129,14,0.1631,0.0,0.1631,0.272,Positive,2,0
3895258,Bundesliga 2023/2024,FC Köln,68,-1,1,22,2,61-75,Left Midfield,MF,0.0,0.1083,-0.1083,0,32,19,0.0,0.2118,-0.2118,-0.1035,Negative,2,1
3895258,Bundesliga 2023/2024,Bayer Leverkusen,78,2,0,12,4,76-90+,Left Center Back,DF,0.1631,0.0,0.1631,3,151,20,0.0888,0.0,0.0888,-0.0743,Neutral,3,2
3895258,Bundesliga 2023/2024,Bayer Leverkusen,81,2,0,9,5,76-90+,Right Defensive Midfield,MF,0.1631,0.0,0.1631,3,151,22,0.0888,0.0,0.0888,-0.0743,Neutral,3,1
3895258,Bundesliga 2023/2024,FC Köln,81,-2,1,9,3,76-90+,Center Forward,FW,0.0,0.1631,-0.1631,0,34,26,0.0,0.0888,-0.0888,0.0743,Neutral,3,0
3895258,Bundesliga 2023/2024,FC Köln,82,-2,1,8,4,76-90+,Right Midfield,MF,0.0,0.2118,-0.2118,0,32,27,0.0,0.0401,-0.0401,0.1717,Positive,3,1
3895258,Bundesliga 2023/2024,FC Köln,82,-2,1,8,5,76-90+,Right Defensive Midfield,MF,0.0,0.2118,-0.2118,0,32,27,0.0,0.0401,-0.0401,0.1717,Positive,3,1
3895244,Bundesliga 2023/2024,FC Heidenheim,45,0,1,45,1,31-60,Left Center Midfield,MF,0.0754,0.0232,0.0522,1,65,43,0.0653,0.4937,-0.4284,-0.4806,Negative,1,1
3895244,Bundesliga 2023/2024,FC Heidenheim,62,-1,1,28,2,61-75,Right Center Midfield,MF,0.0653,0.3214,-0.2561,2,67,56,0.0679,0.2878,-0.2199,0.0362,Neutral,2,1
3895244,Bundesliga 2023/2024,Bayer Leverkusen,72,1,0,18,1,61-75,Right Center Forward,FW,0.1122,0.1249,-0.0127,2,100,24,0.8864,0.2487,0.6377,0.6504,Positive,2,0
3895244,Bundesliga 2023/2024,FC Heidenheim,75,-1,1,15,3,61-75,Left Midfield,MF,0.0679,0.2122,-0.1443,1,75,48,0.2487,0.7864,-0.5377,-0.3934,Negative,2,1
3895244,Bundesliga 2023/2024,FC Heidenheim,75,-1,1,15,4,61-75,Right Midfield,MF,0.0679,0.2122,-0.1443,1,75,48,0.2487,0.7864,-0.5377,-0.3934,Negative,2,1
3895244,Bundesliga 2023/2024,FC Heidenheim,81,-2,1,9,5,76-90+,Left Center Back,DF,0.0679,0.9341,-0.8662,1,48,48,0.2487,0.0,0.2487,1.1149,Positive,3,2
3895232,Bundesliga 2023/2024,Bayern Munich,59,-2,0,31,1,31-60,Right Center Back,DF,0.2274,0.1657,0.0617,1,144,39,0.0683,0.0584,0.0099,-0.0518,Neutral,1,2
3895232,Bundesliga 2023/2024,Bayern Munich,59,-2,0,31,2,31-60,Right Defensive Midfield,MF,0.2274,0.1657,0.0617,1,144,39,0.0683,0.0584,0.0099,-0.0518,Neutral,1,1
3895232,Bundesliga 2023/2024,Bayer Leverkusen,64,2,1,26,1,61-75,Right Attacking Midfield,MF,0.1657,0.2274,-0.0617,2,82,26,0.0584,0.1009,-0.0425,0.0192,Neutral,2,1
3895232,Bundesliga 2023/2024,Bayern Munich,70,-2,0,20,3,61-75,Left Defensive Midfield,MF,0.0683,0.01,0.0583,2,111,25,0.1098,0.0584,0.0514,-0.0069,Neutral,2,1
3895232,Bundesliga 2023/2024,Bayern Munich,80,-2,0,10,4,76-90+,Left Midfield,MF,0.1009,0.0584,0.0425,3,123,24,0.0773,0.0549,0.0224,-0.0201,Neutral,3,1
3895232,Bundesliga 2023/2024,Bayern Munich,80,-2,0,10,5,76-90+,Right Back,DF,0.1009,0.0584,0.0425,3,123,24,0.0773,0.0549,0.0224,-0.0201,Neutral,3,2
3895232,Bundesliga 2023/2024,Bayer Leverkusen,82,2,1,8,2,76-90+,Left Attacking Midfield,MF,0.0584,0.1185,-0.0601,1,54,34,0.0549,0.0381,0.0168,0.0769,Neutral,3,1
3895210,Bundesliga 2023/2024,Borussia Mönchengladbach,61,0,0,29,1,61-75,Left Center Forward,FW,0.0,0.6327,-0.6327,0,44,48,0.0,0.123,-0.123,0.5097,Positive,2,0
3895210,Bundesliga 2023/2024,Bayer Leverkusen,66,0,1,24,1,61-75,Left Defensive Midfield,MF,0.6522,0.0,0.6522,6,173,23,0.1314,0.0,0.1314,-0.5208,Negative,2,1
3895210,Bundesliga 2023/2024,Borussia Mönchengladbach,69,0,0,21,2,61-75,Right Wing Back,FW,0.0,0.6069,-0.6069,0,54,50,0.0,0.1332,-0.1332,0.4737,Positive,2,0
3895210,Bundesliga 2023/2024,Borussia Mönchengladbach,78,0,0,12,3,76-90+,Left Center Forward,FW,0.0,0.123,-0.123,0,60,47,0.0,0.7299,-0.7299,-0.6069,Negative,3,0
3895210,Bundesliga 2023/2024,Borussia Mönchengladbach,78,0,0,12,4,76-90+,Left Center Midfield,MF,0.0,0.123,-0.123,0,60,47,0.0,0.7299,-0.7299,-0.6069,Negative,3,1
3895210,Bundesliga 2023/2024,Borussia Mönchengladbach,78,0,0,12,5,76-90+,Right Center Forward,FW,0.0,0.123,-0.123,0,60,47,0.0,0.7299,-0.7299,-0.6069,Negative,3,0
3895210,Bundesliga 2023/2024,Bayer Leverkusen,83,0,1,7,2,76-90+,Right Wing,FW,0.1314,0.0,0.1314,4,140,20,0.7974,0.0,0.7974,0.666,Positive,3,0
3895202,Bundesliga 2023/2024,Bayer Leverkusen,30,-1,0,60,1,0-30,Right Wing Back,FW,0.0457,0.0977,-0.052,1,115,24,0.0971,0.0413,0.0558,0.1078,Positive,0,0
3895202,Bundesliga 2023/2024,RB Leipzig,73,0,1,17,1,61-75,Right Center Forward,FW,0.0624,0.3057,-0.2433,1,33,21,0.0,0.2137,-0.2137,0.0296,Neutral,2,0
3895202,Bundesliga 2023/2024,RB Leipzig,74,0,1,16,2,61-75,Right Back,DF,0.0,0.3057,-0.3057,0,29,21,0.0,0.2137,-0.2137,0.092,Neutral,2,2
3895202,Bundesliga 2023/2024,RB Leipzig,74,0,1,16,3,61-75,Left Attacking Midfield,MF,0.0,0.3057,-0.3057,0,29,21,0.0,0.2137,-0.2137,0.092,Neutral,2,1
3895202,Bundesliga 2023/2024,RB Leipzig,74,0,1,16,4,61-75,Right Defensive Midfield,MF,0.0,0.3057,-0.3057,0,29,21,0.0,0.2137,-0.2137,0.092,Neutral,2,1
3895202,Bundesliga 2023/2024,RB Leipzig,83,0,1,7,5,76-90+,Left Attacking Midfield,MF,0.0,0.2202,-0.2202,0,26,23,0.1872,0.2439,-0.0567,0.1635,Positive,3,1
3895194,Bundesliga 2023/2024,Bayer Leverkusen,61,0,0,29,1,61-75,Left Attacking Midfield,MF,0.3129,0.1041,0.2088,6,129,27,0.477,0.0,0.477,0.2682,Positive,2,1
3895194,Bundesliga 2023/2024,Augsburg,61,0,1,29,1,61-75,Center Attacking Midfield,MF,0.1041,0.3129,-0.2088,1,43,24,0.0,0.477,-0.477,-0.2682,Negative,2,1
3895194,Bundesliga 2023/2024,Augsburg,79,0,1,11,2,76-90+,Right Center Midfield,MF,0.0,0.477,-0.477,0,45,45,0.0,0.2062,-0.2062,0.2708,Positive,3,1
3895194,Bundesliga 2023/2024,Augsburg,79,0,1,11,3,76-90+,Left Center Forward,FW,0.0,0.477,-0.477,0,45,45,0.0,0.2062,-0.2062,0.2708,Positive,3,0
3895194,Bundesliga 2023/2024,Augsburg,79,0,1,11,4,76-90+,Right Center Forward,FW,0.0,0.477,-0.477,0,45,45,0.0,0.2062,-0.2062,0.2708,Positive,3,0
3895182,Bundesliga 2023/2024,Bochum,45,-2,0,45,1,31-60,Right Wing,FW,0.0,1.2246,-1.2246,0,46,53,0.0421,0.2052,-0.1631,1.0615,Positive,1,0
3895182,Bundesliga 2023/2024,Bochum,62,-3,0,28,2,61-75,Center Forward,FW,0.0421,0.0566,-0.0145,1,44,57,0.0,0.4402,-0.4402,-0.4257,Negative,2,0
3895182,Bundesliga 2023/2024,Bochum,62,-3,0,28,3,61-75,Left Wing,FW,0.0421,0.0566,-0.0145,1,44,57,0.0,0.4402,-0.4402,-0.4257,Negative,2,0
3895182,Bundesliga 2023/2024,Bayer Leverkusen,66,3,1,24,1,61-75,Center Forward,FW,0.0566,0.0,0.0566,1,148,32,0.4402,0.0,0.4402,0.3836,Positive,2,0
3895182,Bundesliga 2023/2024,Bayer Leverkusen,66,3,1,24,2,61-75,Center Back,DF,0.0566,0.0,0.0566,1,148,32,0.4402,0.0,0.4402,0.3836,Positive,2,2
3895182,Bundesliga 2023/2024,Bochum,68,-3,0,22,4,61-75,Right Center Back,DF,0.0,0.0566,-0.0566,0,38,50,0.0,0.924,-0.924,-0.8674,Negative,2,2
3895182,Bundesliga 2023/2024,Bayer Leverkusen,72,4,1,18,3,61-75,Right Attacking Midfield,MF,0.4007,0.0,0.4007,2,148,19,0.5798,0.0,0.5798,0.1791,Positive,2,1
3895182,Bundesliga 2023/2024,Bayer Leverkusen,72,4,1,18,4,61-75,Left Center Back,DF,0.4007,0.0,0.4007,2,148,19,0.5798,0.0,0.5798,0.1791,Positive,2,2
3895167,Bundesliga 2023/2024,VfB Stuttgart,65,0,1,25,1,61-75,Right Midfield,MF,0.0151,0.2451,-0.23,1,89,27,0.0548,0.0448,0.01,0.24,Positive,2,1
3895167,Bundesliga 2023/2024,Bayer Leverkusen,65,0,0,25,1,61-75,Left Wing,FW,0.2451,0.0151,0.23,4,124,21,0.0448,0.0548,-0.01,-0.24,Negative,2,0
3895167,Bundesliga 2023/2024,Bayer Leverkusen,72,0,0,18,2,61-75,Center Forward,FW,0.0734,0.0548,0.0186,2,77,23,0.0448,0.0403,0.0045,-0.0141,Neutral,2,0
3895167,Bundesliga 2023/2024,VfB Stuttgart,75,0,1,15,2,61-75,Left Back,DF,0.0548,0.1182,-0.0634,1,106,21,0.0403,0.1709,-0.1306,-0.0672,Neutral,2,2
3895167,Bundesliga 2023/2024,VfB Stuttgart,76,0,1,14,3,76-90+,Left Midfield,MF,0.0548,0.0448,0.01,1,115,21,0.0403,0.1709,-0.1306,-0.1406,Negative,3,1
3895167,Bundesliga 2023/2024,Bayer Leverkusen,83,0,0,7,3,76-90+,Left Defensive Midfield,MF,0.0448,0.095,-0.0502,1,83,25,0.1862,0.0261,0.1601,0.2103,Positive,3,1
3895167,Bundesliga 2023/2024,VfB Stuttgart,84,0,1,6,4,76-90+,Right Center Forward,FW,0.095,0.0448,0.0502,2,84,34,0.0261,0.1862,-0.1601,-0.2103,Negative,3,0
3895167,Bundesliga 2023/2024,VfB Stuttgart,84,0,1,6,5,76-90+,Left Back,DF,0.095,0.0448,0.0502,2,84,34,0.0261,0.1862,-0.1601,-0.2103,Negative,3,2
3895153,Bundesliga 2023/2024,Werder Bremen,55,-1,1,35,1,31-60,Left Wing Back,FW,0.0,0.1902,-0.1902,0,93,30,0.0,0.1636,-0.1636,0.0266,Neutral,1,0
3895153,Bundesliga 2023/2024,Bayer Leverkusen,70,1,0,20,1,61-75,Center Forward,FW,0.1636,0.0,0.1636,2,90,25,0.103,0.1282,-0.0252,-0.1888,Negative,2,0
3895153,Bundesliga 2023/2024,Werder Bremen,71,-1,1,19,2,61-75,Right Center Forward,FW,0.0,0.0537,-0.0537,0,115,36,0.1282,0.103,0.0252,0.0789,Neutral,2,0
3895153,Bundesliga 2023/2024,Werder Bremen,71,-1,1,19,3,61-75,Right Center Midfield,MF,0.0,0.0537,-0.0537,0,115,36,0.1282,0.103,0.0252,0.0789,Neutral,2,1
3895153,Bundesliga 2023/2024,Bayer Leverkusen,80,2,0,10,2,76-90+,Right Attacking Midfield,MF,0.1054,0.0,0.1054,2,114,27,0.2094,0.1282,0.0812,-0.0242,Neutral,3,1
3895153,Bundesliga 2023/2024,Bayer Leverkusen,80,2,0,10,3,76-90+,Right Wing Back,FW,0.1054,0.0,0.1054,2,114,27,0.2094,0.1282,0.0812,-0.0242,Neutral,3,0
3895153,Bundesliga 2023/2024,Werder Bremen,82,-2,1,8,4,76-90+,Left Center Back,DF,0.0,0.1568,-0.1568,0,82,26,0.1282,0.158,-0.0298,0.127,Positive,3,2
3895153,Bundesliga 2023/2024,Werder Bremen,82,-2,1,8,5,76-90+,Right Defensive Midfield,MF,0.0,0.1568,-0.1568,0,82,26,0.1282,0.158,-0.0298,0.127,Positive,3,1
3895113,Bundesliga 2023/2024,Wolfsburg,45,0,1,45,1,31-60,Left Center Forward,FW,0.3948,0.1309,0.2639,5,64,17,0.0286,0.1915,-0.1629,-0.4268,Negative,1,0
3895113,Bundesliga 2023/2024,Bayer Leverkusen,59,0,0,31,1,31-60,Left Attacking Midfield,MF,0.1915,0.0286,0.1629,1,137,33,0.6344,0.129,0.5054,0.3425,Positive,1,1
3895113,Bundesliga 2023/2024,Wolfsburg,70,-1,1,20,2,61-75,Left Center Midfield,MF,0.1001,0.6344,-0.5343,2,57,31,0.1213,0.479,-0.3577,0.1766,Positive,2,1
3895113,Bundesliga 2023/2024,Wolfsburg,77,-1,1,13,3,76-90+,Right Center Midfield,MF,0.129,0.8254,-0.6964,3,49,31,0.0924,0.0862,0.0062,0.7026,Positive,3,1
3895113,Bundesliga 2023/2024,Wolfsburg,77,-1,1,13,4,76-90+,Right Center Back,DF,0.129,0.8254,-0.6964,3,49,31,0.0924,0.0862,0.0062,0.7026,Positive,3,2
3895095,Bundesliga 2023/2024,Bayer Leverkusen,62,1,0,28,1,61-75,Right Attacking Midfield,MF,0.0827,0.123,-0.0403,1,91,31,0.6128,0.0,0.6128,0.6531,Positive,2,1
3895095,Bundesliga 2023/2024,FSV Mainz 05,68,-2,1,22,1,61-75,Left Wing,FW,0.1126,0.2069,-0.0943,1,57,25,0.0872,0.5404,-0.4532,-0.3589,Negative,2,0
3895095,Bundesliga 2023/2024,FSV Mainz 05,68,-2,1,22,2,61-75,Right Wing Back,FW,0.1126,0.2069,-0.0943,1,57,25,0.0872,0.5404,-0.4532,-0.3589,Negative,2,0
3895095,Bundesliga 2023/2024,FSV Mainz 05,69,-2,1,21,3,61-75,Left Defensive Midfield,MF,0.0,0.2069,-0.2069,0,68,25,0.0872,0.5404,-0.4532,-0.2463,Negative,2,1
3895095,Bundesliga 2023/2024,FSV Mainz 05,74,-2,1,16,4,61-75,Right Wing,FW,0.0,0.1242,-0.1242,0,69,22,0.1411,0.5404,-0.3993,-0.2751,Negative,2,0
3895095,Bundesliga 2023/2024,Bayer Leverkusen,78,2,0,12,2,76-90+,Center Forward,FW,0.6128,0.0,0.6128,2,121,21,0.0518,0.1411,-0.0893,-0.7021,Negative,3,0
3895095,Bundesliga 2023/2024,Bayer Leverkusen,78,2,0,12,3,76-90+,Left Defensive Midfield,MF,0.6128,0.0,0.6128,2,121,21,0.0518,0.1411,-0.0893,-0.7021,Negative,3,1
3895095,Bundesliga 2023/2024,FSV Mainz 05,83,-2,1,7,5,76-90+,Left Center Forward,FW,0.0872,0.5404,-0.4532,2,88,16,0.0539,0.0,0.0539,0.5071,Positive,3,0
3895095,Bundesliga 2023/2024,Bayer Leverkusen,85,2,0,5,4,76-90+,Right Wing Back,FW,0.5404,0.0872,0.4532,3,106,18,0.0,0.0539,-0.0539,-0.5071,Negative,3,0
3895095,Bundesliga 2023/2024,Bayer Leverkusen,85,2,0,5,5,76-90+,Right Attacking Midfield,MF,0.5404,0.0872,0.4532,3,106,18,0.0,0.0539,-0.0539,-0.5071,Negative,3,1
3895067,Bundesliga 2023/2024,Darmstadt 98,25,0,0,65,1,0-30,Left Wing Back,FW,0.5429,0.5465,-0.0036,3,55,24,0.0,0.4015,-0.4015,-0.3979,Negative,0,0
3895067,Bundesliga 2023/2024,Darmstadt 98,58,-1,0,32,2,31-60,Left Center Back,DF,0.0,0.1303,-0.1303,0,46,38,0.0223,0.6178,-0.5955,-0.4652,Negative,1,2
3895067,Bundesliga 2023/2024,Darmstadt 98,58,-1,0,32,3,31-60,Left Center Forward,FW,0.0,0.1303,-0.1303,0,46,38,0.0223,0.6178,-0.5955,-0.4652,Negative,1,0
3895067,Bundesliga 2023/2024,Bayer Leverkusen,65,2,1,25,1,61-75,Left Defensive Midfield,MF,0.4876,0.0223,0.4653,2,120,16,0.1393,0.0139,0.1254,-0.3399,Negative,2,1
3895067,Bundesliga 2023/2024,Darmstadt 98,68,-3,0,22,4,61-75,Left Center Back,DF,0.0223,0.5441,-0.5218,1,37,19,0.0139,0.7148,-0.7009,-0.1791,Negative,2,2
3895067,Bundesliga 2023/2024,Darmstadt 98,68,-3,0,22,5,61-75,Right Midfield,MF,0.0223,0.5441,-0.5218,1,37,19,0.0139,0.7148,-0.7009,-0.1791,Negative,2,1
3895067,Bundesliga 2023/2024,Bayer Leverkusen,70,3,1,20,2,61-75,Right Wing Back,FW,0.5441,0.0223,0.5218,3,88,14,0.7148,0.0139,0.7009,0.1791,Positive,2,0
3895067,Bundesliga 2023/2024,Bayer Leverkusen,71,3,1,19,3,61-75,Center Back,DF,0.5441,0.0223,0.5218,3,100,14,0.7148,0.0139,0.7009,0.1791,Positive,2,2
3895067,Bundesliga 2023/2024,Bayer Leverkusen,79,3,1,11,4,76-90+,Left Wing,FW,0.1393,0.0139,0.1254,3,108,16,1.3682,0.0,1.3682,1.2428,Positive,3,0
3895067,Bundesliga 2023/2024,Bayer Leverkusen,79,3,1,11,5,76-90+,Right Defensive Midfield,MF,0.1393,0.0139,0.1254,3,108,16,1.3682,0.0,1.3682,1.2428,Positive,3,1
3895060,Bundesliga 2023/2024,Borussia Mönchengladbach,66,-3,1,24,1,61-75,Left Defensive Midfield,MF,0.1476,0.5936,-0.446,3,122,18,0.2306,0.1017,0.1289,0.5749,Positive,2,1
3895060,Bundesliga 2023/2024,Borussia Mönchengladbach,66,-3,1,24,2,61-75,Left Wing,FW,0.1476,0.5936,-0.446,3,122,18,0.2306,0.1017,0.1289,0.5749,Positive,2,0
3895060,Bundesliga 2023/2024,Bayer Leverkusen,68,3,0,22,1,61-75,Right Wing Back,FW,0.1424,0.2406,-0.0982,3,77,13,0.1017,0.1376,-0.0359,0.0623,Neutral,2,0
3895060,Bundesliga 2023/2024,Bayer Leverkusen,69,3,0,21,2,61-75,Right Defensive Midfield,MF,0.1424,0.2406,-0.0982,3,77,15,0.4182,0.1376,0.2806,0.3788,Positive,2,1
3895060,Bundesliga 2023/2024,Borussia Mönchengladbach,78,-3,1,12,3,76-90+,Center Forward,FW,0.2926,0.1017,0.1909,4,78,23,0.037,0.3461,-0.3091,-0.5,Negative,3,0
3895060,Bundesliga 2023/2024,Borussia Mönchengladbach,78,-3,1,12,4,76-90+,Right Wing,FW,0.2926,0.1017,0.1909,4,78,23,0.037,0.3461,-0.3091,-0.5,Negative,3,0
3895060,Bundesliga 2023/2024,Bayer Leverkusen,80,3,0,10,3,76-90+,Right Center Back,DF,0.1017,0.2306,-0.1289,1,111,21,0.3461,0.037,0.3091,0.438,Positive,3,2
3895060,Bundesliga 2023/2024,Bayer Leverkusen,80,3,0,10,4,76-90+,Right Wing,FW,0.1017,0.2306,-0.1289,1,111,21,0.3461,0.037,0.3091,0.438,Positive,3,0
3895052,Bundesliga 2023/2024,RB Leipzig,61,-1,0,29,1,61-75,Right Midfield,MF,0.0492,0.3481,-0.2989,1,108,33,0.994,0.1444,0.8496,1.1485,Positive,2,1
3895052,Bundesliga 2023/2024,RB Leipzig,61,-1,0,29,2,61-75,Right Defensive Midfield,MF,0.0492,0.3481,-0.2989,1,108,33,0.994,0.1444,0.8496,1.1485,Positive,2,1
3895052,Bundesliga 2023/2024,RB Leipzig,61,-1,0,29,3,61-75,Left Midfield,MF,0.0492,0.3481,-0.2989,1,108,33,0.994,0.1444,0.8496,1.1485,Positive,2,1
3895052,Bundesliga 2023/2024,Bayer Leverkusen,74,1,1,16,1,61-75,Left Wing,FW,0.1444,0.994,-0.8496,1,43,12,0.0387,0.3651,-0.3264,0.5232,Positive,2,0
3895052,Bundesliga 2023/2024,RB Leipzig,74,-1,0,16,4,61-75,Center Forward,FW,0.994,0.1444,0.8496,3,56,19,0.3651,0.0387,0.3264,-0.5232,Negative,2,0
3895052,Bundesliga 2023/2024,Bayer Leverkusen,77,1,1,13,2,76-90+,Right Wing Back,FW,0.1444,0.994,-0.8496,1,26,10,0.0387,0.3754,-0.3367,0.5129,Positive,3,0
3895052,Bundesliga 2023/2024,RB Leipzig,83,-1,0,7,5,76-90+,Left Defensive Midfield,MF,1.0625,0.0,1.0625,4,91,25,0.3069,0.0629,0.244,-0.8185,Negative,3,1
3773386,La Liga 2020/2021,Deportivo Alavés,40,1,1,50,1,31-60,Right Back,DF,0.9762,0.2031,0.7731,1,30,42,0.0178,0.378,-0.3602,-1.1333,Negative,1,2
3773386,La Liga 2020/2021,Barcelona,45,-1,0,45,1,31-60,Left Center Back,DF,0.2981,0.994,-0.6959,2,111,8,0.3275,0.0,0.3275,1.0234,Positive,1,2
3773386,La Liga 2020/2021,Barcelona,45,-1,0,45,2,31-60,Right Defensive Midfield,MF,0.2981,0.994,-0.6959,2,111,8,0.3275,0.0,0.3275,1.0234,Positive,1,1
3773386,La Liga 2020/2021,Barcelona,45,-1,0,45,3,31-60,Right Wing,FW,0.2981,0.994,-0.6959,2,111,8,0.3275,0.0,0.3275,1.0234,Positive,1,0
3773386,La Liga 2020/2021,Deportivo Alavés,56,1,1,34,2,31-60,Center Forward,FW,0.0178,0.378,-0.3602,1,44,37,0.0382,0.4627,-0.4245,-0.0643,Neutral,1,0
3773386,La Liga 2020/2021,Deportivo Alavés,56,1,1,34,3,31-60,Right Midfield,MF,0.0178,0.378,-0.3602,1,44,37,0.0382,0.4627,-0.4245,-0.0643,Neutral,1,1
3773386,La Liga 2020/2021,Barcelona,68,0,0,22,4,61-75,Left Back,DF,0.5481,0.0,0.5481,5,116,16,0.1617,0.0382,0.1235,-0.4246,Negative,2,2
3773386,La Liga 2020/2021,Deportivo Alavés,71,0,1,19,4,61-75,Right Center Midfield,MF,0.0382,0.4627,-0.4245,1,34,24,0.0,0.1834,-0.1834,0.2411,Positive,2,1
3773386,La Liga 2020/2021,Deportivo Alavés,71,0,1,19,5,61-75,Left Midfield,MF,0.0382,0.4627,-0.4245,1,34,24,0.0,0.1834,-0.1834,0.2411,Positive,2,1
3773386,La Liga 2020/2021,Barcelona,77,0,0,13,5,76-90+,Left Wing,FW,0.4696,0.0382,0.4314,4,139,11,0.502,0.0,0.502,0.0706,Neutral,3,0
3773565,La Liga 2020/2021,Granada,45,-3,1,45,1,31-60,Left Back,DF,0.0245,0.2161,-0.1916,1,44,17,0.2589,0.1241,0.1348,0.3264,Positive,1,2
3773565,La Liga 2020/2021,Granada,45,-3,1,45,2,31-60,Center Attacking Midfield,MF,0.0245,0.2161,-0.1916,1,44,17,0.2589,0.1241,0.1348,0.3264,Positive,1,1
3773565,La Liga 2020/2021,Granada,45,-3,1,45,3,31-60,Center Forward,FW,0.0245,0.2161,-0.1916,1,44,17,0.2589,0.1241,0.1348,0.3264,Positive,1,0
3773565,La Liga 2020/2021,Granada,63,-4,1,27,4,61-75,Left Wing,FW,0.2589,0.1767,0.0822,2,67,22,0.0,0.1596,-0.1596,-0.2418,Negative,2,0
3773565,La Liga 2020/2021,Barcelona,64,4,0,26,1,61-75,Center Forward,FW,0.1767,0.2589,-0.0822,2,186,14,0.1596,0.0,0.1596,0.2418,Positive,2,0
3773565,La Liga 2020/2021,Barcelona,64,4,0,26,2,61-75,Right Center Midfield,MF,0.1767,0.2589,-0.0822,2,186,14,0.1596,0.0,0.1596,0.2418,Positive,2,1
3773565,La Liga 2020/2021,Granada,66,-4,1,24,5,61-75,Right Center Midfield,MF,0.163,0.1767,-0.0137,1,52,24,0.0117,0.2818,-0.2701,-0.2564,Negative,2,1
3773565,La Liga 2020/2021,Barcelona,71,4,0,19,3,61-75,Left Center Midfield,MF,0.1527,0.163,-0.0103,2,168,13,0.1817,0.0403,0.1414,0.1517,Positive,2,1
3773565,La Liga 2020/2021,Barcelona,72,4,0,18,4,61-75,Right Wing,FW,0.1527,0.163,-0.0103,2,171,13,0.1817,0.0403,0.1414,0.1517,Positive,2,0
3773565,La Liga 2020/2021,Barcelona,80,4,0,10,5,76-90+,Right Back,DF,0.2818,0.0,0.2818,4,146,9,0.2236,0.0403,0.1833,-0.0985,Neutral,3,2
3773457,La Liga 2020/2021,Barcelona,45,0,1,45,1,31-60,Left Center Midfield,MF,0.0769,0.0514,0.0255,2,111,39,0.0297,0.0,0.0297,0.0042,Neutral,1,1
3773457,La Liga 2020/2021,Barcelona,63,0,1,27,2,61-75,Center Back,DF,0.6306,0.0,0.6306,3,128,26,0.1521,0.0774,0.0747,-0.5559,Negative,2,2
3773457,La Liga 2020/2021,Celta Vigo,68,0,0,22,1,61-75,Left Midfield,MF,0.0,0.767,-0.767,0,86,33,0.0774,0.1065,-0.0291,0.7379,Positive,2,1
3773457,La Liga 2020/2021,Barcelona,69,0,1,21,3,61-75,Right Center Forward,FW,0.7374,0.0,0.7374,3,115,28,0.1065,0.0774,0.0291,-0.7083,Negative,2,0
3773457,La Liga 2020/2021,Barcelona,69,0,1,21,4,61-75,Right Wing Back,FW,0.7374,0.0,0.7374,3,115,28,0.1065,0.0774,0.0291,-0.7083,Negative,2,0
3773457,La Liga 2020/2021,Celta Vigo,77,0,0,13,2,76-90+,Right Center Forward,FW,0.0774,0.1889,-0.1115,1,67,43,0.6009,0.4637,0.1372,0.2487,Positive,3,0
3773457,La Liga 2020/2021,Barcelona,85,0,1,5,5,76-90+,Right Center Midfield,MF,0.1798,0.0774,0.1024,3,105,21,0.3787,0.6009,-0.2222,-0.3246,Negative,3,1
3773631,La Liga 2020/2021,Barcelona,11,0,0,79,1,0-30,Right Center Back,DF,0.0,0.1022,-0.1022,0,79,13,0.0696,0.1274,-0.0578,0.0444,Neutral,0,2
3773631,La Liga 2020/2021,Barcelona,45,-1,0,45,2,31-60,Left Wing,FW,0.0,0.441,-0.441,0,150,16,0.3836,0.3705,0.0131,0.4541,Positive,1,0
3773631,La Liga 2020/2021,Barcelona,56,-1,0,34,3,31-60,Left Center Midfield,MF,0.2912,0.3705,-0.0793,4,151,31,0.3414,0.0267,0.3147,0.394,Positive,1,1
3773631,La Liga 2020/2021,Barcelona,56,-1,0,34,4,31-60,Right Center Midfield,MF,0.2912,0.3705,-0.0793,4,151,31,0.3414,0.0267,0.3147,0.394,Positive,1,1
3773631,La Liga 2020/2021,Real Betis,64,0,1,26,1,61-75,Right Wing,FW,0.3971,0.2405,0.1566,2,55,24,0.1947,0.3131,-0.1184,-0.275,Negative,2,0
3773631,La Liga 2020/2021,Real Betis,74,0,1,16,2,61-75,Right Defensive Midfield,MF,0.0267,0.2489,-0.2222,1,57,31,0.3274,0.1157,0.2117,0.4339,Positive,2,1
3773631,La Liga 2020/2021,Real Betis,74,0,1,16,3,61-75,Left Wing,FW,0.0267,0.2489,-0.2222,1,57,31,0.3274,0.1157,0.2117,0.4339,Positive,2,0
3773631,La Liga 2020/2021,Barcelona,76,-1,0,14,5,76-90+,Right Defensive Midfield,MF,0.2489,0.2214,0.0275,2,105,28,0.1157,0.1327,-0.017,-0.0445,Neutral,3,1
3773631,La Liga 2020/2021,Real Betis,81,1,1,9,4,76-90+,Center Forward,FW,0.1947,0.0642,0.1305,1,66,26,0.1327,0.0515,0.0812,-0.0493,Neutral,3,0
3773631,La Liga 2020/2021,Real Betis,81,1,1,9,5,76-90+,Center Attacking Midfield,MF,0.1947,0.0642,0.1305,1,66,26,0.1327,0.0515,0.0812,-0.0493,Neutral,3,1
3773665,La Liga 2020/2021,Barcelona,45,1,0,45,1,31-60,Left Center Back,DF,0.0646,0.3256,-0.261,2,167,27,0.1227,0.0,0.1227,0.3837,Positive,1,2
3773665,La Liga 2020/2021,Osasuna,61,-1,1,29,1,61-75,Left Center Forward,FW,0.0,0.2769,-0.2769,0,75,31,0.1791,0.0,0.1791,0.456,Positive,2,0
3773665,La Liga 2020/2021,Barcelona,66,1,0,24,2,61-75,Left Wing,FW,0.1999,0.0,0.1999,2,84,21,0.2079,0.1791,0.0288,-0.1711,Negative,2,0
3773665,La Liga 2020/2021,Barcelona,66,1,0,24,3,61-75,Center Defensive Midfield,MF,0.1999,0.0,0.1999,2,84,21,0.2079,0.1791,0.0288,-0.1711,Negative,2,1
3773665,La Liga 2020/2021,Osasuna,70,-1,1,20,2,61-75,Right Center Forward,FW,0.1791,0.1999,-0.0208,1,57,18,0.0721,0.4449,-0.3728,-0.352,Negative,2,0
3773665,La Liga 2020/2021,Osasuna,70,-1,1,20,3,61-75,Left Midfield,MF,0.1791,0.1999,-0.0208,1,57,18,0.0721,0.4449,-0.3728,-0.352,Negative,2,1
3773665,La Liga 2020/2021,Osasuna,83,-2,1,7,4,76-90+,Right Defensive Midfield,MF,0.1791,0.4449,-0.2658,1,61,36,0.2913,0.0,0.2913,0.5571,Positive,3,1
3773665,La Liga 2020/2021,Osasuna,83,-2,1,7,5,76-90+,Right Midfield,MF,0.1791,0.4449,-0.2658,1,61,36,0.2913,0.0,0.2913,0.5571,Positive,3,1
3773497,La Liga 2020/2021,Real Madrid,42,2,1,48,1,31-60,Right Back,DF,0.4813,0.0877,0.3936,5,52,37,0.1449,0.2172,-0.0723,-0.4659,Negative,1,2
3773497,La Liga 2020/2021,Barcelona,45,-2,0,45,1,31-60,Right Wing Back,FW,0.1034,0.4123,-0.3089,3,135,24,0.5213,0.1449,0.3764,0.6853,Positive,1,0
3773497,La Liga 2020/2021,Real Madrid,60,1,1,30,2,31-60,Right Midfield,MF,0.1449,0.5213,-0.3764,2,80,38,0.166,0.2013,-0.0353,0.3411,Positive,1,1
3773497,La Liga 2020/2021,Barcelona,63,-1,0,27,2,61-75,Center Defensive Midfield,MF,0.3197,0.1449,0.1748,1,129,23,0.2013,0.3685,-0.1672,-0.342,Negative,2,1
3773497,La Liga 2020/2021,Barcelona,71,-1,0,19,3,61-75,Center Back,DF,0.4572,0.2706,0.1866,4,100,14,0.0639,0.2517,-0.1878,-0.3744,Negative,2,2
3773497,La Liga 2020/2021,Real Madrid,71,1,1,19,3,61-75,Center Forward,FW,0.2706,0.4572,-0.1866,2,44,26,0.2517,0.0639,0.1878,0.3744,Positive,2,0
3773497,La Liga 2020/2021,Real Madrid,71,1,1,19,4,61-75,Left Center Midfield,MF,0.2706,0.4572,-0.1866,2,44,26,0.2517,0.0639,0.1878,0.3744,Positive,2,1
3773497,La Liga 2020/2021,Real Madrid,71,1,1,19,5,61-75,Left Midfield,MF,0.2706,0.4572,-0.1866,2,44,26,0.2517,0.0639,0.1878,0.3744,Positive,2,1
3773497,La Liga 2020/2021,Barcelona,80,-1,0,10,4,76-90+,Right Wing Back,FW,0.1556,0.3685,-0.2129,3,70,10,0.3393,0.0491,0.2902,0.5031,Positive,3,0
3773497,La Liga 2020/2021,Barcelona,80,-1,0,10,5,76-90+,Left Center Midfield,MF,0.1556,0.3685,-0.2129,3,70,10,0.3393,0.0491,0.2902,0.5031,Positive,3,1
3773660,La Liga 2020/2021,Barcelona,57,0,1,33,1,31-60,Right Center Midfield,MF,0.2428,0.0,0.2428,6,116,15,0.3153,0.0,0.3153,0.0725,Neutral,1,1
3773660,La Liga 2020/2021,Levante UD,66,0,0,24,1,61-75,Right Back,DF,0.0,0.2761,-0.2761,0,49,24,0.0,0.6054,-0.6054,-0.3293,Negative,2,2
3773660,La Liga 2020/2021,Levante UD,66,0,0,24,2,61-75,Left Center Forward,FW,0.0,0.2761,-0.2761,0,49,24,0.0,0.6054,-0.6054,-0.3293,Negative,2,0
3773660,La Liga 2020/2021,Levante UD,67,0,0,23,3,61-75,Right Defensive Midfield,MF,0.0,0.2325,-0.2325,0,46,22,0.0,0.6054,-0.6054,-0.3729,Negative,2,1
3773660,La Liga 2020/2021,Barcelona,69,0,1,21,2,61-75,Left Wing,FW,0.1786,0.0,0.1786,4,115,8,0.6054,0.0,0.6054,0.4268,Positive,2,0
3773660,La Liga 2020/2021,Levante UD,81,-1,0,9,4,76-90+,Left Midfield,MF,0.0,0.6054,-0.6054,0,38,36,0.0644,0.0,0.0644,0.6698,Positive,3,1
3773660,La Liga 2020/2021,Levante UD,81,-1,0,9,5,76-90+,Right Midfield,MF,0.0,0.6054,-0.6054,0,38,36,0.0644,0.0,0.0644,0.6698,Positive,3,1
3773593,La Liga 2020/2021,Villarreal,45,-3,0,45,1,31-60,Left Center Forward,FW,0.1112,0.9665,-0.8553,2,70,21,0.0346,0.1538,-0.1192,0.7361,Positive,1,0
3773593,La Liga 2020/2021,Villarreal,45,-3,0,45,2,31-60,Left Center Midfield,MF,0.1112,0.9665,-0.8553,2,70,21,0.0346,0.1538,-0.1192,0.7361,Positive,1,1
3773593,La Liga 2020/2021,Barcelona,69,3,1,21,1,61-75,Left Wing,FW,0.161,0.0346,0.1264,2,129,18,0.4535,0.0111,0.4424,0.316,Positive,2,0
3773593,La Liga 2020/2021,Barcelona,69,3,1,21,2,61-75,Center Attacking Midfield,MF,0.161,0.0346,0.1264,2,129,18,0.4535,0.0111,0.4424,0.316,Positive,2,1
3773593,La Liga 2020/2021,Villarreal,73,-3,0,17,3,61-75,Right Wing,FW,0.0,0.4408,-0.4408,0,87,18,0.0111,0.234,-0.2229,0.2179,Positive,2,0
3773593,La Liga 2020/2021,Barcelona,77,3,1,13,3,76-90+,Right Wing,FW,0.4408,0.0,0.4408,2,105,17,0.2934,0.0367,0.2567,-0.1841,Negative,3,0
3773593,La Liga 2020/2021,Barcelona,77,3,1,13,4,76-90+,Right Defensive Midfield,MF,0.4408,0.0,0.4408,2,105,17,0.2934,0.0367,0.2567,-0.1841,Negative,3,1
3773593,La Liga 2020/2021,Villarreal,83,-3,0,7,4,76-90+,Right Center Back,DF,0.0111,0.4535,-0.4424,1,109,18,0.0256,0.2259,-0.2003,0.2421,Positive,3,2
3773593,La Liga 2020/2021,Villarreal,83,-3,0,7,5,76-90+,Center Forward,FW,0.0111,0.4535,-0.4424,1,109,18,0.0256,0.2259,-0.2003,0.2421,Positive,3,0
3773466,La Liga 2020/2021,Celta Vigo,31,-1,1,59,1,31-60,Left Wing Back,FW,0.0576,0.0,0.0576,2,71,24,0.0,0.0,0.0,-0.0576,Neutral,1,0
3773466,La Liga 2020/2021,Barcelona,45,1,0,45,1,31-60,Right Wing,FW,0.0,0.0,0.0,0,109,19,0.1781,0.0722,0.1059,0.1059,Positive,1,0
3773466,La Liga 2020/2021,Celta Vigo,45,-1,1,45,2,31-60,Right Center Back,DF,0.0,0.0,0.0,0,61,29,0.0722,0.1781,-0.1059,-0.1059,Negative,1,2
3773466,La Liga 2020/2021,Celta Vigo,59,-1,1,31,3,31-60,Right Wing Back,FW,0.0722,0.0496,0.0226,1,71,34,0.1708,0.1701,0.0007,-0.0219,Neutral,1,0
3773466,La Liga 2020/2021,Celta Vigo,59,-1,1,31,4,31-60,Right Center Forward,FW,0.0722,0.0496,0.0226,1,71,34,0.1708,0.1701,0.0007,-0.0219,Neutral,1,0
3773466,La Liga 2020/2021,Barcelona,71,1,0,19,2,61-75,Center Attacking Midfield,MF,0.2198,0.0,0.2198,3,48,10,0.0,0.2403,-0.2403,-0.4601,Negative,2,1
3773466,La Liga 2020/2021,Barcelona,71,1,0,19,3,61-75,Left Wing,FW,0.2198,0.0,0.2198,3,48,10,0.0,0.2403,-0.2403,-0.4601,Negative,2,0
3773466,La Liga 2020/2021,Celta Vigo,74,-1,1,16,5,61-75,Right Defensive Midfield,MF,0.1708,0.1701,0.0007,3,54,18,0.1656,0.0,0.1656,0.1649,Positive,2,1
3773585,La Liga 2020/2021,Real Madrid,42,0,0,48,1,31-60,Right Back,DF,0.0295,0.0,0.0295,1,125,25,0.1611,0.1211,0.04,0.0105,Neutral,1,2
3773585,La Liga 2020/2021,Real Madrid,68,1,0,22,2,61-75,Right Center Midfield,MF,0.8452,0.1332,0.712,2,68,19,0.0,0.1482,-0.1482,-0.8602,Negative,2,1
3773585,La Liga 2020/2021,Barcelona,80,-1,1,10,1,76-90+,Right Center Forward,FW,0.1939,0.0,0.1939,3,115,13,0.0,0.9889,-0.9889,-1.1828,Negative,3,0
3773585,La Liga 2020/2021,Barcelona,80,-1,1,10,2,76-90+,Right Midfield,MF,0.1939,0.0,0.1939,3,115,13,0.0,0.9889,-0.9889,-1.1828,Negative,3,1
3773585,La Liga 2020/2021,Real Madrid,81,1,0,9,3,76-90+,Right Wing,FW,0.0,0.1939,-0.1939,0,61,36,0.9889,0.0,0.9889,1.1828,Positive,3,0
3773585,La Liga 2020/2021,Barcelona,81,-1,1,9,3,76-90+,Right Defensive Midfield,MF,0.1939,0.0,0.1939,3,101,13,0.0,0.9889,-0.9889,-1.1828,Negative,3,1
3773552,La Liga 2020/2021,Huesca,64,-1,1,26,1,61-75,Center Defensive Midfield,MF,0.2811,0.1941,0.087,1,73,23,0.0229,0.4896,-0.4667,-0.5537,Negative,2,1
3773552,La Liga 2020/2021,Huesca,71,-1,1,19,2,61-75,Right Back,DF,0.2811,0.2744,0.0067,1,76,27,0.0553,0.334,-0.2787,-0.2854,Negative,2,2
3773552,La Liga 2020/2021,Huesca,71,-1,1,19,3,61-75,Right Wing,FW,0.2811,0.2744,0.0067,1,76,27,0.0553,0.334,-0.2787,-0.2854,Negative,2,0
3773552,La Liga 2020/2021,Huesca,71,-1,1,19,4,61-75,Left Center Midfield,MF,0.2811,0.2744,0.0067,1,76,27,0.0553,0.334,-0.2787,-0.2854,Negative,2,1
3773552,La Liga 2020/2021,Barcelona,74,1,0,16,1,61-75,Right Back,DF,0.2164,0.304,-0.0876,3,152,21,0.334,0.0837,0.2503,0.3379,Positive,2,2
3773552,La Liga 2020/2021,Barcelona,74,1,0,16,2,61-75,Center Defensive Midfield,MF,0.2164,0.304,-0.0876,3,152,21,0.334,0.0837,0.2503,0.3379,Positive,2,1
3773552,La Liga 2020/2021,Barcelona,80,1,0,10,3,76-90+,Center Forward,FW,0.4896,0.0229,0.4667,4,173,16,0.0,0.0837,-0.0837,-0.5504,Negative,3,0
3773672,La Liga 2020/2021,Barcelona,60,0,1,30,1,31-60,Right Wing,FW,0.0,0.0153,-0.0153,0,138,7,0.0,0.3703,-0.3703,-0.355,Negative,1,0
3773672,La Liga 2020/2021,Barcelona,60,0,1,30,2,31-60,Left Wing,FW,0.0,0.0153,-0.0153,0,138,7,0.0,0.3703,-0.3703,-0.355,Negative,1,0
3773672,La Liga 2020/2021,Sevilla,61,0,0,29,1,61-75,Left Wing,FW,0.0153,0.0,0.0153,1,63,37,0.3703,0.0,0.3703,0.355,Positive,2,0
3773672,La Liga 2020/2021,Sevilla,61,0,0,29,2,61-75,Right Wing,FW,0.0153,0.0,0.0153,1,63,37,0.3703,0.0,0.3703,0.355,Positive,2,0
3773672,La Liga 2020/2021,Barcelona,74,0,1,16,3,61-75,Left Back,DF,0.0,0.3703,-0.3703,0,81,12,0.3824,0.0252,0.3572,0.7275,Positive,2,2
3773672,La Liga 2020/2021,Barcelona,74,0,1,16,4,61-75,Center Attacking Midfield,MF,0.0,0.3703,-0.3703,0,81,12,0.3824,0.0252,0.3572,0.7275,Positive,2,1
3773672,La Liga 2020/2021,Sevilla,77,0,0,13,3,76-90+,Right Center Midfield,MF,0.3703,0.0,0.3703,4,69,28,0.0252,0.6123,-0.5871,-0.9574,Negative,3,1
3773672,La Liga 2020/2021,Sevilla,83,0,0,7,4,76-90+,Left Center Midfield,MF,0.2357,0.3824,-0.1467,2,74,33,0.0252,0.2515,-0.2263,-0.0796,Neutral,3,1
3773672,La Liga 2020/2021,Sevilla,83,0,0,7,5,76-90+,Center Forward,FW,0.2357,0.3824,-0.1467,2,74,33,0.0252,0.2515,-0.2263,-0.0796,Neutral,3,0
3773587,La Liga 2020/2021,Barcelona,61,-1,0,29,1,61-75,Center Attacking Midfield,MF,0.0,0.7835,-0.7835,0,89,14,0.0869,0.0,0.0869,0.8704,Positive,2,1
3773587,La Liga 2020/2021,Barcelona,61,-1,0,29,2,61-75,Left Wing,FW,0.0,0.7835,-0.7835,0,89,14,0.0869,0.0,0.0869,0.8704,Positive,2,0
3773587,La Liga 2020/2021,Getafe,70,1,1,20,1,61-75,Right Center Forward,FW,0.7835,0.0869,0.6966,1,37,27,0.2881,0.0,0.2881,-0.4085,Negative,2,0
3773587,La Liga 2020/2021,Barcelona,79,-1,0,11,3,76-90+,Center Forward,FW,0.0096,0.1335,-0.1239,1,104,8,0.1287,0.475,-0.3463,-0.2224,Negative,3,0
3773587,La Liga 2020/2021,Barcelona,79,-1,0,11,4,76-90+,Left Defensive Midfield,MF,0.0096,0.1335,-0.1239,1,104,8,0.1287,0.475,-0.3463,-0.2224,Negative,3,1
3773656,La Liga 2020/2021,Barcelona,56,-1,0,34,1,31-60,Left Wing,FW,0.0279,0.1075,-0.0796,1,147,36,0.3122,0.1325,0.1797,0.2593,Positive,1,0
3773656,La Liga 2020/2021,Barcelona,61,-1,0,29,2,61-75,Right Center Back,DF,0.2723,0.1525,0.1198,3,108,30,0.1445,0.1017,0.0428,-0.077,Neutral,2,2
3773656,La Liga 2020/2021,Atlético Madrid,72,1,1,18,1,61-75,Right Center Midfield,MF,0.1325,0.0677,0.0648,3,92,28,0.136,0.2134,-0.0774,-0.1422,Negative,2,1
3773656,La Liga 2020/2021,Barcelona,82,-1,0,8,3,76-90+,Center Forward,FW,0.1946,0.1017,0.0929,3,85,24,0.0921,0.1219,-0.0298,-0.1227,Negative,3,0
3773656,La Liga 2020/2021,Barcelona,82,-1,0,8,4,76-90+,Left Defensive Midfield,MF,0.1946,0.1017,0.0929,3,85,24,0.0921,0.1219,-0.0298,-0.1227,Negative,3,1
3773656,La Liga 2020/2021,Atlético Madrid,83,1,1,7,2,76-90+,Right Center Forward,FW,0.134,0.1946,-0.0606,4,90,23,0.0896,0.0921,-0.0025,0.0581,Neutral,3,0
3773656,La Liga 2020/2021,Atlético Madrid,83,1,1,7,3,76-90+,Left Center Forward,FW,0.134,0.1946,-0.0606,4,90,23,0.0896,0.0921,-0.0025,0.0581,Neutral,3,0
3773377,La Liga 2020/2021,Valencia,42,1,0,48,1,31-60,Right Midfield,MF,0.3533,0.1328,0.2205,4,30,13,0.4221,2.0227,-1.6006,-1.8211,Negative,1,1
3773377,La Liga 2020/2021,Barcelona,45,-1,1,45,1,31-60,Center Defensive Midfield,MF,0.1328,0.2874,-0.1546,3,112,13,2.0227,0.2596,1.7631,1.9177,Positive,1,1
3773377,La Liga 2020/2021,Barcelona,72,0,1,18,2,61-75,Center Attacking Midfield,MF,0.2418,0.6546,-0.4128,6,128,20,0.4215,0.0,0.4215,0.8343,Positive,2,1
3773377,La Liga 2020/2021,Barcelona,78,0,1,12,3,76-90+,Left Wing,FW,0.3322,0.5974,-0.2652,7,115,18,0.2709,0.0,0.2709,0.5361,Positive,3,0
3773377,La Liga 2020/2021,Barcelona,85,0,1,5,4,76-90+,Right Center Midfield,MF,0.5009,0.0,0.5009,9,80,21,0.0788,0.0,0.0788,-0.4221,Negative,3,1
3773586,La Liga 2020/2021,Granada,60,-1,0,30,1,31-60,Left Center Midfield,MF,0.0,0.2017,-0.2017,0,46,55,0.286,0.1451,0.1409,0.3426,Positive,1,1
3773586,La Liga 2020/2021,Granada,60,-1,0,30,2,31-60,Center Forward,FW,0.0,0.2017,-0.2017,0,46,55,0.286,0.1451,0.1409,0.3426,Positive,1,0
3773586,La Liga 2020/2021,Barcelona,71,0,1,19,1,61-75,Right Center Back,DF,0.0,0.286,-0.286,0,183,20,0.2196,0.1481,0.0715,0.3575,Positive,2,2
3773586,La Liga 2020/2021,Barcelona,71,0,1,19,2,61-75,Left Center Midfield,MF,0.0,0.286,-0.286,0,183,20,0.2196,0.1481,0.0715,0.3575,Positive,2,1
3773586,La Liga 2020/2021,Granada,75,0,0,15,3,61-75,Left Wing,FW,0.286,0.1451,0.1409,1,31,22,0.1481,0.0745,0.0736,-0.0673,Neutral,2,0
3773586,La Liga 2020/2021,Barcelona,80,-1,1,10,3,76-90+,Center Defensive Midfield,MF,0.1954,0.1481,0.0473,4,129,19,0.0938,0.0,0.0938,0.0465,Neutral,3,1
3773586,La Liga 2020/2021,Granada,85,1,0,5,4,76-90+,Right Wing,FW,0.1481,0.2196,-0.0715,2,19,26,0.0,0.0695,-0.0695,0.002,Neutral,3,0
3773372,La Liga 2020/2021,Atlético Madrid,12,0,0,78,1,0-30,Left Wing,FW,0.0436,0.0,0.0436,2,43,34,0.1298,0.0,0.1298,0.0862,Neutral,0,0
3773372,La Liga 2020/2021,Barcelona,30,0,1,60,1,0-30,Center Defensive Midfield,MF,0.0191,0.1298,-0.1107,1,103,21,0.1639,0.3265,-0.1626,-0.0519,Neutral,0,1
3773372,La Liga 2020/2021,Barcelona,45,0,1,45,2,31-60,Right Center Back,DF,0.1639,0.3265,-0.1626,2,72,29,0.0979,0.0557,0.0422,0.2048,Positive,1,2
3773372,La Liga 2020/2021,Atlético Madrid,66,0,0,24,2,61-75,Left Wing,FW,0.0379,0.1677,-0.1298,1,119,24,0.0,0.165,-0.165,-0.0352,Neutral,2,0
3773372,La Liga 2020/2021,Atlético Madrid,72,0,0,18,3,61-75,Right Wing,FW,0.0,0.2096,-0.2096,0,94,23,0.0,0.3186,-0.3186,-0.109,Negative,2,0
3773372,La Liga 2020/2021,Barcelona,74,0,1,16,3,61-75,Right Wing Back,FW,0.3038,0.0,0.3038,5,96,28,0.2244,0.0,0.2244,-0.0794,Neutral,2,0
3773372,La Liga 2020/2021,Barcelona,74,0,1,16,4,61-75,Left Center Midfield,MF,0.3038,0.0,0.3038,5,96,28,0.2244,0.0,0.2244,-0.0794,Neutral,2,1
3773387,La Liga 2020/2021,Barcelona,45,2,0,45,1,31-60,Right Center Back,DF,1.1846,0.0,1.1846,4,85,31,0.4031,0.6121,-0.209,-1.3936,Negative,1,2
3773387,La Liga 2020/2021,Levante UD,60,0,1,30,1,31-60,Left Midfield,MF,0.6121,0.4031,0.209,5,78,25,0.1589,0.2555,-0.0966,-0.3056,Negative,1,1
3773387,La Liga 2020/2021,Levante UD,60,0,1,30,2,31-60,Left Center Back,DF,0.6121,0.4031,0.209,5,78,25,0.1589,0.2555,-0.0966,-0.3056,Negative,1,2
3773387,La Liga 2020/2021,Barcelona,73,1,0,17,2,61-75,Left Center Midfield,MF,0.3095,0.2634,0.0461,2,67,37,0.0,0.1148,-0.1148,-0.1609,Negative,2,1
3773387,La Liga 2020/2021,Levante UD,74,-1,1,16,3,61-75,Right Back,DF,0.227,0.2555,-0.0285,5,68,16,0.0777,0.0856,-0.0079,0.0206,Neutral,2,2
3773387,La Liga 2020/2021,Levante UD,74,-1,1,16,4,61-75,Right Center Forward,FW,0.227,0.2555,-0.0285,5,68,16,0.0777,0.0856,-0.0079,0.0206,Neutral,2,0
3773387,La Liga 2020/2021,Barcelona,80,1,0,10,3,76-90+,Right Wing Back,FW,0.0,0.1106,-0.1106,0,88,40,0.0856,0.1682,-0.0826,0.028,Neutral,3,0
3773387,La Liga 2020/2021,Barcelona,80,1,0,10,4,76-90+,Left Center Forward,FW,0.0,0.1106,-0.1106,0,88,40,0.0856,0.1682,-0.0826,0.028,Neutral,3,0
3773387,La Liga 2020/2021,Barcelona,84,0,0,6,5,76-90+,Right Center Back,DF,0.0,0.1883,-0.1883,0,84,42,0.0856,0.0905,-0.0049,0.1834,Positive,3,2
3773695,La Liga 2020/2021,Valencia,63,-1,1,27,1,61-75,Left Center Back,DF,1.0338,2.1162,-1.0824,3,36,13,0.0287,0.1287,-0.1,0.9824,Positive,2,2
3773695,La Liga 2020/2021,Barcelona,74,2,0,16,1,61-75,Left Center Midfield,MF,0.8327,0.0287,0.804,4,84,6,0.1047,0.0769,0.0278,-0.7762,Negative,2,1
3773695,La Liga 2020/2021,Barcelona,74,2,0,16,2,61-75,Right Wing Back,FW,0.8327,0.0287,0.804,4,84,6,0.1047,0.0769,0.0278,-0.7762,Negative,2,0
3773695,La Liga 2020/2021,Valencia,78,-2,1,12,2,76-90+,Center Back,DF,0.0287,0.1287,-0.1,1,47,27,0.0933,0.1047,-0.0114,0.0886,Neutral,3,2
3773695,La Liga 2020/2021,Valencia,78,-2,1,12,3,76-90+,Left Center Midfield,MF,0.0287,0.1287,-0.1,1,47,27,0.0933,0.1047,-0.0114,0.0886,Neutral,3,1
3773369,La Liga 2020/2021,Huesca,59,-2,0,31,1,31-60,Right Center Forward,FW,1.6501,0.2265,1.4236,2,54,34,0.2336,0.029,0.2046,-1.219,Negative,1,0
3773369,La Liga 2020/2021,Huesca,59,-2,0,31,2,31-60,Center Defensive Midfield,MF,1.6501,0.2265,1.4236,2,54,34,0.2336,0.029,0.2046,-1.219,Negative,1,1
3773369,La Liga 2020/2021,Barcelona,62,2,1,28,1,61-75,Center Back,DF,0.1703,1.6501,-1.4798,2,134,29,0.029,0.2686,-0.2396,1.2402,Positive,2,2
3773369,La Liga 2020/2021,Barcelona,68,2,1,22,2,61-75,Left Attacking Midfield,MF,0.0,0.9206,-0.9206,0,124,31,0.029,0.2559,-0.2269,0.6937,Positive,2,1
3773369,La Liga 2020/2021,Barcelona,68,2,1,22,3,61-75,Right Wing Back,FW,0.0,0.9206,-0.9206,0,124,31,0.029,0.2559,-0.2269,0.6937,Positive,2,0
3773369,La Liga 2020/2021,Huesca,77,-2,0,13,3,76-90+,Left Center Back,DF,0.2686,0.029,0.2396,3,81,37,0.0413,0.0314,0.0099,-0.2297,Negative,3,2
3773369,La Liga 2020/2021,Huesca,77,-2,0,13,4,76-90+,Right Wing Back,FW,0.2686,0.029,0.2396,3,81,37,0.0413,0.0314,0.0099,-0.2297,Negative,3,0
3773369,La Liga 2020/2021,Huesca,77,-2,0,13,5,76-90+,Left Center Midfield,MF,0.2686,0.029,0.2396,3,81,37,0.0413,0.0314,0.0099,-0.2297,Negative,3,1
3773369,La Liga 2020/2021,Barcelona,84,2,1,6,4,76-90+,Center Forward,FW,0.029,0.2559,-0.2269,1,145,43,0.0314,0.0,0.0314,0.2583,Positive,3,0
3773369,La Liga 2020/2021,Barcelona,84,2,1,6,5,76-90+,Left Attacking Midfield,MF,0.029,0.2559,-0.2269,1,145,43,0.0314,0.0,0.0314,0.2583,Positive,3,1
3773661,La Liga 2020/2021,Barcelona,45,2,1,45,1,31-60,Center Back,DF,0.1668,0.0,0.1668,2,185,13,0.0,0.0942,-0.0942,-0.261,Negative,1,2
3773661,La Liga 2020/2021,Getafe,45,-2,0,45,1,31-60,Left Center Midfield,MF,0.0,0.1668,-0.1668,0,28,64,0.0942,0.0,0.0942,0.261,Positive,1,1
3773661,La Liga 2020/2021,Getafe,45,-2,0,45,2,31-60,Right Center Midfield,MF,0.0,0.1668,-0.1668,0,28,64,0.0942,0.0,0.0942,0.261,Positive,1,1
3773661,La Liga 2020/2021,Getafe,45,-2,0,45,3,31-60,Left Back,DF,0.0,0.1668,-0.1668,0,28,64,0.0942,0.0,0.0942,0.261,Positive,1,2
3773661,La Liga 2020/2021,Barcelona,45,2,1,45,2,31-60,Left Center Back,DF,0.1668,0.0,0.1668,2,185,13,0.0,0.0942,-0.0942,-0.261,Negative,1,2
3773661,La Liga 2020/2021,Getafe,62,-2,0,28,4,61-75,Center Forward,FW,0.0942,0.0,0.0942,1,38,41,0.7835,0.0,0.7835,0.6893,Positive,2,0
3773661,La Liga 2020/2021,Barcelona,63,2,1,27,3,61-75,Right Wing Back,FW,0.0,0.0942,-0.0942,0,201,26,0.0,0.8547,-0.8547,-0.7605,Negative,2,0
3773661,La Liga 2020/2021,Barcelona,74,1,1,16,4,61-75,Right Center Back,DF,0.0,0.7835,-0.7835,0,109,23,0.2115,0.0712,0.1403,0.9238,Positive,2,2
3773661,La Liga 2020/2021,Getafe,75,-1,0,15,5,61-75,Center Defensive Midfield,MF,0.7835,0.0,0.7835,1,30,37,0.0712,0.2115,-0.1403,-0.9238,Negative,2,1
3773597,La Liga 2020/2021,Real Sociedad,60,-4,1,30,1,31-60,Right Wing Back,FW,0.0302,0.9441,-0.9139,1,88,46,0.0133,0.0897,-0.0764,0.8375,Positive,1,0
3773597,La Liga 2020/2021,Real Sociedad,60,-4,1,30,2,31-60,Right Wing,FW,0.0302,0.9441,-0.9139,1,88,46,0.0133,0.0897,-0.0764,0.8375,Positive,1,0
3773597,La Liga 2020/2021,Barcelona,66,4,0,24,1,61-75,Right Defensive Midfield,MF,0.917,0.0,0.917,4,152,31,0.1351,0.1162,0.0189,-0.8981,Negative,2,1
3773597,La Liga 2020/2021,Barcelona,67,4,0,23,2,61-75,Left Defensive Midfield,MF,0.917,0.0,0.917,4,137,28,0.1351,0.1162,0.0189,-0.8981,Negative,2,1
3773597,La Liga 2020/2021,Real Sociedad,71,-5,1,19,3,61-75,Center Back,DF,0.0,0.2469,-0.2469,0,71,29,0.1751,0.0454,0.1297,0.3766,Positive,2,2
3773597,La Liga 2020/2021,Barcelona,78,4,0,12,3,76-90+,Center Forward,FW,0.0897,0.1162,-0.0265,1,147,21,0.2789,0.2617,0.0172,0.0437,Neutral,3,0
3773597,La Liga 2020/2021,Real Sociedad,82,-4,1,8,4,76-90+,Center Back,DF,0.1162,0.1351,-0.0189,2,54,26,0.2617,0.2335,0.0282,0.0471,Neutral,3,2
3773597,La Liga 2020/2021,Real Sociedad,82,-4,1,8,5,76-90+,Right Wing,FW,0.1162,0.1351,-0.0189,2,54,26,0.2617,0.2335,0.0282,0.0471,Neutral,3,0
3773597,La Liga 2020/2021,Barcelona,83,4,0,7,4,76-90+,Right Wing Back,FW,0.1351,0.1162,0.0189,2,139,24,0.2335,0.2617,-0.0282,-0.0471,Neutral,3,0
3773597,La Liga 2020/2021,Barcelona,84,4,0,6,5,76-90+,Left Attacking Midfield,MF,0.1351,0.1162,0.0189,2,136,21,0.2335,0.2617,-0.0282,-0.0471,Neutral,3,1
3773523,La Liga 2020/2021,Real Sociedad,55,-1,0,35,1,31-60,Right Center Midfield,MF,0.0,1.4336,-1.4336,0,91,26,0.0683,0.1479,-0.0796,1.354,Positive,1,1
3773523,La Liga 2020/2021,Real Sociedad,55,-1,0,35,2,31-60,Right Wing,FW,0.0,1.4336,-1.4336,0,91,26,0.0683,0.1479,-0.0796,1.354,Positive,1,0
3773523,La Liga 2020/2021,Real Sociedad,63,-1,0,27,3,61-75,Right Wing,FW,0.0,1.0676,-1.0676,0,87,28,0.5858,0.0384,0.5474,1.615,Positive,2,0
3773523,La Liga 2020/2021,Barcelona,65,1,1,25,1,61-75,Right Wing,FW,1.0676,0.0,1.0676,2,60,30,0.0384,0.5858,-0.5474,-1.615,Negative,2,0
3773523,La Liga 2020/2021,Barcelona,66,1,1,24,2,61-75,Right Defensive Midfield,MF,1.0676,0.0,1.0676,2,62,29,0.0384,0.5858,-0.5474,-1.615,Negative,2,1
3773523,La Liga 2020/2021,Barcelona,73,1,1,17,3,61-75,Center Attacking Midfield,MF,0.0384,0.3386,-0.3002,1,51,36,0.0,0.5855,-0.5855,-0.2853,Negative,2,1
3773523,La Liga 2020/2021,Barcelona,79,1,1,11,4,76-90+,Left Center Back,DF,0.0384,0.5858,-0.5474,1,35,41,0.0,0.3384,-0.3384,0.209,Positive,3,2
3773523,La Liga 2020/2021,Real Sociedad,84,-1,0,6,4,76-90+,Left Center Back,DF,0.8558,0.0384,0.8174,7,84,30,0.0,0.0,0.0,-0.8174,Negative,3,2
3773571,La Liga 2020/2021,Real Valladolid,45,-2,1,45,1,31-60,Left Center Forward,FW,0.0,1.4154,-1.4154,0,81,35,0.0702,0.7981,-0.7279,0.6875,Positive,1,0
3773571,La Liga 2020/2021,Real Valladolid,56,-2,1,34,2,31-60,Left Midfield,MF,0.0702,0.8975,-0.8273,3,74,30,0.1625,0.678,-0.5155,0.3118,Positive,1,1
3773571,La Liga 2020/2021,Real Valladolid,56,-2,1,34,3,31-60,Right Center Midfield,MF,0.0702,0.8975,-0.8273,3,74,30,0.1625,0.678,-0.5155,0.3118,Positive,1,1
3773571,La Liga 2020/2021,Real Valladolid,56,-2,1,34,4,31-60,Right Midfield,MF,0.0702,0.8975,-0.8273,3,74,30,0.1625,0.678,-0.5155,0.3118,Positive,1,1
3773571,La Liga 2020/2021,Barcelona,70,3,0,20,1,61-75,Center Back,DF,0.7658,0.1983,0.5675,4,100,16,0.1054,0.2226,-0.1172,-0.6847,Negative,2,2
3773571,La Liga 2020/2021,Barcelona,70,3,0,20,2,61-75,Left Defensive Midfield,MF,0.7658,0.1983,0.5675,4,100,16,0.1054,0.2226,-0.1172,-0.6847,Negative,2,1
3773571,La Liga 2020/2021,Barcelona,70,3,0,20,3,61-75,Left Wing Back,FW,0.7658,0.1983,0.5675,4,100,16,0.1054,0.2226,-0.1172,-0.6847,Negative,2,0
3773571,La Liga 2020/2021,Real Valladolid,78,-3,1,12,5,76-90+,Left Center Back,DF,0.314,0.6052,-0.2912,4,80,19,0.1992,0.3133,-0.1141,0.1771,Positive,3,2
3773571,La Liga 2020/2021,Barcelona,80,3,0,10,4,76-90+,Left Attacking Midfield,MF,0.1054,0.2014,-0.096,1,93,22,0.3613,0.1992,0.1621,0.2581,Positive,3,1
3773428,La Liga 2020/2021,Cádiz,30,1,1,60,1,0-30,Left Center Back,DF,0.0,0.1837,-0.1837,0,45,9,0.0,0.0,0.0,0.1837,Positive,0,2
3773428,La Liga 2020/2021,Barcelona,45,-1,0,45,1,31-60,Left Wing,FW,0.0,0.0,0.0,0,172,13,0.1859,0.0167,0.1692,0.1692,Positive,1,0
3773428,La Liga 2020/2021,Barcelona,45,-1,0,45,2,31-60,Right Center Back,DF,0.0,0.0,0.0,0,172,13,0.1859,0.0167,0.1692,0.1692,Positive,1,2
3773428,La Liga 2020/2021,Cádiz,61,1,1,29,2,61-75,Center Forward,FW,0.0167,0.1859,-0.1692,1,28,26,1.0373,0.2859,0.7514,0.9206,Positive,2,0
3773428,La Liga 2020/2021,Barcelona,76,-2,0,14,3,76-90+,Right Back,DF,0.2859,1.0373,-0.7514,4,90,10,0.7135,0.4085,0.305,1.0564,Positive,3,2
3773428,La Liga 2020/2021,Barcelona,77,-2,0,13,4,76-90+,Right Defensive Midfield,MF,0.2859,0.8948,-0.6089,4,94,11,0.7135,0.4085,0.305,0.9139,Positive,3,1
3773428,La Liga 2020/2021,Cádiz,78,2,1,12,3,76-90+,Center Defensive Midfield,MF,0.0,0.2859,-0.2859,0,25,16,0.4085,0.7135,-0.305,-0.0191,Neutral,3,1
3773428,La Liga 2020/2021,Cádiz,80,2,1,10,4,76-90+,Left Midfield,MF,0.0,0.2859,-0.2859,0,25,16,0.4085,0.802,-0.3935,-0.1076,Negative,3,1
3773428,La Liga 2020/2021,Cádiz,80,2,1,10,5,76-90+,Right Midfield,MF,0.0,0.2859,-0.2859,0,25,16,0.4085,0.802,-0.3935,-0.1076,Negative,3,1
3764661,La Liga 2020/2021,Athletic Club,30,0,1,60,1,0-30,Left Back,DF,0.0,0.012,-0.012,0,66,16,0.0,0.3925,-0.3925,-0.3805,Negative,0,2
3764661,La Liga 2020/2021,Athletic Club,64,-2,1,26,2,61-75,Left Defensive Midfield,MF,0.1992,0.1661,0.0331,1,67,19,0.0,0.161,-0.161,-0.1941,Negative,2,1
3764661,La Liga 2020/2021,Athletic Club,64,-2,1,26,3,61-75,Right Midfield,MF,0.1992,0.1661,0.0331,1,67,19,0.0,0.161,-0.161,-0.1941,Negative,2,1
3764661,La Liga 2020/2021,Barcelona,74,2,0,16,1,61-75,Right Back,DF,0.278,0.0,0.278,2,91,30,0.1899,0.0366,0.1533,-0.1247,Negative,2,2
3764661,La Liga 2020/2021,Barcelona,74,2,0,16,2,61-75,Right Wing,FW,0.278,0.0,0.278,2,91,30,0.1899,0.0366,0.1533,-0.1247,Negative,2,0
3764661,La Liga 2020/2021,Athletic Club,79,-2,1,11,4,76-90+,Left Center Forward,FW,0.0,0.161,-0.161,0,127,23,0.1528,0.1829,-0.0301,0.1309,Positive,3,0
3773526,La Liga 2020/2021,Barcelona,45,1,1,45,1,31-60,Center Defensive Midfield,MF,0.0185,0.0315,-0.013,1,122,18,0.1495,0.3985,-0.249,-0.236,Negative,1,1
3773526,La Liga 2020/2021,Deportivo Alavés,45,-1,0,45,1,31-60,Left Midfield,MF,0.0315,0.0185,0.013,1,66,35,0.3985,0.1495,0.249,0.236,Positive,1,1
3773526,La Liga 2020/2021,Deportivo Alavés,45,-1,0,45,2,31-60,Right Back,DF,0.0315,0.0185,0.013,1,66,35,0.3985,0.1495,0.249,0.236,Positive,1,2
3773526,La Liga 2020/2021,Barcelona,63,1,1,27,2,61-75,Right Center Midfield,MF,0.6486,0.2493,0.3993,3,155,11,0.6929,0.0,0.6929,0.2936,Positive,2,1
3773526,La Liga 2020/2021,Deportivo Alavés,71,-1,0,19,3,61-75,Left Center Midfield,MF,0.2024,0.8375,-0.6351,1,29,38,0.0,1.1628,-1.1628,-0.5277,Negative,2,1
3773526,La Liga 2020/2021,Barcelona,71,1,1,19,3,61-75,Center Defensive Midfield,MF,0.8375,0.2024,0.6351,5,177,13,1.1628,0.0,1.1628,0.5277,Positive,2,1
3773526,La Liga 2020/2021,Barcelona,71,1,1,19,4,61-75,Right Back,DF,0.8375,0.2024,0.6351,5,177,13,1.1628,0.0,1.1628,0.5277,Positive,2,2
3773526,La Liga 2020/2021,Deportivo Alavés,80,-4,0,10,4,76-90+,Right Center Forward,FW,0.0,1.3817,-1.3817,0,68,24,0.0,0.0574,-0.0574,1.3243,Positive,3,0
3773526,La Liga 2020/2021,Deportivo Alavés,80,-4,0,10,5,76-90+,Left Center Forward,FW,0.0,1.3817,-1.3817,0,68,24,0.0,0.0574,-0.0574,1.3243,Positive,3,0
3773526,La Liga 2020/2021,Barcelona,80,4,1,10,5,76-90+,Left Wing,FW,1.3817,0.0,1.3817,5,124,20,0.0574,0.0,0.0574,-1.3243,Negative,3,0
3773474,La Liga 2020/2021,Barcelona,62,0,1,28,1,61-75,Right Center Back,DF,0.4503,0.074,0.3763,5,139,24,0.2122,0.085,0.1272,-0.2491,Negative,2,2
3773474,La Liga 2020/2021,Barcelona,62,0,1,28,2,61-75,Left Midfield,MF,0.4503,0.074,0.3763,5,139,24,0.2122,0.085,0.1272,-0.2491,Negative,2,1
3773474,La Liga 2020/2021,Barcelona,62,0,1,28,3,61-75,Center Defensive Midfield,MF,0.4503,0.074,0.3763,5,139,24,0.2122,0.085,0.1272,-0.2491,Negative,2,1
3773474,La Liga 2020/2021,Real Valladolid,64,0,0,26,1,61-75,Right Wing Back,FW,0.074,0.4978,-0.4238,1,47,35,0.085,0.2007,-0.1157,0.3081,Positive,2,0
3773474,La Liga 2020/2021,Barcelona,76,0,1,14,4,76-90+,Left Center Midfield,MF,0.2122,0.085,0.1272,5,90,15,0.5752,0.0123,0.5629,0.4357,Positive,3,1
3773474,La Liga 2020/2021,Real Valladolid,76,0,0,14,2,76-90+,Right Center Forward,FW,0.085,0.2122,-0.1272,1,36,26,0.0123,0.5752,-0.5629,-0.4357,Negative,3,0
3773474,La Liga 2020/2021,Real Valladolid,84,0,0,6,3,76-90+,Left Center Forward,FW,0.0123,0.1132,-0.1009,1,37,20,0.0,0.5676,-0.5676,-0.4667,Negative,3,0
3773625,La Liga 2020/2021,Sevilla,45,-1,1,45,1,31-60,Left Center Back,DF,0.0,0.0777,-0.0777,0,75,25,0.0284,0.33,-0.3016,-0.2239,Negative,1,2
3773625,La Liga 2020/2021,Sevilla,45,-1,1,45,2,31-60,Right Wing,FW,0.0,0.0777,-0.0777,0,75,25,0.0284,0.33,-0.3016,-0.2239,Negative,1,0
3773625,La Liga 2020/2021,Sevilla,45,-1,1,45,3,31-60,Left Wing,FW,0.0,0.0777,-0.0777,0,75,25,0.0284,0.33,-0.3016,-0.2239,Negative,1,0
3773625,La Liga 2020/2021,Sevilla,62,-1,1,28,4,61-75,Center Attacking Midfield,MF,0.0284,0.33,-0.3016,1,92,26,0.0336,0.0,0.0336,0.3352,Positive,2,1
3773625,La Liga 2020/2021,Sevilla,62,-1,1,28,5,61-75,Center Forward,FW,0.0284,0.33,-0.3016,1,92,26,0.0336,0.0,0.0336,0.3352,Positive,2,0
3773625,La Liga 2020/2021,Barcelona,66,1,0,24,1,61-75,Center Back,DF,0.33,0.0336,0.2964,3,105,15,0.0,0.0,0.0,-0.2964,Negative,2,2
3773625,La Liga 2020/2021,Barcelona,70,1,0,20,2,61-75,Left Center Midfield,MF,0.33,0.0336,0.2964,3,98,14,1.2702,0.0273,1.2429,0.9465,Positive,2,1
3773625,La Liga 2020/2021,Barcelona,80,1,0,10,3,76-90+,Center Back,DF,0.0,0.0,0.0,0,60,19,1.2702,0.0273,1.2429,1.2429,Positive,3,2
3773625,La Liga 2020/2021,Barcelona,81,1,0,9,4,76-90+,Left Center Forward,FW,0.0,0.0,0.0,0,48,18,1.2702,0.0273,1.2429,1.2429,Positive,3,0
3773403,La Liga 2020/2021,Athletic Club,65,-1,0,25,1,61-75,Left Defensive Midfield,MF,0.0366,0.2727,-0.2361,2,50,18,0.0993,0.4385,-0.3392,-0.1031,Negative,2,1
3773403,La Liga 2020/2021,Athletic Club,66,-1,0,24,2,61-75,Right Midfield,MF,0.0366,0.2727,-0.2361,2,51,16,0.0993,0.4385,-0.3392,-0.1031,Negative,2,1
3773403,La Liga 2020/2021,Barcelona,66,1,1,24,1,61-75,Right Defensive Midfield,MF,0.2727,0.0366,0.2361,2,103,11,0.4385,0.0993,0.3392,0.1031,Positive,2,1
3773403,La Liga 2020/2021,Athletic Club,83,-2,0,7,3,76-90+,Left Center Forward,FW,0.0993,0.4385,-0.3392,2,88,17,0.0666,0.1195,-0.0529,0.2863,Positive,3,0
3773403,La Liga 2020/2021,Athletic Club,83,-2,0,7,4,76-90+,Right Back,DF,0.0993,0.4385,-0.3392,2,88,17,0.0666,0.1195,-0.0529,0.2863,Positive,3,2
3773403,La Liga 2020/2021,Barcelona,83,2,1,7,2,76-90+,Left Wing,FW,0.4385,0.0993,0.3392,1,91,10,0.1195,0.0666,0.0529,-0.2863,Negative,3,0
3773547,La Liga 2020/2021,Osasuna,22,0,0,68,1,0-30,Left Midfield,MF,0.301,0.6403,-0.3393,1,42,22,0.0,2.0672,-2.0672,-1.7279,Negative,0,1
3773547,La Liga 2020/2021,Barcelona,45,2,1,45,1,31-60,Right Center Midfield,MF,0.0575,0.0,0.0575,2,161,18,1.0992,0.1379,0.9613,0.9038,Positive,1,1
3773547,La Liga 2020/2021,Barcelona,60,3,1,30,2,31-60,Center Forward,FW,1.0992,0.1379,0.9613,3,143,18,0.0604,0.3584,-0.298,-1.2593,Negative,1,0
3773547,La Liga 2020/2021,Barcelona,60,3,1,30,3,31-60,Left Center Midfield,MF,1.0992,0.1379,0.9613,3,143,18,0.0604,0.3584,-0.298,-1.2593,Negative,1,1
3773547,La Liga 2020/2021,Barcelona,60,3,1,30,4,31-60,Right Back,DF,1.0992,0.1379,0.9613,3,143,18,0.0604,0.3584,-0.298,-1.2593,Negative,1,2
3773547,La Liga 2020/2021,Osasuna,63,-3,0,27,2,61-75,Right Center Midfield,MF,0.0892,1.0992,-1.01,2,51,21,0.3584,0.0604,0.298,1.308,Positive,2,1
3773547,La Liga 2020/2021,Osasuna,63,-3,0,27,3,61-75,Left Center Midfield,MF,0.0892,1.0992,-1.01,2,51,21,0.3584,0.0604,0.298,1.308,Positive,2,1
3773547,La Liga 2020/2021,Barcelona,66,3,1,24,5,61-75,Left Center Back,DF,0.8388,0.0771,0.7617,2,84,15,0.0604,0.6459,-0.5855,-1.3472,Negative,2,2
3773547,La Liga 2020/2021,Osasuna,73,-4,0,17,4,61-75,Left Center Forward,FW,0.4355,0.0604,0.3751,3,49,9,0.3095,0.0444,0.2651,-0.11,Negative,2,0
3773547,La Liga 2020/2021,Osasuna,73,-4,0,17,5,61-75,Right Center Forward,FW,0.4355,0.0604,0.3751,3,49,9,0.3095,0.0444,0.2651,-0.11,Negative,2,0
3773415,La Liga 2020/2021,Cádiz,57,-1,0,33,1,31-60,Center Defensive Midfield,MF,0.0,0.204,-0.204,0,49,19,0.0189,0.3856,-0.3667,-0.1627,Negative,1,1
3773415,La Liga 2020/2021,Cádiz,57,-1,0,33,2,31-60,Left Midfield,MF,0.0,0.204,-0.204,0,49,19,0.0189,0.3856,-0.3667,-0.1627,Negative,1,1
3773415,La Liga 2020/2021,Cádiz,58,-1,0,32,3,31-60,Center Forward,FW,0.0,0.204,-0.204,0,49,18,0.0189,0.5312,-0.5123,-0.3083,Negative,1,0
3773415,La Liga 2020/2021,Cádiz,61,-1,0,29,4,61-75,Right Midfield,MF,0.0189,0.021,-0.0021,1,52,20,0.0,0.5312,-0.5312,-0.5291,Negative,2,1
3773415,La Liga 2020/2021,Barcelona,64,1,1,26,1,61-75,Center Defensive Midfield,MF,0.2031,0.0189,0.1842,3,155,13,0.4189,0.0,0.4189,0.2347,Positive,2,1
3773415,La Liga 2020/2021,Barcelona,64,1,1,26,2,61-75,Right Wing,FW,0.2031,0.0189,0.1842,3,155,13,0.4189,0.0,0.4189,0.2347,Positive,2,0
3773415,La Liga 2020/2021,Barcelona,73,1,1,17,3,61-75,Left Center Midfield,MF,0.5312,0.0189,0.5123,4,162,11,0.132,0.0,0.132,-0.3803,Negative,2,1
3773415,La Liga 2020/2021,Cádiz,75,-1,0,15,5,61-75,Left Center Midfield,MF,0.0189,0.5312,-0.5123,1,30,31,0.7835,0.132,0.6515,1.1638,Positive,2,1
3773415,La Liga 2020/2021,Barcelona,79,1,1,11,4,76-90+,Left Wing,FW,0.4189,0.0,0.4189,4,179,8,0.1097,0.7835,-0.6738,-1.0927,Negative,3,0
3773415,La Liga 2020/2021,Barcelona,79,1,1,11,5,76-90+,Right Back,DF,0.4189,0.0,0.4189,4,179,8,0.1097,0.7835,-0.6738,-1.0927,Negative,3,2
3764440,La Liga 2020/2021,Barcelona,45,0,1,45,1,31-60,Center Defensive Midfield,MF,0.0,0.082,-0.082,0,102,21,0.4132,0.0956,0.3176,0.3996,Positive,1,1
3764440,La Liga 2020/2021,Elche,59,-1,0,31,1,31-60,Right Wing Back,FW,0.0956,0.4132,-0.3176,1,62,29,0.0,1.0491,-1.0491,-0.7315,Negative,1,0
3764440,La Liga 2020/2021,Elche,59,-1,0,31,2,31-60,Left Wing,FW,0.0956,0.4132,-0.3176,1,62,29,0.0,1.0491,-1.0491,-0.7315,Negative,1,0
3764440,La Liga 2020/2021,Barcelona,65,1,1,25,2,61-75,Right Wing,FW,0.126,0.0,0.126,2,159,21,1.0016,0.091,0.9106,0.7846,Positive,2,0
3764440,La Liga 2020/2021,Elche,71,-2,0,19,3,61-75,Center Forward,FW,0.0,0.6267,-0.6267,0,56,21,0.091,0.9958,-0.9048,-0.2781,Negative,2,0
3764440,La Liga 2020/2021,Elche,71,-2,0,19,4,61-75,Right Wing,FW,0.0,0.6267,-0.6267,0,56,21,0.091,0.9958,-0.9048,-0.2781,Negative,2,0
3764440,La Liga 2020/2021,Barcelona,75,3,1,15,3,61-75,Center Forward,FW,1.0491,0.091,0.9581,3,103,30,0.5734,0.0,0.5734,-0.3847,Negative,2,0
3764440,La Liga 2020/2021,Barcelona,75,3,1,15,4,61-75,Right Center Back,DF,1.0491,0.091,0.9581,3,103,30,0.5734,0.0,0.5734,-0.3847,Negative,2,2
3764440,La Liga 2020/2021,Barcelona,76,3,1,14,5,76-90+,Left Back,DF,1.0491,0.091,0.9581,3,90,30,0.5734,0.1034,0.47,-0.4881,Negative,3,2
3764440,La Liga 2020/2021,Elche,80,-3,0,10,5,76-90+,Left Center Midfield,MF,0.091,1.0016,-0.9106,1,85,17,0.1034,0.6644,-0.561,0.3496,Positive,3,1
3773689,La Liga 2020/2021,Barcelona,45,1,0,45,1,31-60,Right Wing Back,FW,0.5355,0.0,0.5355,2,131,40,0.2034,0.0855,0.1179,-0.4176,Negative,1,0
3773689,La Liga 2020/2021,Villarreal,59,-1,1,31,1,31-60,Left Center Forward,FW,0.0855,0.2034,-0.1179,1,103,14,0.1982,0.3488,-0.1506,-0.0327,Neutral,1,0
3773689,La Liga 2020/2021,Villarreal,59,-1,1,31,2,31-60,Left Back,DF,0.0855,0.2034,-0.1179,1,103,14,0.1982,0.3488,-0.1506,-0.0327,Neutral,1,2
3773689,La Liga 2020/2021,Barcelona,63,1,0,27,2,61-75,Left Center Midfield,MF,0.2034,0.2386,-0.0352,2,65,43,0.3488,0.1509,0.1979,0.2331,Positive,2,1
3773689,La Liga 2020/2021,Villarreal,76,-1,1,14,3,76-90+,Right Center Midfield,MF,0.1982,0.3488,-0.1506,3,71,19,0.1843,0.2178,-0.0335,0.1171,Positive,3,1
3773689,La Liga 2020/2021,Barcelona,79,1,0,11,3,76-90+,Left Center Forward,FW,0.3488,0.1509,0.1979,2,117,34,0.2178,0.0785,0.1393,-0.0586,Neutral,3,0
3773477,La Liga 2020/2021,Barcelona,45,1,1,45,1,31-60,Left Center Forward,FW,0.7835,0.0942,0.6893,1,84,13,1.1078,0.1843,0.9235,0.2342,Positive,1,0
3773477,La Liga 2020/2021,Real Betis,61,-2,0,29,1,61-75,Right Wing,FW,0.1843,1.8913,-1.707,3,73,27,0.4576,0.2164,0.2412,1.9482,Positive,2,0
3773477,La Liga 2020/2021,Real Betis,61,-2,0,29,2,61-75,Left Wing,FW,0.1843,1.8913,-1.707,3,73,27,0.4576,0.2164,0.2412,1.9482,Positive,2,0
3773477,La Liga 2020/2021,Barcelona,65,2,1,25,2,61-75,Right Midfield,MF,0.9076,0.0552,0.8524,2,101,22,0.2562,0.4576,-0.2014,-1.0538,Negative,2,1
3773477,La Liga 2020/2021,Real Betis,70,-2,0,20,3,61-75,Center Forward,FW,0.0,1.051,-1.051,0,45,27,0.4576,0.4317,0.0259,1.0769,Positive,2,0
3773477,La Liga 2020/2021,Barcelona,77,1,1,13,3,76-90+,Left Center Forward,FW,0.2164,0.4576,-0.2412,2,143,27,0.8226,0.0682,0.7544,0.9956,Positive,3,0
3773477,La Liga 2020/2021,Barcelona,85,2,1,5,4,76-90+,Right Defensive Midfield,MF,0.4317,0.4576,-0.0259,3,122,14,0.4639,0.1202,0.3437,0.3696,Positive,3,1
3773477,La Liga 2020/2021,Real Betis,85,-2,0,5,4,76-90+,Left Wing,FW,0.4576,0.4317,0.0259,1,48,28,0.1202,0.4639,-0.3437,-0.3696,Negative,3,0
3838017,Ligue 1 2022/2023,Clermont Foot,45,-1,0,45,1,31-60,Right Wing Back,FW,0.9362,0.3791,0.5571,3,59,38,0.7435,0.3973,0.3462,-0.2109,Negative,1,0
3838017,Ligue 1 2022/2023,Paris Saint-Germain,57,0,1,33,1,31-60,Center Attacking Midfield,MF,0.3975,0.8299,-0.4324,4,88,28,0.0341,0.6906,-0.6565,-0.2241,Negative,1,1
3838017,Ligue 1 2022/2023,Paris Saint-Germain,57,0,1,33,2,31-60,Left Defensive Midfield,MF,0.3975,0.8299,-0.4324,4,88,28,0.0341,0.6906,-0.6565,-0.2241,Negative,1,1
3838017,Ligue 1 2022/2023,Clermont Foot,69,1,0,21,2,61-75,Right Defensive Midfield,MF,0.6906,0.0823,0.6083,3,75,39,0.0,0.0468,-0.0468,-0.6551,Negative,2,1
3838017,Ligue 1 2022/2023,Clermont Foot,69,1,0,21,3,61-75,Right Attacking Midfield,MF,0.6906,0.0823,0.6083,3,75,39,0.0,0.0468,-0.0468,-0.6551,Negative,2,1
3838017,Ligue 1 2022/2023,Paris Saint-Germain,80,-1,1,10,3,76-90+,Goalkeeper,GK,0.0,0.2227,-0.2227,0,106,24,0.1049,0.0,0.1049,0.3276,Positive,3,3
3838017,Ligue 1 2022/2023,Paris Saint-Germain,80,-1,1,10,4,76-90+,Left Center Back,DF,0.0,0.2227,-0.2227,0,106,24,0.1049,0.0,0.1049,0.3276,Positive,3,2
3838017,Ligue 1 2022/2023,Clermont Foot,83,1,0,7,4,76-90+,Center Forward,FW,0.0,0.0468,-0.0468,0,76,22,0.0,0.0582,-0.0582,-0.0114,Neutral,3,0
3837987,Ligue 1 2022/2023,AC Ajaccio,62,-4,0,28,1,61-75,Left Center Midfield,MF,0.1109,0.1849,-0.074,3,67,47,0.0783,0.0754,0.0029,0.0769,Neutral,2,1
3837987,Ligue 1 2022/2023,AC Ajaccio,63,-4,0,27,2,61-75,Right Wing,FW,0.1109,0.1849,-0.074,3,60,46,0.0783,0.0754,0.0029,0.0769,Neutral,2,0
3837987,Ligue 1 2022/2023,Paris Saint-Germain,63,4,1,27,1,61-75,Left Defensive Midfield,MF,0.1849,0.1109,0.074,2,136,23,0.0754,0.0783,-0.0029,-0.0769,Neutral,2,1
3837987,Ligue 1 2022/2023,Paris Saint-Germain,63,4,1,27,2,61-75,Right Defensive Midfield,MF,0.1849,0.1109,0.074,2,136,23,0.0754,0.0783,-0.0029,-0.0769,Neutral,2,1
3837987,Ligue 1 2022/2023,AC Ajaccio,63,-4,0,27,3,61-75,Center Forward,FW,0.1109,0.1849,-0.074,3,60,46,0.0783,0.0754,0.0029,0.0769,Neutral,2,0
3837987,Ligue 1 2022/2023,Paris Saint-Germain,69,4,1,21,3,61-75,Left Center Back,DF,0.0216,0.1048,-0.0832,1,139,20,0.0754,0.0189,0.0565,0.1397,Positive,2,2
3837987,Ligue 1 2022/2023,AC Ajaccio,70,-4,0,20,4,61-75,Left Back,DF,0.1048,0.0216,0.0832,2,57,47,0.0189,0.0754,-0.0565,-0.1397,Negative,2,2
3837987,Ligue 1 2022/2023,AC Ajaccio,82,-4,0,8,5,76-90+,Left Defensive Midfield,MF,0.0189,0.0754,-0.0565,1,29,39,0.0586,0.1432,-0.0846,-0.0281,Neutral,3,1
3837987,Ligue 1 2022/2023,Paris Saint-Germain,82,4,1,8,4,76-90+,Center Forward,FW,0.0754,0.0189,0.0565,1,105,8,0.1432,0.0586,0.0846,0.0281,Neutral,3,0
3837987,Ligue 1 2022/2023,Paris Saint-Germain,82,4,1,8,5,76-90+,Left Wing Back,FW,0.0754,0.0189,0.0565,1,105,8,0.1432,0.0586,0.0846,0.0281,Neutral,3,0
3837928,Ligue 1 2022/2023,Lyon,22,0,0,68,1,0-30,Left Center Forward,FW,0.183,0.2082,-0.0252,2,88,42,0.0505,0.0,0.0505,0.0757,Neutral,0,0
3837928,Ligue 1 2022/2023,Paris Saint-Germain,59,-1,1,31,1,31-60,Center Defensive Midfield,MF,0.4354,0.4435,-0.0081,6,154,32,0.0559,0.3677,-0.3118,-0.3037,Negative,1,1
3837928,Ligue 1 2022/2023,Paris Saint-Germain,59,-1,1,31,2,31-60,Left Center Back,DF,0.4354,0.4435,-0.0081,6,154,32,0.0559,0.3677,-0.3118,-0.3037,Negative,1,2
3837928,Ligue 1 2022/2023,Lyon,61,1,0,29,2,61-75,Right Defensive Midfield,MF,0.4435,0.3528,0.0907,3,52,74,0.3677,0.0808,0.2869,0.1962,Positive,2,1
3837928,Ligue 1 2022/2023,Lyon,61,1,0,29,3,61-75,Right Wing Back,FW,0.4435,0.3528,0.0907,3,52,74,0.3677,0.0808,0.2869,0.1962,Positive,2,0
3837928,Ligue 1 2022/2023,Lyon,68,1,0,22,4,61-75,Center Attacking Midfield,MF,0.5329,0.3164,0.2165,3,57,67,0.2527,0.1538,0.0989,-0.1176,Negative,2,1
3837928,Ligue 1 2022/2023,Lyon,68,1,0,22,5,61-75,Right Center Forward,FW,0.5329,0.3164,0.2165,3,57,67,0.2527,0.1538,0.0989,-0.1176,Negative,2,0
3837928,Ligue 1 2022/2023,Paris Saint-Germain,73,-1,1,17,3,61-75,Center Defensive Midfield,MF,0.3722,0.3677,0.0045,3,122,34,0.1304,0.0,0.1304,0.1259,Positive,2,1
3837928,Ligue 1 2022/2023,Paris Saint-Germain,82,-1,1,8,4,76-90+,Center Attacking Midfield,MF,0.1538,0.2527,-0.0989,4,121,47,0.144,0.0,0.144,0.2429,Positive,3,1
3837918,Ligue 1 2022/2023,Rennes,4,0,0,86,1,0-30,Left Wing Back,FW,0.0,0.0,0.0,0,7,10,0.156,0.0969,0.0591,0.0591,Neutral,0,0
3837918,Ligue 1 2022/2023,Paris Saint-Germain,45,-1,1,45,1,31-60,Right Wing Back,FW,0.3692,0.124,0.2452,3,92,28,0.2691,0.5227,-0.2536,-0.4988,Negative,1,0
3837918,Ligue 1 2022/2023,Paris Saint-Germain,55,-2,1,35,2,31-60,Right Center Back,DF,0.2075,0.6466,-0.4391,2,131,16,0.117,0.1519,-0.0349,0.4042,Positive,1,2
3837918,Ligue 1 2022/2023,Paris Saint-Germain,55,-2,1,35,3,31-60,Left Center Midfield,MF,0.2075,0.6466,-0.4391,2,131,16,0.117,0.1519,-0.0349,0.4042,Positive,1,1
3837918,Ligue 1 2022/2023,Rennes,70,2,0,20,2,61-75,Right Wing,FW,0.1519,0.117,0.0349,2,86,34,0.3279,0.2922,0.0357,0.0008,Neutral,2,0
3837918,Ligue 1 2022/2023,Rennes,77,2,0,13,3,76-90+,Left Defensive Midfield,MF,0.377,0.1643,0.2127,4,94,24,0.1028,0.2111,-0.1083,-0.321,Negative,3,1
3837918,Ligue 1 2022/2023,Rennes,77,2,0,13,4,76-90+,Right Wing Back,FW,0.377,0.1643,0.2127,4,94,24,0.1028,0.2111,-0.1083,-0.321,Negative,3,0
3837918,Ligue 1 2022/2023,Rennes,78,2,0,12,5,76-90+,Center Forward,FW,0.377,0.1643,0.2127,4,94,19,0.1028,0.2111,-0.1083,-0.321,Negative,3,0
3837902,Ligue 1 2022/2023,Stade Brestois,66,0,1,24,1,61-75,Center Forward,FW,0.0758,0.5016,-0.4258,1,76,50,0.0222,0.3557,-0.3335,0.0923,Neutral,2,0
3837902,Ligue 1 2022/2023,Paris Saint-Germain,74,0,0,16,1,61-75,Right Back,DF,0.6213,0.0222,0.5991,5,85,19,0.1679,0.0175,0.1504,-0.4487,Negative,2,2
3837902,Ligue 1 2022/2023,Paris Saint-Germain,74,0,0,16,2,61-75,Left Center Midfield,MF,0.6213,0.0222,0.5991,5,85,19,0.1679,0.0175,0.1504,-0.4487,Negative,2,1
3837902,Ligue 1 2022/2023,Stade Brestois,75,0,1,15,2,61-75,Left Midfield,MF,0.0222,0.6213,-0.5991,1,79,37,0.0175,1.0558,-1.0383,-0.4392,Negative,2,1
3837902,Ligue 1 2022/2023,Paris Saint-Germain,80,0,0,10,3,76-90+,Right Center Midfield,MF,0.3557,0.0222,0.3335,4,59,18,0.888,0.0175,0.8705,0.537,Positive,3,1
3837902,Ligue 1 2022/2023,Stade Brestois,80,0,1,10,3,76-90+,Right Back,DF,0.0222,0.3557,-0.3335,1,55,24,0.0175,0.888,-0.8705,-0.537,Negative,3,2
3837885,Ligue 1 2022/2023,Paris Saint-Germain,15,0,0,75,1,0-30,Left Center Back,DF,0.0615,0.1047,-0.0432,2,72,28,0.9625,0.2031,0.7594,0.8026,Positive,0,2
3837885,Ligue 1 2022/2023,Paris Saint-Germain,60,3,0,30,2,31-60,Right Wing Back,FW,0.3629,0.2164,0.1465,3,87,28,0.0,0.357,-0.357,-0.5035,Negative,1,0
3837885,Ligue 1 2022/2023,Olympique de Marseille,65,-3,1,25,1,61-75,Right Center Back,DF,0.3539,0.3629,-0.009,3,58,43,0.2118,0.0,0.2118,0.2208,Positive,2,2
3837885,Ligue 1 2022/2023,Paris Saint-Germain,75,3,0,15,3,61-75,Left Wing Back,FW,0.0,0.357,-0.357,0,88,31,0.0,0.6795,-0.6795,-0.3225,Negative,2,0
3837885,Ligue 1 2022/2023,Olympique de Marseille,80,-3,1,10,2,76-90+,Left Center Midfield,MF,0.2118,0.0,0.2118,3,104,24,0.4917,0.0323,0.4594,0.2476,Positive,3,1
3837885,Ligue 1 2022/2023,Olympique de Marseille,80,-3,1,10,3,76-90+,Left Center Forward,FW,0.2118,0.0,0.2118,3,104,24,0.4917,0.0323,0.4594,0.2476,Positive,3,0
3837885,Ligue 1 2022/2023,Olympique de Marseille,80,-3,1,10,4,76-90+,Right Center Forward,FW,0.2118,0.0,0.2118,3,104,24,0.4917,0.0323,0.4594,0.2476,Positive,3,0
3837876,Ligue 1 2022/2023,Lille,13,-1,0,77,1,0-30,Right Center Back,DF,0.6276,0.4063,0.2213,3,64,30,0.3393,0.3073,0.032,-0.1893,Negative,0,2
3837876,Ligue 1 2022/2023,Paris Saint-Germain,30,1,1,60,1,0-30,Left Back,DF,0.3073,0.3393,-0.032,1,80,27,0.0,0.3001,-0.3001,-0.2681,Negative,0,2
3837876,Ligue 1 2022/2023,Paris Saint-Germain,50,1,1,40,2,31-60,Center Attacking Midfield,MF,0.0815,0.3075,-0.226,1,66,39,0.1324,0.7835,-0.6511,-0.4251,Negative,1,1
3837876,Ligue 1 2022/2023,Lille,65,0,0,25,2,61-75,Right Back,DF,0.7835,0.1324,0.6511,1,84,28,0.1239,0.0324,0.0915,-0.5596,Negative,2,2
3837876,Ligue 1 2022/2023,Paris Saint-Germain,74,-1,1,16,3,61-75,Left Center Midfield,MF,0.1302,0.1239,0.0063,2,71,26,0.2194,0.0038,0.2156,0.2093,Positive,2,1
3837876,Ligue 1 2022/2023,Paris Saint-Germain,74,-1,1,16,4,61-75,Right Center Midfield,MF,0.1302,0.1239,0.0063,2,71,26,0.2194,0.0038,0.2156,0.2093,Positive,2,1
3837876,Ligue 1 2022/2023,Paris Saint-Germain,74,-1,1,16,5,61-75,Right Back,DF,0.1302,0.1239,0.0063,2,71,26,0.2194,0.0038,0.2156,0.2093,Positive,2,2
3837839,Ligue 1 2022/2023,Paris Saint-Germain,45,0,1,45,1,31-60,Right Defensive Midfield,MF,0.0,0.1063,-0.1063,0,158,25,0.795,0.0328,0.7622,0.8685,Positive,1,1
3837839,Ligue 1 2022/2023,Paris Saint-Germain,62,1,1,28,2,61-75,Right Center Midfield,MF,0.96,0.0328,0.9272,4,74,21,0.3042,0.102,0.2022,-0.725,Negative,2,1
3837839,Ligue 1 2022/2023,Paris Saint-Germain,67,1,1,23,3,61-75,Right Center Midfield,MF,0.5428,0.0328,0.51,3,54,20,0.047,0.102,-0.055,-0.565,Negative,2,1
3837839,Ligue 1 2022/2023,Stade de Reims,74,-1,0,16,1,61-75,Left Midfield,MF,0.0759,0.5428,-0.4669,2,81,23,0.2169,0.332,-0.1151,0.3518,Positive,2,1
3837839,Ligue 1 2022/2023,Stade de Reims,74,-1,0,16,2,61-75,Right Center Midfield,MF,0.0759,0.5428,-0.4669,2,81,23,0.2169,0.332,-0.1151,0.3518,Positive,2,1
3837839,Ligue 1 2022/2023,Stade de Reims,82,-1,0,8,3,76-90+,Right Midfield,MF,0.102,0.047,0.055,2,66,38,0.8708,0.2849,0.5859,0.5309,Positive,3,1
3837839,Ligue 1 2022/2023,Stade de Reims,82,-1,0,8,4,76-90+,Left Center Midfield,MF,0.102,0.047,0.055,2,66,38,0.8708,0.2849,0.5859,0.5309,Positive,3,1
3837839,Ligue 1 2022/2023,Paris Saint-Germain,83,1,1,7,4,76-90+,Left Center Midfield,MF,0.332,0.102,0.23,3,112,8,0.0,0.8708,-0.8708,-1.1008,Negative,3,1
3837827,Ligue 1 2022/2023,Paris Saint-Germain,55,0,0,35,1,31-60,Center Forward,FW,0.2403,0.0,0.2403,3,98,29,0.6033,0.1757,0.4276,0.1873,Positive,1,0
3837827,Ligue 1 2022/2023,Paris Saint-Germain,55,0,0,35,2,31-60,Right Wing Back,FW,0.2403,0.0,0.2403,3,98,29,0.6033,0.1757,0.4276,0.1873,Positive,1,0
3837827,Ligue 1 2022/2023,Rennes,67,1,1,23,1,61-75,Right Wing,FW,0.1757,0.0,0.1757,3,55,16,0.0,0.6414,-0.6414,-0.8171,Negative,2,0
3837827,Ligue 1 2022/2023,Paris Saint-Germain,71,-1,0,19,3,61-75,Right Defensive Midfield,MF,0.6033,0.1484,0.4549,1,99,21,0.0896,0.0,0.0896,-0.3653,Negative,2,1
3837827,Ligue 1 2022/2023,Paris Saint-Germain,71,-1,0,19,4,61-75,Left Defensive Midfield,MF,0.6033,0.1484,0.4549,1,99,21,0.0896,0.0,0.0896,-0.3653,Negative,2,1
3837827,Ligue 1 2022/2023,Rennes,74,1,1,16,2,61-75,Center Forward,FW,0.0622,0.6033,-0.5411,1,64,26,0.0,0.0896,-0.0896,0.4515,Positive,2,0
3837827,Ligue 1 2022/2023,Rennes,75,1,1,15,3,61-75,Left Wing Back,FW,0.0622,0.6033,-0.5411,1,62,24,0.0,0.0896,-0.0896,0.4515,Positive,2,0
3837827,Ligue 1 2022/2023,Paris Saint-Germain,82,-1,0,8,5,76-90+,Center Defensive Midfield,MF,0.6414,0.0,0.6414,2,96,24,0.0515,0.1041,-0.0526,-0.694,Negative,3,1
3837818,Ligue 1 2022/2023,Angers,61,-1,0,29,1,61-75,Right Midfield,MF,0.1772,0.1466,0.0306,2,107,35,0.0225,0.3214,-0.2989,-0.3295,Negative,2,1
3837818,Ligue 1 2022/2023,Angers,61,-1,0,29,2,61-75,Left Midfield,MF,0.1772,0.1466,0.0306,2,107,35,0.0225,0.3214,-0.2989,-0.3295,Negative,2,1
3837818,Ligue 1 2022/2023,Angers,61,-1,0,29,3,61-75,Right Center Forward,FW,0.1772,0.1466,0.0306,2,107,35,0.0225,0.3214,-0.2989,-0.3295,Negative,2,0
3837818,Ligue 1 2022/2023,Paris Saint-Germain,78,2,1,12,1,76-90+,Right Defensive Midfield,MF,0.3214,0.0225,0.2989,1,116,28,0.282,0.1222,0.1598,-0.1391,Negative,3,1
3837818,Ligue 1 2022/2023,Paris Saint-Germain,79,2,1,11,2,76-90+,Center Forward,FW,0.3214,0.0225,0.2989,1,104,26,0.282,0.1222,0.1598,-0.1391,Negative,3,0
3837818,Ligue 1 2022/2023,Angers,79,-2,0,11,4,76-90+,Right Defensive Midfield,MF,0.0225,0.3214,-0.2989,1,97,16,0.1222,0.282,-0.1598,0.1391,Positive,3,1
3837818,Ligue 1 2022/2023,Angers,79,-2,0,11,5,76-90+,Center Forward,FW,0.0225,0.3214,-0.2989,1,97,16,0.1222,0.282,-0.1598,0.1391,Positive,3,0
3837818,Ligue 1 2022/2023,Paris Saint-Germain,85,2,1,5,3,76-90+,Center Defensive Midfield,MF,0.438,0.0,0.438,3,106,17,0.1655,0.1222,0.0433,-0.3947,Negative,3,1
3837785,Ligue 1 2022/2023,Auxerre,56,-2,0,34,1,31-60,Right Wing,FW,0.2503,0.1344,0.1159,3,126,35,0.2576,0.2989,-0.0413,-0.1572,Negative,1,0
3837785,Ligue 1 2022/2023,Auxerre,57,-3,0,33,2,31-60,Center Forward,FW,0.3161,0.3306,-0.0145,4,115,35,0.2257,0.1027,0.123,0.1375,Positive,1,0
3837785,Ligue 1 2022/2023,Auxerre,57,-3,0,33,3,31-60,Right Wing Back,FW,0.3161,0.3306,-0.0145,4,115,35,0.2257,0.1027,0.123,0.1375,Positive,1,0
3837785,Ligue 1 2022/2023,Paris Saint-Germain,60,3,1,30,1,31-60,Right Center Midfield,MF,0.3306,0.3161,0.0145,2,101,27,0.1027,0.2257,-0.123,-0.1375,Negative,1,1
3837785,Ligue 1 2022/2023,Auxerre,68,-3,0,22,4,61-75,Left Wing,FW,0.2072,0.2989,-0.0917,2,107,25,0.2257,0.2266,-0.0009,0.0908,Neutral,2,0
3837785,Ligue 1 2022/2023,Paris Saint-Germain,74,3,1,16,2,61-75,Right Center Forward,FW,0.1027,0.2257,-0.123,1,112,23,0.6611,0.0,0.6611,0.7841,Positive,2,0
3837785,Ligue 1 2022/2023,Paris Saint-Germain,74,3,1,16,3,61-75,Center Attacking Midfield,MF,0.1027,0.2257,-0.123,1,112,23,0.6611,0.0,0.6611,0.7841,Positive,2,1
3837785,Ligue 1 2022/2023,Paris Saint-Germain,74,3,1,16,4,61-75,Left Center Back,DF,0.1027,0.2257,-0.123,1,112,23,0.6611,0.0,0.6611,0.7841,Positive,2,2
3837785,Ligue 1 2022/2023,Paris Saint-Germain,81,4,1,9,5,76-90+,Left Center Midfield,MF,0.2266,0.2257,0.0009,2,116,18,0.5869,0.0,0.5869,0.586,Positive,3,1
3837785,Ligue 1 2022/2023,Auxerre,83,-4,0,7,5,76-90+,Right Center Midfield,MF,0.2257,0.2266,-0.0009,3,67,18,0.0,0.5869,-0.5869,-0.586,Negative,3,1
3837747,Ligue 1 2022/2023,Paris Saint-Germain,24,0,1,66,1,0-30,Left Center Back,DF,0.1385,0.0893,0.0492,1,43,20,0.2209,0.2421,-0.0212,-0.0704,Neutral,0,2
3837747,Ligue 1 2022/2023,Marseille,43,0,0,47,1,31-60,Center Back,DF,0.1686,0.0772,0.0914,4,48,26,0.5633,0.3298,0.2335,0.1421,Positive,1,2
3837747,Ligue 1 2022/2023,Marseille,69,-1,0,21,2,61-75,Left Wing Back,FW,0.0668,0.371,-0.3042,2,87,28,0.0,0.2128,-0.2128,0.0914,Neutral,2,0
3837747,Ligue 1 2022/2023,Marseille,70,-1,0,20,3,61-75,Left Attacking Midfield,MF,0.0668,0.371,-0.3042,2,89,31,0.0,0.285,-0.285,0.0192,Neutral,2,1
3837747,Ligue 1 2022/2023,Marseille,78,-1,0,12,4,76-90+,Left Center Forward,FW,0.0423,0.3039,-0.2616,1,87,25,0.1568,0.2774,-0.1206,0.141,Positive,3,0
3837747,Ligue 1 2022/2023,Paris Saint-Germain,79,1,1,11,2,76-90+,Right Center Forward,FW,0.3039,0.0423,0.2616,4,96,16,0.2774,0.1841,0.0933,-0.1683,Negative,3,0
3837747,Ligue 1 2022/2023,Marseille,79,-1,0,11,5,76-90+,Left Center Midfield,MF,0.0423,0.3039,-0.2616,1,69,24,0.1841,0.2774,-0.0933,0.1683,Positive,3,1
3837680,Ligue 1 2022/2023,AS Monaco,24,1,0,66,1,0-30,Right Center Forward,FW,0.0769,0.0,0.0769,1,60,19,0.1075,0.138,-0.0305,-0.1074,Negative,0,0
3837680,Ligue 1 2022/2023,Paris Saint-Germain,63,-1,1,27,1,61-75,Right Defensive Midfield,MF,0.3827,0.0,0.3827,5,156,22,0.8552,0.0,0.8552,0.4725,Positive,2,1
3837680,Ligue 1 2022/2023,AS Monaco,63,1,0,27,2,61-75,Center Attacking Midfield,MF,0.0,0.3827,-0.3827,0,56,32,0.0,0.8552,-0.8552,-0.4725,Negative,2,1
3837680,Ligue 1 2022/2023,AS Monaco,63,1,0,27,3,61-75,Right Center Forward,FW,0.0,0.3827,-0.3827,0,56,32,0.0,0.8552,-0.8552,-0.4725,Negative,2,0
3837680,Ligue 1 2022/2023,AS Monaco,73,0,0,17,4,61-75,Left Defensive Midfield,MF,0.0,1.1342,-1.1342,0,35,24,0.0,0.4079,-0.4079,0.7263,Positive,2,1
3837659,Ligue 1 2022/2023,Montpellier,69,-2,0,21,1,61-75,Right Midfield,MF,0.6354,0.1252,0.5102,3,91,20,0.0238,0.3684,-0.3446,-0.8548,Negative,2,1
3837659,Ligue 1 2022/2023,Paris Saint-Germain,69,2,1,21,1,61-75,Left Defensive Midfield,MF,0.1252,0.6354,-0.5102,1,109,28,0.3684,0.0238,0.3446,0.8548,Positive,2,1
3837659,Ligue 1 2022/2023,Montpellier,77,-2,0,13,2,76-90+,Center Forward,FW,0.0563,0.3705,-0.3142,2,58,15,0.1491,0.4475,-0.2984,0.0158,Neutral,3,0
3837659,Ligue 1 2022/2023,Montpellier,77,-2,0,13,3,76-90+,Left Midfield,MF,0.0563,0.3705,-0.3142,2,58,15,0.1491,0.4475,-0.2984,0.0158,Neutral,3,1
3837659,Ligue 1 2022/2023,Paris Saint-Germain,85,2,1,5,2,76-90+,Right Defensive Midfield,MF,0.3684,0.0238,0.3446,5,87,25,0.3244,0.1455,0.1789,-0.1657,Negative,3,1
3837659,Ligue 1 2022/2023,Paris Saint-Germain,85,2,1,5,3,76-90+,Right Wing Back,FW,0.3684,0.0238,0.3446,5,87,25,0.3244,0.1455,0.1789,-0.1657,Negative,3,0
3837659,Ligue 1 2022/2023,Paris Saint-Germain,85,2,1,5,4,76-90+,Right Center Forward,FW,0.3684,0.0238,0.3446,5,87,25,0.3244,0.1455,0.1789,-0.1657,Negative,3,0
3837659,Ligue 1 2022/2023,Montpellier,85,-2,0,5,4,76-90+,Center Defensive Midfield,MF,0.0238,0.3684,-0.3446,2,105,16,0.1455,0.3244,-0.1789,0.1657,Positive,3,1
3837659,Ligue 1 2022/2023,Montpellier,85,-2,0,5,5,76-90+,Left Center Midfield,MF,0.0238,0.3684,-0.3446,2,105,16,0.1455,0.3244,-0.1789,0.1657,Positive,3,1
3837650,Ligue 1 2022/2023,Paris Saint-Germain,66,3,0,24,1,61-75,Right Defensive Midfield,MF,0.1553,0.1375,0.0178,1,127,30,0.6923,0.0,0.6923,0.6745,Positive,2,1
3837650,Ligue 1 2022/2023,Paris Saint-Germain,66,3,0,24,2,61-75,Right Center Back,DF,0.1553,0.1375,0.0178,1,127,30,0.6923,0.0,0.6923,0.6745,Positive,2,2
3837650,Ligue 1 2022/2023,Clermont Foot,72,-3,1,18,1,61-75,Center Attacking Midfield,MF,0.1007,0.0704,0.0303,2,91,11,0.0,0.9452,-0.9452,-0.9755,Negative,2,1
3837650,Ligue 1 2022/2023,Clermont Foot,72,-3,1,18,2,61-75,Right Wing,FW,0.1007,0.0704,0.0303,2,91,11,0.0,0.9452,-0.9452,-0.9755,Negative,2,0
3837650,Ligue 1 2022/2023,Paris Saint-Germain,76,3,0,14,3,76-90+,Right Wing,FW,0.0704,0.0733,-0.0029,1,149,25,1.0156,0.0,1.0156,1.0185,Positive,3,0
3837650,Ligue 1 2022/2023,Paris Saint-Germain,76,3,0,14,4,76-90+,Left Wing Back,FW,0.0704,0.0733,-0.0029,1,149,25,1.0156,0.0,1.0156,1.0185,Positive,3,0
3837650,Ligue 1 2022/2023,Clermont Foot,81,-4,1,9,3,76-90+,Left Wing,FW,0.0,0.6923,-0.6923,0,76,12,0.0,0.3937,-0.3937,0.2986,Positive,3,0
3837650,Ligue 1 2022/2023,Paris Saint-Germain,81,4,0,9,5,76-90+,Left Defensive Midfield,MF,0.6923,0.0,0.6923,3,134,21,0.3937,0.0,0.3937,-0.2986,Negative,3,1
3837650,Ligue 1 2022/2023,Clermont Foot,84,-4,1,6,4,76-90+,Right Defensive Midfield,MF,0.0,0.6534,-0.6534,0,86,15,0.0,0.3622,-0.3622,0.2912,Positive,3,1
3838004,Ligue 1 2022/2023,Strasbourg,65,-1,1,25,1,61-75,Right Wing Back,FW,0.0932,0.2426,-0.1494,3,53,44,0.883,0.3815,0.5015,0.6509,Positive,2,0
3838004,Ligue 1 2022/2023,Strasbourg,75,-1,1,15,2,61-75,Center Defensive Midfield,MF,0.2603,0.3815,-0.1212,5,46,49,0.7545,0.0,0.7545,0.8757,Positive,2,1
3838004,Ligue 1 2022/2023,Paris Saint-Germain,83,0,0,7,1,76-90+,Right Center Midfield,MF,0.3815,0.883,-0.5015,1,90,20,0.0,0.0775,-0.0775,0.424,Positive,3,1
3837998,Ligue 1 2022/2023,Paris Saint-Germain,54,1,0,36,1,31-60,Center Forward,FW,0.2073,0.3147,-0.1074,2,85,19,0.3919,0.0,0.3919,0.4993,Positive,1,0
3837998,Ligue 1 2022/2023,Paris Saint-Germain,78,1,0,12,2,76-90+,Left Center Midfield,MF,0.1155,0.2103,-0.0948,2,99,31,0.161,0.0848,0.0762,0.171,Positive,3,1
3837998,Ligue 1 2022/2023,Auxerre,85,-1,1,5,1,76-90+,Left Wing,FW,0.2103,0.0817,0.1286,2,84,25,0.0848,0.485,-0.4002,-0.5288,Negative,3,0
3837998,Ligue 1 2022/2023,Auxerre,85,-1,1,5,2,76-90+,Center Forward,FW,0.2103,0.0817,0.1286,2,84,25,0.0848,0.485,-0.4002,-0.5288,Negative,3,0
3837998,Ligue 1 2022/2023,Auxerre,85,-1,1,5,3,76-90+,Right Wing,FW,0.2103,0.0817,0.1286,2,84,25,0.0848,0.485,-0.4002,-0.5288,Negative,3,0
3837963,Ligue 1 2022/2023,Paris Saint-Germain,45,-1,1,45,1,31-60,Right Center Midfield,MF,0.0393,0.5308,-0.4915,1,100,28,0.2389,0.0,0.2389,0.7304,Positive,1,1
3837963,Ligue 1 2022/2023,Paris Saint-Germain,55,-1,1,35,2,31-60,Left Back,DF,0.1044,0.1272,-0.0228,2,123,31,0.4469,0.0373,0.4096,0.4324,Positive,1,2
3837963,Ligue 1 2022/2023,Lorient,58,1,0,32,1,31-60,Right Defensive Midfield,MF,0.0,0.1576,-0.1576,0,87,43,0.0373,0.3543,-0.317,-0.1594,Negative,1,1
3837963,Ligue 1 2022/2023,Lorient,64,1,0,26,2,61-75,Right Wing Back,FW,0.0,0.2846,-0.2846,0,54,36,0.3901,0.2274,0.1627,0.4473,Positive,2,0
3837963,Ligue 1 2022/2023,Lorient,64,1,0,26,3,61-75,Center Forward,FW,0.0,0.2846,-0.2846,0,54,36,0.3901,0.2274,0.1627,0.4473,Positive,2,0
3837963,Ligue 1 2022/2023,Paris Saint-Germain,64,-1,1,26,3,61-75,Right Center Midfield,MF,0.2846,0.0,0.2846,5,104,26,0.2274,0.3901,-0.1627,-0.4473,Negative,2,1
3837963,Ligue 1 2022/2023,Paris Saint-Germain,77,-1,1,13,4,76-90+,Left Center Back,DF,0.2274,0.3901,-0.1627,2,79,17,0.0,1.6584,-1.6584,-1.4957,Negative,3,2
3837954,Ligue 1 2022/2023,Paris Saint-Germain,61,2,0,29,1,61-75,Right Center Midfield,MF,0.0986,0.2282,-0.1296,1,142,23,0.0215,0.1987,-0.1772,-0.0476,Neutral,2,1
3837954,Ligue 1 2022/2023,Angers,67,-2,1,23,1,61-75,Left Center Back,DF,0.2248,0.0986,0.1262,3,80,47,0.0791,0.118,-0.0389,-0.1651,Negative,2,2
3837954,Ligue 1 2022/2023,Angers,68,-2,1,22,2,61-75,Right Center Forward,FW,0.2248,0.0986,0.1262,3,67,48,0.0791,0.118,-0.0389,-0.1651,Negative,2,0
3837947,Ligue 1 2022/2023,Lens,45,-3,0,45,1,31-60,Left Center Midfield,MF,0.2131,0.4954,-0.2823,2,86,29,1.0145,0.0,1.0145,1.2968,Positive,1,1
3837947,Ligue 1 2022/2023,Lens,45,-3,0,45,2,31-60,Right Center Midfield,MF,0.2131,0.4954,-0.2823,2,86,29,1.0145,0.0,1.0145,1.2968,Positive,1,1
3837947,Ligue 1 2022/2023,Lens,72,-2,0,18,3,61-75,Left Wing Back,FW,0.9473,0.0378,0.9095,4,45,34,0.0701,0.4745,-0.4044,-1.3139,Negative,2,0
3837947,Ligue 1 2022/2023,Paris Saint-Germain,76,2,1,14,1,76-90+,Left Back,DF,0.2294,0.2339,-0.0045,2,137,34,0.3598,0.0755,0.2843,0.2888,Positive,3,2
3837947,Ligue 1 2022/2023,Lens,83,-2,0,7,4,76-90+,Right Center Back,DF,0.0701,0.5123,-0.4422,2,52,34,0.0755,0.2312,-0.1557,0.2865,Positive,3,2
3837938,Ligue 1 2022/2023,Paris Saint-Germain,9,0,0,81,1,0-30,Center Defensive Midfield,MF,0.1255,0.0,0.1255,3,117,6,0.1666,0.0867,0.0799,-0.0456,Neutral,0,1
3837938,Ligue 1 2022/2023,OGC Nice,67,-1,1,23,1,61-75,Left Back,DF,0.0903,0.1817,-0.0914,2,94,35,0.1858,0.1129,0.0729,0.1643,Positive,2,2
3837938,Ligue 1 2022/2023,OGC Nice,67,-1,1,23,2,61-75,Right Back,DF,0.0903,0.1817,-0.0914,2,94,35,0.1858,0.1129,0.0729,0.1643,Positive,2,2
3837938,Ligue 1 2022/2023,OGC Nice,74,-1,1,16,3,61-75,Left Center Midfield,MF,0.1002,0.0951,0.0051,2,64,54,0.12,0.1129,0.0071,0.002,Neutral,2,1
3837938,Ligue 1 2022/2023,Paris Saint-Germain,76,2,0,14,2,76-90+,Left Wing Back,FW,0.1605,0.1002,0.0603,3,121,17,0.0,0.12,-0.12,-0.1803,Negative,3,0
3837938,Ligue 1 2022/2023,OGC Nice,82,-2,1,8,4,76-90+,Right Center Midfield,MF,0.1858,0.1129,0.0729,4,67,42,0.0721,0.0,0.0721,-0.0008,Neutral,3,1
3837938,Ligue 1 2022/2023,OGC Nice,82,-2,1,8,5,76-90+,Center Forward,FW,0.1858,0.1129,0.0729,4,67,42,0.0721,0.0,0.0721,-0.0008,Neutral,3,0
3837896,Ligue 1 2022/2023,Nantes,69,0,0,21,1,61-75,Center Attacking Midfield,MF,0.0121,0.224,-0.2119,1,44,21,0.2039,0.2268,-0.0229,0.189,Positive,2,1
3837896,Ligue 1 2022/2023,Nantes,69,0,0,21,2,61-75,Left Center Back,DF,0.0121,0.224,-0.2119,1,44,21,0.2039,0.2268,-0.0229,0.189,Positive,2,2
3837896,Ligue 1 2022/2023,Nantes,69,0,0,21,3,61-75,Left Wing Back,FW,0.0121,0.224,-0.2119,1,44,21,0.2039,0.2268,-0.0229,0.189,Positive,2,0
3837896,Ligue 1 2022/2023,Paris Saint-Germain,70,0,1,20,1,61-75,Right Wing Back,FW,0.224,0.0121,0.2119,3,68,8,0.2268,0.2039,0.0229,-0.189,Negative,2,0
3837896,Ligue 1 2022/2023,Paris Saint-Germain,75,0,1,15,2,61-75,Left Center Back,DF,0.1202,0.0121,0.1081,3,62,15,0.1513,0.2039,-0.0526,-0.1607,Negative,2,2
3837896,Ligue 1 2022/2023,Nantes,79,0,0,11,4,76-90+,Right Center Forward,FW,0.2039,0.2349,-0.031,1,40,24,0.0,0.6054,-0.6054,-0.5744,Negative,3,0
3837896,Ligue 1 2022/2023,Nantes,80,0,0,10,5,76-90+,Right Defensive Midfield,MF,0.2039,0.2349,-0.031,1,40,26,0.0368,0.6054,-0.5686,-0.5376,Negative,3,1
3837896,Ligue 1 2022/2023,Paris Saint-Germain,85,0,1,5,3,76-90+,Center Defensive Midfield,MF,0.2268,0.2039,0.0229,3,134,20,0.6054,0.0368,0.5686,0.5457,Positive,3,1
3837859,Ligue 1 2022/2023,Paris Saint-Germain,13,0,1,77,1,0-30,Center Defensive Midfield,MF,0.1764,0.0,0.1764,1,94,29,0.2356,0.0671,0.1685,-0.0079,Neutral,0,1
3837859,Ligue 1 2022/2023,Toulouse,61,-1,0,29,1,61-75,Center Forward,FW,0.0358,0.1832,-0.1474,2,90,30,0.0804,0.3315,-0.2511,-0.1037,Negative,2,0
3837859,Ligue 1 2022/2023,Toulouse,61,-1,0,29,2,61-75,Right Back,DF,0.0358,0.1832,-0.1474,2,90,30,0.0804,0.3315,-0.2511,-0.1037,Negative,2,2
3837859,Ligue 1 2022/2023,Toulouse,70,-1,0,20,3,61-75,Left Back,DF,0.0804,0.2064,-0.126,3,69,29,0.0947,0.2129,-0.1182,0.0078,Neutral,2,2
3837859,Ligue 1 2022/2023,Paris Saint-Germain,75,1,1,15,2,61-75,Left Back,DF,0.263,0.0804,0.1826,3,97,19,0.0685,0.1665,-0.098,-0.2806,Negative,2,2
3837859,Ligue 1 2022/2023,Paris Saint-Germain,75,1,1,15,3,61-75,Right Center Midfield,MF,0.263,0.0804,0.1826,3,97,19,0.0685,0.1665,-0.098,-0.2806,Negative,2,1
3837859,Ligue 1 2022/2023,Toulouse,80,-1,0,10,4,76-90+,Right Center Midfield,MF,0.1564,0.3315,-0.1751,4,60,26,0.441,0.4296,0.0114,0.1865,Positive,3,1
3837859,Ligue 1 2022/2023,Toulouse,80,-1,0,10,5,76-90+,Right Wing,FW,0.1564,0.3315,-0.1751,4,60,26,0.441,0.4296,0.0114,0.1865,Positive,3,0
3837844,Ligue 1 2022/2023,Paris Saint-Germain,21,0,0,69,1,0-30,Left Center Forward,FW,1.5388,0.0,1.5388,5,58,9,0.0,0.0685,-0.0685,-1.6073,Negative,0,0
3837844,Ligue 1 2022/2023,Paris Saint-Germain,30,0,0,60,2,0-30,Left Center Back,DF,0.2133,0.0685,0.1448,3,119,19,0.0736,0.0,0.0736,-0.0712,Neutral,0,2
3837844,Ligue 1 2022/2023,Montpellier,61,-1,1,29,1,61-75,Right Center Forward,FW,0.0897,0.4581,-0.3684,1,67,40,0.0556,1.3812,-1.3256,-0.9572,Negative,2,0
3837844,Ligue 1 2022/2023,Montpellier,61,-1,1,29,2,61-75,Right Center Midfield,MF,0.0897,0.4581,-0.3684,1,67,40,0.0556,1.3812,-1.3256,-0.9572,Negative,2,1
3837844,Ligue 1 2022/2023,Paris Saint-Germain,68,1,0,22,3,61-75,Center Attacking Midfield,MF,0.862,0.0897,0.7723,4,142,13,1.0012,0.0556,0.9456,0.1733,Positive,2,1
3837844,Ligue 1 2022/2023,Paris Saint-Germain,69,1,0,21,4,61-75,Left Back,DF,0.862,0.0897,0.7723,4,133,13,1.0454,0.0556,0.9898,0.2175,Positive,2,2
3837844,Ligue 1 2022/2023,Montpellier,82,-2,1,8,3,76-90+,Center Defensive Midfield,MF,0.0556,1.0012,-0.9456,1,76,22,0.1325,0.488,-0.3555,0.5901,Positive,3,1
3837844,Ligue 1 2022/2023,Montpellier,82,-2,1,8,4,76-90+,Left Wing Back,FW,0.0556,1.0012,-0.9456,1,76,22,0.1325,0.488,-0.3555,0.5901,Positive,3,0
3837844,Ligue 1 2022/2023,Montpellier,84,-2,1,6,5,76-90+,Right Wing Back,FW,0.0556,1.0454,-0.9898,1,88,23,0.1325,0.4439,-0.3114,0.6784,Positive,3,0
3837771,Ligue 1 2022/2023,Paris Saint-Germain,58,0,1,32,1,31-60,Left Center Back,DF,0.1852,0.2062,-0.021,3,126,25,0.5622,0.0,0.5622,0.5832,Positive,1,2
3837771,Ligue 1 2022/2023,Paris Saint-Germain,58,0,1,32,2,31-60,Left Center Midfield,MF,0.1852,0.2062,-0.021,3,126,25,0.5622,0.0,0.5622,0.5832,Positive,1,1
3837771,Ligue 1 2022/2023,Troyes,71,-1,0,19,1,61-75,Left Wing Back,FW,0.024,0.5622,-0.5382,1,64,23,0.2003,0.8075,-0.6072,-0.069,Neutral,2,0
3837771,Ligue 1 2022/2023,Troyes,71,-1,0,19,2,61-75,Right Wing Back,FW,0.024,0.5622,-0.5382,1,64,23,0.2003,0.8075,-0.6072,-0.069,Neutral,2,0
3837771,Ligue 1 2022/2023,Paris Saint-Germain,76,1,1,14,3,76-90+,Left Center Midfield,MF,0.5622,0.0,0.5622,2,121,26,0.9084,0.8996,0.0088,-0.5534,Negative,3,1
3837771,Ligue 1 2022/2023,Troyes,80,-2,0,10,3,76-90+,Left Wing,FW,0.0327,1.1104,-1.0777,1,54,33,0.867,0.1008,0.7662,1.8439,Positive,3,0
3837771,Ligue 1 2022/2023,Troyes,80,-2,0,10,4,76-90+,Right Defensive Midfield,MF,0.0327,1.1104,-1.0777,1,54,33,0.867,0.1008,0.7662,1.8439,Positive,3,1
3837771,Ligue 1 2022/2023,Paris Saint-Germain,83,2,1,7,4,76-90+,Left Back,DF,0.8075,0.0838,0.7237,2,116,24,0.1008,0.8159,-0.7151,-1.4388,Negative,3,2
3837771,Ligue 1 2022/2023,Paris Saint-Germain,84,2,1,6,5,76-90+,Center Defensive Midfield,MF,0.8075,0.2003,0.6072,2,98,20,0.1008,0.6993,-0.5985,-1.2057,Negative,3,1
3837752,Ligue 1 2022/2023,AC Ajaccio,56,-1,1,34,1,31-60,Right Midfield,MF,0.0,0.2517,-0.2517,0,66,25,0.0758,0.3317,-0.2559,-0.0042,Neutral,1,1
3837752,Ligue 1 2022/2023,AC Ajaccio,56,-1,1,34,2,31-60,Left Center Forward,FW,0.0,0.2517,-0.2517,0,66,25,0.0758,0.3317,-0.2559,-0.0042,Neutral,1,0
3837752,Ligue 1 2022/2023,Paris Saint-Germain,61,1,0,29,1,61-75,Left Center Midfield,MF,0.3624,0.0478,0.3146,4,156,14,0.221,0.0279,0.1931,-0.1215,Negative,2,1
3837752,Ligue 1 2022/2023,Paris Saint-Germain,70,1,0,20,2,61-75,Center Attacking Midfield,MF,0.3317,0.0478,0.2839,2,102,18,1.2252,0.0279,1.1973,0.9134,Positive,2,1
3837752,Ligue 1 2022/2023,AC Ajaccio,73,-1,1,17,3,61-75,Right Center Forward,FW,0.0758,0.221,-0.1452,3,71,29,0.0,1.2252,-1.2252,-1.08,Negative,2,0
3837752,Ligue 1 2022/2023,AC Ajaccio,73,-1,1,17,4,61-75,Left Back,DF,0.0758,0.221,-0.1452,3,71,29,0.0,1.2252,-1.2252,-1.08,Negative,2,2
3837752,Ligue 1 2022/2023,Paris Saint-Germain,82,3,0,8,3,76-90+,Left Center Forward,FW,1.2252,0.0279,1.1973,2,93,15,0.0,0.0,0.0,-1.1973,Negative,3,0
3837752,Ligue 1 2022/2023,Paris Saint-Germain,82,3,0,8,4,76-90+,Right Center Midfield,MF,1.2252,0.0279,1.1973,2,93,15,0.0,0.0,0.0,-1.1973,Negative,3,1
3837752,Ligue 1 2022/2023,Paris Saint-Germain,82,3,0,8,5,76-90+,Left Center Back,DF,1.2252,0.0279,1.1973,2,93,15,0.0,0.0,0.0,-1.1973,Negative,3,2
3837752,Ligue 1 2022/2023,AC Ajaccio,82,-3,1,8,5,76-90+,Left Center Forward,FW,0.0279,1.2252,-1.1973,1,65,28,0.0,0.0,0.0,1.1973,Positive,3,0
3837727,Ligue 1 2022/2023,Paris Saint-Germain,58,0,1,32,1,31-60,Center Forward,FW,0.089,0.3143,-0.2253,2,85,32,0.0895,0.0,0.0895,0.3148,Positive,1,0
3837727,Ligue 1 2022/2023,Paris Saint-Germain,58,0,1,32,2,31-60,Left Wing Back,FW,0.089,0.3143,-0.2253,2,85,32,0.0895,0.0,0.0895,0.3148,Positive,1,0
3837727,Ligue 1 2022/2023,OGC Nice,61,0,0,29,1,61-75,Left Defensive Midfield,MF,0.3143,0.0927,0.2216,2,111,23,0.0445,0.0468,-0.0023,-0.2239,Negative,2,1
3837727,Ligue 1 2022/2023,OGC Nice,61,0,0,29,2,61-75,Right Wing,FW,0.3143,0.0927,0.2216,2,111,23,0.0445,0.0468,-0.0023,-0.2239,Negative,2,0
3837727,Ligue 1 2022/2023,Paris Saint-Germain,71,0,1,19,3,61-75,Left Defensive Midfield,MF,0.0895,0.0,0.0895,2,70,14,0.1728,0.0445,0.1283,0.0388,Neutral,2,1
3837727,Ligue 1 2022/2023,OGC Nice,75,0,0,15,3,61-75,Right Wing Back,FW,0.0445,0.0468,-0.0023,1,103,22,0.0,0.3729,-0.3729,-0.3706,Negative,2,0
3837727,Ligue 1 2022/2023,OGC Nice,75,0,0,15,4,61-75,Right Defensive Midfield,MF,0.0445,0.0468,-0.0023,1,103,22,0.0,0.3729,-0.3729,-0.3706,Negative,2,1
3837727,Ligue 1 2022/2023,OGC Nice,83,-1,0,7,5,76-90+,Center Forward,FW,0.0445,0.1728,-0.1283,1,59,25,0.0,0.2,-0.2,-0.0717,Neutral,3,0
3837717,Ligue 1 2022/2023,Lyon,45,-1,1,45,1,31-60,Left Defensive Midfield,MF,0.0732,0.0813,-0.0081,2,72,20,0.0401,0.1664,-0.1263,-0.1182,Negative,1,1
3837717,Ligue 1 2022/2023,Paris Saint-Germain,56,1,0,34,1,31-60,Right Defensive Midfield,MF,0.189,0.0401,0.1489,2,168,21,0.0,0.0,0.0,-0.1489,Negative,1,1
3837717,Ligue 1 2022/2023,Paris Saint-Germain,63,1,0,27,2,61-75,Left Defensive Midfield,MF,0.0,0.0401,-0.0401,0,130,17,0.6353,0.0911,0.5442,0.5843,Positive,2,1
3837717,Ligue 1 2022/2023,Lyon,74,-1,1,16,2,61-75,Left Defensive Midfield,MF,0.0,0.4948,-0.4948,0,73,25,0.2859,0.2956,-0.0097,0.4851,Positive,2,1
3837717,Ligue 1 2022/2023,Lyon,74,-1,1,16,3,61-75,Right Midfield,MF,0.0,0.4948,-0.4948,0,73,25,0.2859,0.2956,-0.0097,0.4851,Positive,2,1
3837717,Ligue 1 2022/2023,Paris Saint-Germain,85,1,0,5,3,76-90+,Left Wing,FW,0.7904,0.2859,0.5045,3,85,15,0.0965,0.0,0.0965,-0.408,Negative,3,0
3837706,Ligue 1 2022/2023,Stade Brestois,61,-1,0,29,1,61-75,Left Defensive Midfield,MF,0.0273,0.5796,-0.5523,1,109,41,0.8654,0.0439,0.8215,1.3738,Positive,2,1
3837706,Ligue 1 2022/2023,Stade Brestois,61,-1,0,29,2,61-75,Right Center Back,DF,0.0273,0.5796,-0.5523,1,109,41,0.8654,0.0439,0.8215,1.3738,Positive,2,2
3837706,Ligue 1 2022/2023,Paris Saint-Germain,61,1,1,29,1,61-75,Left Defensive Midfield,MF,0.5796,0.0273,0.5523,3,122,35,0.0439,0.8654,-0.8215,-1.3738,Negative,2,1
3837706,Ligue 1 2022/2023,Stade Brestois,70,-1,0,20,3,61-75,Left Wing,FW,0.7835,0.3065,0.477,1,73,32,0.0819,0.0213,0.0606,-0.4164,Negative,2,0
3837706,Ligue 1 2022/2023,Stade Brestois,70,-1,0,20,4,61-75,Right Wing Back,FW,0.7835,0.3065,0.477,1,73,32,0.0819,0.0213,0.0606,-0.4164,Negative,2,0
3837706,Ligue 1 2022/2023,Paris Saint-Germain,77,1,1,13,2,76-90+,Center Forward,FW,0.0439,0.8654,-0.8215,1,84,24,0.1204,0.0,0.1204,0.9419,Positive,3,0
3837706,Ligue 1 2022/2023,Paris Saint-Germain,77,1,1,13,3,76-90+,Left Wing Back,FW,0.0439,0.8654,-0.8215,1,84,24,0.1204,0.0,0.1204,0.9419,Positive,3,0
3837706,Ligue 1 2022/2023,Paris Saint-Germain,77,1,1,13,4,76-90+,Left Attacking Midfield,MF,0.0439,0.8654,-0.8215,1,84,24,0.1204,0.0,0.1204,0.9419,Positive,3,1
3837695,Ligue 1 2022/2023,Paris Saint-Germain,32,1,0,58,1,31-60,Left Defensive Midfield,MF,0.0626,0.0,0.0626,1,87,8,0.0894,0.0882,0.0012,-0.0614,Neutral,1,1
3837695,Ligue 1 2022/2023,Paris Saint-Germain,45,1,0,45,2,31-60,Left Wing Back,FW,0.0894,0.0882,0.0012,1,135,15,1.1897,0.0507,1.139,1.1378,Positive,1,0
3837695,Ligue 1 2022/2023,Paris Saint-Germain,61,2,0,29,3,61-75,Right Defensive Midfield,MF,1.1897,0.0994,1.0903,4,139,22,1.7807,0.0,1.7807,0.6904,Positive,2,1
3837695,Ligue 1 2022/2023,Paris Saint-Germain,62,2,0,28,4,61-75,Left Wing,FW,1.4231,0.0994,1.3237,5,126,15,1.6656,0.0,1.6656,0.3419,Positive,2,0
3837695,Ligue 1 2022/2023,Nantes,65,-2,1,25,1,61-75,Right Back,DF,0.0487,0.8086,-0.7599,1,88,11,0.006,1.6656,-1.6596,-0.8997,Negative,2,2
3837695,Ligue 1 2022/2023,Nantes,65,-2,1,25,2,61-75,Left Midfield,MF,0.0487,0.8086,-0.7599,1,88,11,0.006,1.6656,-1.6596,-0.8997,Negative,2,1
3837695,Ligue 1 2022/2023,Paris Saint-Germain,70,3,0,20,5,61-75,Right Wing,FW,1.8289,0.0487,1.7802,7,90,18,0.2564,0.0404,0.216,-1.5642,Negative,2,0
3837695,Ligue 1 2022/2023,Nantes,78,-3,1,12,3,76-90+,Right Defensive Midfield,MF,0.0,1.6656,-1.6656,0,69,13,0.077,0.0994,-0.0224,1.6432,Positive,3,1
3837695,Ligue 1 2022/2023,Nantes,79,-3,1,11,4,76-90+,Center Forward,FW,0.006,1.6656,-1.6596,1,60,12,0.071,0.0994,-0.0284,1.6312,Positive,3,0
3837695,Ligue 1 2022/2023,Nantes,84,-3,1,6,5,76-90+,Right Midfield,MF,0.0404,0.2564,-0.216,2,54,24,0.0366,0.0325,0.0041,0.2201,Positive,3,1
3837683,Ligue 1 2022/2023,Toulouse,45,-1,1,45,1,31-60,Center Back,DF,0.0,0.8002,-0.8002,0,35,30,0.0302,0.493,-0.4628,0.3374,Positive,1,2
3837683,Ligue 1 2022/2023,Toulouse,63,-2,1,27,2,61-75,Left Wing,FW,0.0302,0.6496,-0.6194,1,74,21,0.1107,0.5728,-0.4621,0.1573,Positive,2,0
3837683,Ligue 1 2022/2023,Toulouse,63,-2,1,27,3,61-75,Left Wing Back,FW,0.0302,0.6496,-0.6194,1,74,21,0.1107,0.5728,-0.4621,0.1573,Positive,2,0
3837683,Ligue 1 2022/2023,Paris Saint-Germain,67,2,0,23,1,61-75,Left Defensive Midfield,MF,0.6038,0.0622,0.5416,5,91,10,0.734,0.1587,0.5753,0.0337,Neutral,2,1
3837683,Ligue 1 2022/2023,Paris Saint-Germain,67,2,0,23,2,61-75,Left Attacking Midfield,MF,0.6038,0.0622,0.5416,5,91,10,0.734,0.1587,0.5753,0.0337,Neutral,2,1
3837683,Ligue 1 2022/2023,Toulouse,75,-2,1,15,4,61-75,Center Forward,FW,0.1107,0.7295,-0.6188,3,79,20,0.1626,0.4489,-0.2863,0.3325,Positive,2,0
3837683,Ligue 1 2022/2023,Toulouse,75,-2,1,15,5,61-75,Left Defensive Midfield,MF,0.1107,0.7295,-0.6188,3,79,20,0.1626,0.4489,-0.2863,0.3325,Positive,2,1
3837683,Ligue 1 2022/2023,Paris Saint-Germain,82,2,0,8,3,76-90+,Left Wing Back,FW,0.734,0.1587,0.5753,2,83,12,0.1608,0.0826,0.0782,-0.4971,Negative,3,0
3837683,Ligue 1 2022/2023,Paris Saint-Germain,82,2,0,8,4,76-90+,Right Attacking Midfield,MF,0.734,0.1587,0.5753,2,83,12,0.1608,0.0826,0.0782,-0.4971,Negative,3,1
3837662,Ligue 1 2022/2023,Lille,57,-4,1,33,1,31-60,Center Attacking Midfield,MF,1.2945,0.6791,0.6154,4,97,20,0.0353,1.241,-1.2057,-1.8211,Negative,1,1
3837662,Ligue 1 2022/2023,Lille,57,-4,1,33,2,31-60,Right Wing,FW,1.2945,0.6791,0.6154,4,97,20,0.0353,1.241,-1.2057,-1.8211,Negative,1,0
3837662,Ligue 1 2022/2023,Lille,58,-4,1,32,3,31-60,Right Defensive Midfield,MF,1.2945,1.3338,-0.0393,4,82,20,0.0353,0.4599,-0.4246,-0.3853,Negative,1,1
3837662,Ligue 1 2022/2023,Paris Saint-Germain,62,4,0,28,1,61-75,Left Wing Back,FW,1.4548,0.9856,0.4692,5,123,20,0.339,0.0353,0.3037,-0.1655,Negative,2,0
3837662,Ligue 1 2022/2023,Paris Saint-Germain,62,4,0,28,2,61-75,Left Defensive Midfield,MF,1.4548,0.9856,0.4692,5,123,20,0.339,0.0353,0.3037,-0.1655,Negative,2,1
3837662,Ligue 1 2022/2023,Lille,70,-5,1,20,4,61-75,Left Center Back,DF,0.0353,1.5417,-1.5064,1,96,13,0.0336,0.0,0.0336,1.54,Positive,2,2
3837662,Ligue 1 2022/2023,Paris Saint-Germain,80,5,0,10,3,76-90+,Right Center Back,DF,0.339,0.0353,0.3037,2,93,28,0.0685,0.1065,-0.038,-0.3417,Negative,3,2
3837662,Ligue 1 2022/2023,Paris Saint-Germain,80,5,0,10,4,76-90+,Right Wing Back,FW,0.339,0.0353,0.3037,2,93,28,0.0685,0.1065,-0.038,-0.3417,Negative,3,0
3837662,Ligue 1 2022/2023,Paris Saint-Germain,83,5,0,7,5,76-90+,Right Defensive Midfield,MF,0.0235,0.0689,-0.0454,1,98,27,0.0685,0.0729,-0.0044,0.041,Neutral,3,1
3754217,Premier League 2015/2016,Arsenal,45,0,0,45,1,31-60,Right Center Back,DF,0.0232,0.6268,-0.6036,1,74,21,0.1756,0.2847,-0.1091,0.4945,Positive,1,2
3754217,Premier League 2015/2016,Chelsea,68,1,1,22,1,61-75,Center Attacking Midfield,MF,0.2707,0.1094,0.1613,5,116,34,0.0331,0.0252,0.0079,-0.1534,Negative,2,1
3754217,Premier League 2015/2016,Arsenal,74,-1,0,16,2,61-75,Left Wing,FW,0.1094,0.2401,-0.1307,2,54,38,0.0252,0.1133,-0.0881,0.0426,Neutral,2,0
3754217,Premier League 2015/2016,Arsenal,74,-1,0,16,3,61-75,Right Wing,FW,0.1094,0.2401,-0.1307,2,54,38,0.0252,0.1133,-0.0881,0.0426,Neutral,2,0
3754217,Premier League 2015/2016,Chelsea,81,1,1,9,2,76-90+,Center Forward,FW,0.2311,0.0252,0.2059,4,103,23,0.4058,0.5063,-0.1005,-0.3064,Negative,3,0
3754117,Premier League 2015/2016,Aston Villa,56,-2,1,34,1,31-60,Center Forward,FW,0.577,0.0,0.577,8,103,18,0.1344,0.0443,0.0901,-0.4869,Negative,1,0
3754117,Premier League 2015/2016,Arsenal,63,2,0,27,1,61-75,Right Wing,FW,0.0,0.4985,-0.4985,0,69,25,0.0443,0.0602,-0.0159,0.4826,Positive,2,0
3754117,Premier League 2015/2016,Arsenal,63,2,0,27,2,61-75,Left Wing,FW,0.0,0.4985,-0.4985,0,69,25,0.0443,0.0602,-0.0159,0.4826,Positive,2,0
3754117,Premier League 2015/2016,Aston Villa,77,-2,1,13,2,76-90+,Left Center Midfield,MF,0.0615,0.0443,0.0172,2,84,21,0.1516,0.0773,0.0743,0.0571,Neutral,3,1
3754117,Premier League 2015/2016,Arsenal,85,2,0,5,3,76-90+,Center Attacking Midfield,MF,0.063,0.0898,-0.0268,1,77,28,0.1146,0.0841,0.0305,0.0573,Neutral,3,1
3754296,Premier League 2015/2016,Manchester City,45,-1,0,45,1,31-60,Left Midfield,MF,0.1777,0.0349,0.1428,2,89,10,0.1788,0.8853,-0.7065,-0.8493,Negative,1,1
3754296,Premier League 2015/2016,Manchester City,62,-2,0,28,2,61-75,Center Forward,FW,0.1788,0.7817,-0.6029,3,85,28,0.1553,0.0911,0.0642,0.6671,Positive,2,0
3754296,Premier League 2015/2016,Arsenal,68,2,1,22,1,61-75,Right Wing,FW,0.5676,0.1181,0.4495,2,59,20,0.4338,0.1155,0.3183,-0.1312,Negative,2,0
3754296,Premier League 2015/2016,Manchester City,72,-2,0,18,3,61-75,Center Attacking Midfield,MF,0.084,0.587,-0.503,2,96,25,0.6337,0.3427,0.291,0.794,Positive,2,1
3754296,Premier League 2015/2016,Arsenal,75,2,1,15,2,61-75,Center Attacking Midfield,MF,0.0911,0.1553,-0.0642,1,64,21,0.3427,0.5806,-0.2379,-0.1737,Negative,2,1
3753983,Premier League 2015/2016,Swansea City,77,-3,1,13,1,76-90+,Left Wing,FW,0.0,1.0172,-1.0172,0,91,18,0.032,0.1278,-0.0958,0.9214,Positive,3,0
3753983,Premier League 2015/2016,Arsenal,83,3,0,7,1,76-90+,Center Forward,FW,0.2421,0.032,0.2101,2,99,17,0.0997,0.0,0.0997,-0.1104,Negative,3,0
3753983,Premier League 2015/2016,Arsenal,83,3,0,7,2,76-90+,Right Wing,FW,0.2421,0.032,0.2101,2,99,17,0.0997,0.0,0.0997,-0.1104,Negative,3,0
3753983,Premier League 2015/2016,Swansea City,84,-3,1,6,2,76-90+,Left Center Midfield,MF,0.032,0.2421,-0.2101,1,71,23,0.0,0.0997,-0.0997,0.1104,Positive,3,1
3753983,Premier League 2015/2016,Swansea City,84,-3,1,6,3,76-90+,Center Forward,FW,0.032,0.2421,-0.2101,1,71,23,0.0,0.0997,-0.0997,0.1104,Positive,3,0
3754160,Premier League 2015/2016,Sunderland,61,-1,0,29,1,61-75,Left Defensive Midfield,MF,0.2671,0.3087,-0.0416,3,31,22,0.1128,0.4264,-0.3136,-0.272,Negative,2,1
3754160,Premier League 2015/2016,Arsenal,63,2,1,27,1,61-75,Left Wing,FW,0.1861,0.2485,-0.0624,4,105,2,0.3066,0.1128,0.1938,0.2562,Positive,2,0
3754160,Premier League 2015/2016,Sunderland,66,-2,0,24,2,61-75,Right Wing,FW,0.2485,0.3328,-0.0843,2,23,20,0.1128,0.1599,-0.0471,0.0372,Neutral,2,0
3754160,Premier League 2015/2016,Sunderland,72,-2,0,18,3,61-75,Center Forward,FW,0.2511,0.4511,-0.2,2,24,22,0.0903,0.0,0.0903,0.2903,Positive,2,0
3754160,Premier League 2015/2016,Arsenal,75,2,1,15,2,61-75,Right Wing,FW,0.4511,0.1128,0.3383,6,115,8,0.0,0.1315,-0.1315,-0.4698,Negative,2,0
3754160,Premier League 2015/2016,Arsenal,79,2,1,11,3,76-90+,Center Forward,FW,0.3066,0.1128,0.1938,4,116,10,0.8958,0.1315,0.7643,0.5705,Positive,3,0
3754129,Premier League 2015/2016,Liverpool,62,0,0,28,1,61-75,Right Wing,FW,0.0437,0.3989,-0.3552,1,52,54,0.0997,0.6169,-0.5172,-0.162,Negative,2,0
3754129,Premier League 2015/2016,Arsenal,72,0,1,18,1,61-75,Center Forward,FW,0.8677,0.1123,0.7554,6,153,15,0.2422,0.1294,0.1128,-0.6426,Negative,2,0
3754129,Premier League 2015/2016,Liverpool,75,0,0,15,2,61-75,Center Defensive Midfield,MF,0.1434,0.6302,-0.4868,3,33,38,0.0982,0.2422,-0.144,0.3428,Positive,2,1
3754129,Premier League 2015/2016,Arsenal,81,0,1,9,2,76-90+,Right Defensive Midfield,MF,0.4878,0.198,0.2898,2,113,15,0.3766,0.0,0.3766,0.0868,Neutral,3,1
3754309,Premier League 2015/2016,Arsenal,63,-2,0,27,1,61-75,Right Wing,FW,0.0331,0.5773,-0.5442,1,113,10,0.0,0.2332,-0.2332,0.311,Positive,2,0
3754309,Premier League 2015/2016,Southampton,66,2,1,24,1,61-75,Left Defensive Midfield,MF,0.5773,0.0331,0.5442,1,46,30,0.2332,0.3859,-0.1527,-0.6969,Negative,2,1
3754309,Premier League 2015/2016,Southampton,70,3,1,20,2,61-75,Right Midfield,MF,0.2067,0.0331,0.1736,1,41,29,0.0265,0.4352,-0.4087,-0.5823,Negative,2,1
3754309,Premier League 2015/2016,Arsenal,73,-3,0,17,2,61-75,Right Defensive Midfield,MF,0.0331,0.2067,-0.1736,1,69,9,0.4352,0.0265,0.4087,0.5823,Positive,2,1
3754309,Premier League 2015/2016,Arsenal,77,-3,0,13,3,76-90+,Left Wing,FW,0.0,0.2332,-0.2332,0,56,11,0.4352,0.4221,0.0131,0.2463,Positive,3,0
3754309,Premier League 2015/2016,Southampton,80,3,1,10,3,76-90+,Center Attacking Midfield,MF,0.2332,0.3859,-0.1527,2,41,20,0.5356,0.0494,0.4862,0.6389,Positive,3,1
3754047,Premier League 2015/2016,Liverpool,63,1,1,27,1,61-75,Left Wing,FW,1.25,0.033,1.217,6,111,18,0.0698,0.0602,0.0096,-1.2074,Negative,2,0
3754047,Premier League 2015/2016,Swansea City,64,-1,0,26,1,61-75,Center Defensive Midfield,MF,0.033,1.25,-1.217,1,26,14,0.0767,0.0698,0.0069,1.2239,Positive,2,1
3754047,Premier League 2015/2016,Swansea City,68,-1,0,22,2,61-75,Center Forward,FW,0.0,0.9859,-0.9859,0,54,13,0.2101,0.0698,0.1403,1.1262,Positive,2,0
3754047,Premier League 2015/2016,Liverpool,70,1,1,20,2,61-75,Center Forward,FW,0.9859,0.0,0.9859,4,70,23,0.0698,0.2101,-0.1403,-1.1262,Negative,2,0
3754047,Premier League 2015/2016,Swansea City,71,-1,0,19,3,61-75,Right Midfield,MF,0.0,0.9859,-0.9859,0,69,8,0.2101,0.0698,0.1403,1.1262,Positive,2,1
3754058,Premier League 2015/2016,Leicester City,45,0,1,45,1,31-60,Right Center Forward,FW,0.1592,0.3524,-0.1932,2,83,21,1.519,0.0,1.519,1.7122,Positive,1,0
3754058,Premier League 2015/2016,AFC Bournemouth,50,0,0,40,1,31-60,Center Forward,FW,0.2564,0.112,0.1444,1,96,37,0.0935,1.519,-1.4255,-1.5699,Negative,1,0
3754058,Premier League 2015/2016,AFC Bournemouth,59,0,0,31,2,31-60,Left Center Midfield,MF,0.0,1.519,-1.519,0,89,57,0.1021,0.1219,-0.0198,1.4992,Positive,1,1
3754058,Premier League 2015/2016,Leicester City,64,0,1,26,2,61-75,Left Midfield,MF,1.519,0.0935,1.4255,3,80,25,0.3671,0.0086,0.3585,-1.067,Negative,2,1
3754058,Premier League 2015/2016,Leicester City,73,0,1,17,3,61-75,Right Back,DF,0.866,0.1021,0.7639,3,69,19,0.3655,0.0429,0.3226,-0.4413,Negative,2,2
3754245,Premier League 2015/2016,Sunderland,60,-1,0,30,1,31-60,Right Wing,FW,0.0,1.0486,-1.0486,0,49,33,0.0144,0.2272,-0.2128,0.8358,Positive,1,0
3754245,Premier League 2015/2016,West Bromwich Albion,69,1,1,21,1,61-75,Right Center Forward,FW,0.2149,0.0,0.2149,1,106,10,0.0123,0.063,-0.0507,-0.2656,Negative,2,0
3754245,Premier League 2015/2016,Sunderland,70,-1,0,20,2,61-75,Center Attacking Midfield,MF,0.0,0.2149,-0.2149,0,31,31,0.063,0.0123,0.0507,0.2656,Positive,2,1
3754245,Premier League 2015/2016,Sunderland,74,-1,0,16,3,61-75,Center Forward,FW,0.0144,0.2272,-0.2128,1,47,26,0.1164,0.0,0.1164,0.3292,Positive,2,0
3754245,Premier League 2015/2016,West Bromwich Albion,78,1,1,12,2,76-90+,Left Center Forward,FW,0.0123,0.063,-0.0507,1,90,18,0.0,0.0678,-0.0678,-0.0171,Neutral,3,0
3754136,Premier League 2015/2016,Newcastle United,32,0,1,58,1,31-60,Center Forward,FW,0.0841,0.02,0.0641,1,89,27,0.3922,0.0773,0.3149,0.2508,Positive,1,0
3754136,Premier League 2015/2016,Newcastle United,58,1,1,32,2,31-60,Center Attacking Midfield,MF,0.349,0.0872,0.2618,2,57,49,0.0,0.1501,-0.1501,-0.4119,Negative,1,1
3754136,Premier League 2015/2016,Aston Villa,58,-1,0,32,1,31-60,Right Center Forward,FW,0.0872,0.349,-0.2618,3,104,34,0.1501,0.0,0.1501,0.4119,Positive,1,0
3754136,Premier League 2015/2016,Newcastle United,70,0,1,20,3,61-75,Right Defensive Midfield,MF,0.1319,0.1501,-0.0182,1,50,32,0.2655,0.0,0.2655,0.2837,Positive,2,1
3754037,Premier League 2015/2016,Everton,45,0,1,45,1,31-60,Right Back,DF,0.3471,0.0,0.3471,3,118,20,0.0217,0.1319,-0.1102,-0.4573,Negative,1,2
3754037,Premier League 2015/2016,Everton,59,0,1,31,2,31-60,Center Forward,FW,0.0217,0.0519,-0.0302,1,77,27,0.3468,0.4135,-0.0667,-0.0365,Neutral,1,0
3754037,Premier League 2015/2016,AFC Bournemouth,67,-1,0,23,1,61-75,Right Center Forward,FW,0.1917,0.2966,-0.1049,3,78,29,0.539,0.0719,0.4671,0.572,Positive,2,0
3754037,Premier League 2015/2016,AFC Bournemouth,67,-1,0,23,2,61-75,Left Midfield,MF,0.1917,0.2966,-0.1049,3,78,29,0.539,0.0719,0.4671,0.572,Positive,2,1
3754037,Premier League 2015/2016,AFC Bournemouth,78,-1,0,12,3,76-90+,Left Center Forward,FW,0.4779,0.3468,0.1311,5,76,29,0.0889,0.0,0.0889,-0.0422,Neutral,3,0
3754039,Premier League 2015/2016,Crystal Palace,45,0,1,45,1,31-60,Left Midfield,MF,0.0981,0.3076,-0.2095,1,55,26,0.6729,0.0,0.6729,0.8824,Positive,1,1
3754039,Premier League 2015/2016,Watford,61,0,0,29,1,61-75,Left Wing,FW,0.0,0.6729,-0.6729,0,42,38,0.3099,0.0,0.3099,0.9828,Positive,2,0
3754039,Premier League 2015/2016,Watford,70,0,0,20,2,61-75,Left Center Midfield,MF,0.1251,0.6729,-0.5478,2,53,27,0.4208,0.0529,0.3679,0.9157,Positive,2,1
3754039,Premier League 2015/2016,Crystal Palace,72,0,1,18,2,61-75,Left Center Midfield,MF,0.6729,0.1251,0.5478,2,83,18,0.0529,0.4208,-0.3679,-0.9157,Negative,2,1
3754041,Premier League 2015/2016,Aston Villa,64,-1,0,26,1,61-75,Center Back,DF,0.0577,0.0448,0.0129,1,76,29,0.0,0.4315,-0.4315,-0.4444,Negative,2,2
3754041,Premier League 2015/2016,Arsenal,68,1,1,22,1,61-75,Right Wing,FW,0.0448,0.0577,-0.0129,1,35,22,0.7857,0.0,0.7857,0.7986,Positive,2,0
3754041,Premier League 2015/2016,Aston Villa,73,-1,0,17,2,61-75,Right Wing Back,FW,0.0,0.1628,-0.1628,0,30,21,0.1029,0.7894,-0.6865,-0.5237,Negative,2,0
3754042,Premier League 2015/2016,West Bromwich Albion,45,0,1,45,1,31-60,Left Center Back,DF,0.0294,0.0197,0.0097,1,45,29,0.267,0.0942,0.1728,0.1631,Positive,1,2
3754042,Premier League 2015/2016,Liverpool,63,0,0,27,1,61-75,Right Wing,FW,0.0097,0.1729,-0.1632,1,93,32,0.0,0.3824,-0.3824,-0.2192,Negative,2,0
3754042,Premier League 2015/2016,Liverpool,63,0,0,27,2,61-75,Left Center Midfield,MF,0.0097,0.1729,-0.1632,1,93,32,0.0,0.3824,-0.3824,-0.2192,Negative,2,1
3754042,Premier League 2015/2016,West Bromwich Albion,71,0,1,19,2,61-75,Right Wing,FW,0.5393,0.0097,0.5296,5,45,29,0.644,0.0,0.644,0.1144,Positive,2,0
3754042,Premier League 2015/2016,Liverpool,80,0,0,10,3,76-90+,Right Wing,FW,0.0,0.3824,-0.3824,0,128,26,0.0,0.6688,-0.6688,-0.2864,Negative,3,0
3754042,Premier League 2015/2016,West Bromwich Albion,85,0,1,5,3,76-90+,Left Wing,FW,0.644,0.0,0.644,2,58,34,0.0248,0.0,0.0248,-0.6192,Negative,3,0
3754043,Premier League 2015/2016,AFC Bournemouth,45,-2,0,45,1,31-60,Left Center Forward,FW,0.1066,0.0565,0.0501,1,63,32,0.0,0.6981,-0.6981,-0.7482,Negative,1,0
3754043,Premier League 2015/2016,AFC Bournemouth,45,-2,0,45,2,31-60,Right Defensive Midfield,MF,0.1066,0.0565,0.0501,1,63,32,0.0,0.6981,-0.6981,-0.7482,Negative,1,1
3754043,Premier League 2015/2016,Tottenham Hotspur,65,3,1,25,1,61-75,Right Wing,FW,0.6444,0.0,0.6444,2,93,35,0.0172,0.1478,-0.1306,-0.775,Negative,2,0
3754043,Premier League 2015/2016,AFC Bournemouth,69,-3,0,21,3,61-75,Left Midfield,MF,0.1478,0.0,0.1478,1,78,42,0.0,0.2268,-0.2268,-0.3746,Negative,2,1
3754043,Premier League 2015/2016,Tottenham Hotspur,80,3,1,10,2,76-90+,Center Attacking Midfield,MF,0.0172,0.1478,-0.1306,1,92,43,0.277,0.0,0.277,0.4076,Positive,3,1
3754045,Premier League 2015/2016,Manchester City,63,0,0,27,1,61-75,Center Forward,FW,0.1675,0.2125,-0.045,3,85,26,0.3786,0.0899,0.2887,0.3337,Positive,2,0
3754045,Premier League 2015/2016,Leicester City,66,0,1,24,1,61-75,Center Defensive Midfield,MF,0.2125,0.2008,0.0117,4,58,31,0.0899,0.2074,-0.1175,-0.1292,Negative,2,1
3754045,Premier League 2015/2016,Manchester City,73,0,0,17,2,61-75,Center Attacking Midfield,MF,0.2727,0.177,0.0957,6,60,24,0.1356,0.0194,0.1162,0.0205,Neutral,2,1
3754045,Premier League 2015/2016,Leicester City,79,0,1,11,2,76-90+,Left Defensive Midfield,MF,0.0899,0.2435,-0.1536,2,48,21,0.0,0.0,0.0,0.1536,Positive,3,1
3754048,Premier League 2015/2016,Crystal Palace,45,0,1,45,1,31-60,Left Center Forward,FW,0.4766,0.0311,0.4455,4,68,24,0.0119,0.0398,-0.0279,-0.4734,Negative,1,0
3754048,Premier League 2015/2016,Everton,53,0,0,37,1,31-60,Right Wing,FW,0.0398,0.3754,-0.3356,1,62,15,0.0654,0.5395,-0.4741,-0.1385,Negative,1,0
3754048,Premier League 2015/2016,Crystal Palace,65,0,1,25,2,61-75,Left Wing,FW,0.4517,0.0654,0.3863,3,60,33,0.3777,0.0,0.3777,-0.0086,Neutral,2,0
3754048,Premier League 2015/2016,Everton,68,0,0,22,2,61-75,Left Wing,FW,0.0654,0.5395,-0.4741,1,76,14,0.0,0.7884,-0.7884,-0.3143,Negative,2,0
3754048,Premier League 2015/2016,Crystal Palace,76,0,1,14,3,76-90+,Right Wing,FW,0.8293,0.0654,0.7639,6,144,15,0.9915,0.0225,0.969,0.2051,Positive,3,0
3754048,Premier League 2015/2016,Everton,85,0,0,5,3,76-90+,Center Attacking Midfield,MF,0.0225,0.7884,-0.7659,1,32,17,0.0,0.4929,-0.4929,0.273,Positive,3,1
3754049,Premier League 2015/2016,Leicester City,68,0,1,22,1,61-75,Right Center Forward,FW,0.0986,0.0298,0.0688,2,81,28,0.1536,0.0211,0.1325,0.0637,Neutral,2,0
3754049,Premier League 2015/2016,Leicester City,69,0,1,21,2,61-75,Left Defensive Midfield,MF,0.0986,0.0298,0.0688,2,72,24,0.1536,0.0211,0.1325,0.0637,Neutral,2,1
3754049,Premier League 2015/2016,Leicester City,77,0,1,13,3,76-90+,Right Back,DF,0.2246,0.0298,0.1948,3,62,18,1.3009,0.0211,1.2798,1.085,Positive,3,2
3754049,Premier League 2015/2016,Norwich City,81,0,0,9,1,76-90+,Left Wing,FW,0.0298,0.2246,-0.1948,1,79,25,0.0797,1.3009,-1.2212,-1.0264,Negative,3,0
3754050,Premier League 2015/2016,Sunderland,27,0,1,63,1,0-30,Left Center Back,DF,0.0757,0.1542,-0.0785,2,71,23,0.348,0.1,0.248,0.3265,Positive,0,2
3754050,Premier League 2015/2016,Sunderland,63,0,1,27,2,61-75,Center Defensive Midfield,MF,0.2178,0.2492,-0.0314,5,78,32,0.018,0.3527,-0.3347,-0.3033,Negative,2,1
3754050,Premier League 2015/2016,Crystal Palace,72,1,0,18,1,61-75,Right Defensive Midfield,MF,0.5627,0.1216,0.4411,5,49,17,0.0,0.0,0.0,-0.4411,Negative,2,1
3754050,Premier League 2015/2016,Crystal Palace,76,1,0,14,2,76-90+,Left Wing,FW,0.4076,0.018,0.3896,3,57,19,0.0815,0.0068,0.0747,-0.3149,Negative,3,0
3754050,Premier League 2015/2016,Sunderland,79,-1,1,11,3,76-90+,Center Defensive Midfield,MF,0.018,0.3527,-0.3347,1,80,33,0.0068,0.0815,-0.0747,0.26,Positive,3,1
3754050,Premier League 2015/2016,Crystal Palace,83,1,0,7,3,76-90+,Center Forward,FW,0.0,0.018,-0.018,0,43,21,0.0815,0.0068,0.0747,0.0927,Neutral,3,0
3754052,Premier League 2015/2016,West Bromwich Albion,59,-1,1,31,1,31-60,Left Center Back,DF,0.0,0.4515,-0.4515,0,58,34,0.0795,0.0,0.0795,0.531,Positive,1,2
3754052,Premier League 2015/2016,Norwich City,71,1,0,19,1,61-75,Right Center Forward,FW,0.0906,0.0155,0.0751,1,58,32,0.0,0.064,-0.064,-0.1391,Negative,2,0
3754052,Premier League 2015/2016,West Bromwich Albion,72,-1,1,18,2,61-75,Right Wing,FW,0.0155,0.0906,-0.0751,1,49,15,0.064,0.0,0.064,0.1391,Positive,2,0
3754052,Premier League 2015/2016,Norwich City,76,1,0,14,2,76-90+,Right Midfield,MF,0.0,0.0795,-0.0795,0,42,30,0.0,0.0,0.0,0.0795,Neutral,3,1
3754052,Premier League 2015/2016,West Bromwich Albion,85,-1,1,5,3,76-90+,Right Wing,FW,0.064,0.0,0.064,1,50,34,0.0,0.0,0.0,-0.064,Neutral,3,0
3754053,Premier League 2015/2016,Aston Villa,61,-2,1,29,1,61-75,Center Attacking Midfield,MF,0.0633,0.4689,-0.4056,2,53,33,0.0289,0.2192,-0.1903,0.2153,Positive,2,1
3754053,Premier League 2015/2016,Aston Villa,68,-2,1,22,2,61-75,Right Wing,FW,0.0,0.0907,-0.0907,0,48,34,0.0289,0.2316,-0.2027,-0.112,Negative,2,0
3754053,Premier League 2015/2016,Tottenham Hotspur,77,2,0,13,1,76-90+,Center Attacking Midfield,MF,0.2432,0.0289,0.2143,3,124,23,0.0,0.8016,-0.8016,-1.0159,Negative,3,1
3754053,Premier League 2015/2016,Tottenham Hotspur,85,2,0,5,2,76-90+,Center Attacking Midfield,MF,0.2316,0.4278,-0.1962,2,126,27,0.0,0.4027,-0.4027,-0.2065,Negative,3,1
3754055,Premier League 2015/2016,Chelsea,56,1,0,34,1,31-60,Right Wing,FW,0.0476,0.1029,-0.0553,2,87,35,0.0935,0.5634,-0.4699,-0.4146,Negative,1,0
3754055,Premier League 2015/2016,Chelsea,73,1,0,17,2,61-75,Center Forward,FW,0.1502,0.595,-0.4448,3,79,34,0.0,0.2704,-0.2704,0.1744,Positive,2,0
3754055,Premier League 2015/2016,Liverpool,74,-1,1,16,1,61-75,Right Center Midfield,MF,0.595,0.1502,0.4448,4,110,27,0.3154,0.2245,0.0909,-0.3539,Negative,2,1
3754055,Premier League 2015/2016,Liverpool,74,-1,1,16,2,61-75,Right Midfield,MF,0.595,0.1502,0.4448,4,110,27,0.3154,0.2245,0.0909,-0.3539,Negative,2,1
3754226,Premier League 2015/2016,Sunderland,29,0,1,61,1,0-30,Left Center Midfield,MF,0.0801,0.138,-0.0579,1,37,19,0.1717,0.2468,-0.0751,-0.0172,Neutral,0,1
3754226,Premier League 2015/2016,Liverpool,60,1,0,30,1,31-60,Right Defensive Midfield,MF,0.3777,0.1476,0.2301,1,83,23,0.2723,0.0,0.2723,0.0422,Neutral,1,1
3754226,Premier League 2015/2016,Sunderland,62,-1,1,28,2,61-75,Left Center Midfield,MF,0.1476,0.1562,-0.0086,2,75,15,0.0,0.1161,-0.1161,-0.1075,Negative,2,1
3754226,Premier League 2015/2016,Sunderland,72,-1,1,18,3,61-75,Right Center Back,DF,0.0,0.1883,-0.1883,0,54,20,0.1206,0.084,0.0366,0.2249,Positive,2,2
3754226,Premier League 2015/2016,Liverpool,82,1,0,8,2,76-90+,Left Wing,FW,0.1161,0.1206,-0.0045,3,57,31,0.6625,0.0,0.6625,0.667,Positive,3,0
3754014,Premier League 2015/2016,Manchester United,45,-2,0,45,1,31-60,Left Wing,FW,0.1447,0.1896,-0.0449,2,65,11,0.0,0.0,0.0,0.0449,Neutral,1,0
3754014,Premier League 2015/2016,Stoke City,45,2,1,45,1,31-60,Left Center Midfield,MF,0.1896,0.1447,0.0449,1,38,16,0.0,0.0,0.0,-0.0449,Neutral,1,1
3754014,Premier League 2015/2016,Stoke City,64,2,1,26,2,61-75,Right Wing,FW,0.0,0.4813,-0.4813,0,46,33,0.077,0.0648,0.0122,0.4935,Positive,2,0
3754014,Premier League 2015/2016,Stoke City,74,2,1,16,3,61-75,Right Center Midfield,MF,0.0572,0.546,-0.4888,1,45,20,0.0902,0.0881,0.0021,0.4909,Positive,2,1
3754014,Premier League 2015/2016,Manchester United,81,-2,0,9,2,76-90+,Left Center Midfield,MF,0.0502,0.077,-0.0268,1,55,32,0.2108,0.0704,0.1404,0.1672,Positive,3,1
3754091,Premier League 2015/2016,Stoke City,8,0,1,82,1,0-30,Right Center Back,DF,0.0264,0.0,0.0264,1,53,15,0.0279,0.0764,-0.0485,-0.0749,Neutral,0,2
3754091,Premier League 2015/2016,Stoke City,59,-1,1,31,2,31-60,Right Wing,FW,0.0204,0.0871,-0.0667,1,89,21,0.0903,0.1863,-0.096,-0.0293,Neutral,1,0
3754091,Premier League 2015/2016,Stoke City,60,-1,1,30,3,31-60,Center Forward,FW,0.0204,0.0871,-0.0667,1,80,21,0.1003,0.1863,-0.086,-0.0193,Neutral,1,0
3754091,Premier League 2015/2016,Watford,65,1,0,25,1,61-75,Right Midfield,MF,0.0871,0.0,0.0871,2,62,16,0.1863,0.1003,0.086,-0.0011,Neutral,2,1
3754091,Premier League 2015/2016,Watford,77,2,0,13,2,76-90+,Left Midfield,MF,0.1863,0.1003,0.086,3,52,19,0.0335,0.1168,-0.0833,-0.1693,Negative,3,1
3754135,Premier League 2015/2016,Manchester City,55,-2,0,35,1,31-60,Left Defensive Midfield,MF,0.0584,0.5783,-0.5199,2,101,24,0.0231,0.0365,-0.0134,0.5065,Positive,1,1
3754135,Premier League 2015/2016,Manchester City,56,-2,0,34,2,31-60,Center Forward,FW,0.0046,0.5783,-0.5737,1,88,22,0.0231,0.0365,-0.0134,0.5603,Positive,1,0
3754135,Premier League 2015/2016,Manchester City,61,-2,0,29,3,61-75,Center Attacking Midfield,MF,0.0046,0.2376,-0.233,1,87,22,0.0481,0.0365,0.0116,0.2446,Positive,2,1
3754135,Premier League 2015/2016,Stoke City,71,2,1,19,1,61-75,Center Forward,FW,0.0365,0.0231,0.0134,1,75,20,0.0,0.0643,-0.0643,-0.0777,Neutral,2,0
3754135,Premier League 2015/2016,Stoke City,76,2,1,14,2,76-90+,Right Midfield,MF,0.0365,0.0481,-0.0116,1,77,22,0.0,0.0878,-0.0878,-0.0762,Neutral,3,1
3754135,Premier League 2015/2016,Stoke City,84,2,1,6,3,76-90+,Right Midfield,MF,0.0,0.0643,-0.0643,0,86,19,0.0,0.0484,-0.0484,0.0159,Neutral,3,1
3754293,Premier League 2015/2016,Chelsea,69,-1,0,21,1,61-75,Right Wing,FW,0.1072,0.1148,-0.0076,4,80,16,0.2209,0.1005,0.1204,0.128,Positive,2,0
3754293,Premier League 2015/2016,Stoke City,70,1,1,20,1,61-75,Center Attacking Midfield,MF,0.1148,0.1007,0.0141,2,55,28,0.1005,0.3704,-0.2699,-0.284,Negative,2,1
3754293,Premier League 2015/2016,Chelsea,70,-1,0,20,2,61-75,Left Back,DF,0.1007,0.1148,-0.0141,3,74,16,0.3704,0.1005,0.2699,0.284,Positive,2,2
3754293,Premier League 2015/2016,Chelsea,76,-1,0,14,3,76-90+,Right Back,DF,0.1113,0.1148,-0.0035,3,90,18,0.3691,0.1005,0.2686,0.2721,Positive,3,2
3754293,Premier League 2015/2016,Stoke City,78,1,1,12,2,76-90+,Right Center Midfield,MF,0.1148,0.1303,-0.0155,2,56,41,0.1005,0.3501,-0.2496,-0.2341,Negative,3,1
3754293,Premier League 2015/2016,Stoke City,81,1,1,9,3,76-90+,Right Wing,FW,0.0,0.2807,-0.2807,0,30,44,0.1005,0.1997,-0.0992,0.1815,Positive,3,0
3754339,Premier League 2015/2016,AFC Bournemouth,16,0,0,74,1,0-30,Center Forward,FW,0.0,0.0,0.0,0,38,19,0.0167,0.0337,-0.017,-0.017,Neutral,0,0
3754339,Premier League 2015/2016,Stoke City,45,1,1,45,1,31-60,Right Wing,FW,0.2902,0.5754,-0.2852,1,67,23,0.3839,0.0638,0.3201,0.6053,Positive,1,0
3754339,Premier League 2015/2016,Stoke City,61,1,1,29,2,61-75,Center Attacking Midfield,MF,0.3839,0.0638,0.3201,2,101,31,0.0,0.1509,-0.1509,-0.471,Negative,2,1
3754339,Premier League 2015/2016,AFC Bournemouth,70,-1,0,20,2,61-75,Center Attacking Midfield,MF,0.062,0.0,0.062,2,107,7,0.2111,0.2323,-0.0212,-0.0832,Neutral,2,1
3754339,Premier League 2015/2016,Stoke City,74,1,1,16,3,61-75,Left Defensive Midfield,MF,0.0,0.062,-0.062,0,37,32,0.2323,0.3946,-0.1623,-0.1003,Negative,2,1
3754146,Premier League 2015/2016,Leicester City,45,-2,0,45,1,31-60,Left Defensive Midfield,MF,0.3501,0.0038,0.3463,5,72,23,0.8681,0.0699,0.7982,0.4519,Positive,1,1
3754146,Premier League 2015/2016,Leicester City,63,-1,0,27,2,61-75,Right Center Forward,FW,0.9532,0.1341,0.8191,4,53,28,0.2185,0.032,0.1865,-0.6326,Negative,2,0
3754146,Premier League 2015/2016,Stoke City,74,0,1,16,1,61-75,Left Wing,FW,0.0642,0.3035,-0.2393,2,74,13,0.0875,0.0,0.0875,0.3268,Positive,2,0
3754146,Premier League 2015/2016,Stoke City,78,0,1,12,2,76-90+,Left Defensive Midfield,MF,0.032,0.2185,-0.1865,1,59,10,0.0555,0.0,0.0555,0.242,Positive,3,1
3754146,Premier League 2015/2016,Stoke City,82,0,1,8,3,76-90+,Center Attacking Midfield,MF,0.0875,0.2185,-0.131,2,61,13,0.0,0.0417,-0.0417,0.0893,Neutral,3,1
3754146,Premier League 2015/2016,Leicester City,85,0,0,5,3,76-90+,Left Defensive Midfield,MF,0.0,0.0875,-0.0875,0,79,14,0.0417,0.0,0.0417,0.1292,Positive,3,1
3754347,Premier League 2015/2016,West Ham United,36,0,0,54,1,31-60,Right Midfield,MF,0.0977,0.1248,-0.0271,2,40,19,0.0199,0.1245,-0.1046,-0.0775,Neutral,1,1
3754347,Premier League 2015/2016,Manchester United,43,0,1,47,1,31-60,Right Defensive Midfield,MF,0.1134,0.0199,0.0935,2,74,10,0.0496,0.1965,-0.1469,-0.2404,Negative,1,1
3754347,Premier League 2015/2016,Manchester United,45,0,1,45,2,31-60,Right Back,DF,0.1134,0.0199,0.0935,2,73,9,0.5032,0.1965,0.3067,0.2132,Positive,1,2
3754347,Premier League 2015/2016,Manchester United,72,0,1,18,3,61-75,Left Defensive Midfield,MF,0.7193,0.0,0.7193,5,114,18,0.3306,0.0,0.3306,-0.3887,Negative,2,1
3754347,Premier League 2015/2016,West Ham United,76,0,0,14,2,76-90+,Center Defensive Midfield,MF,0.0,0.3114,-0.3114,0,49,25,0.0629,0.2848,-0.2219,0.0895,Neutral,3,1
3754255,Premier League 2015/2016,Liverpool,70,0,1,20,1,61-75,Left Wing,FW,0.1605,0.0,0.1605,3,91,21,0.4793,0.1917,0.2876,0.1271,Positive,2,0
3754255,Premier League 2015/2016,Liverpool,78,-1,1,12,2,76-90+,Left Center Back,DF,0.0,0.1917,-0.1917,0,37,21,0.6187,0.1349,0.4838,0.6755,Positive,3,2
3754255,Premier League 2015/2016,Liverpool,84,-1,1,6,3,76-90+,Left Center Midfield,MF,0.4793,0.1917,0.2876,3,76,6,0.1772,0.1349,0.0423,-0.2453,Negative,3,1
3754278,Premier League 2015/2016,AFC Bournemouth,56,0,1,34,1,31-60,Left Midfield,MF,0.0,0.6863,-0.6863,0,80,12,0.0228,0.3668,-0.344,0.3423,Positive,1,1
3754278,Premier League 2015/2016,AFC Bournemouth,69,0,1,21,2,61-75,Center Attacking Midfield,MF,0.0228,0.4233,-0.4005,1,92,23,0.1223,0.0319,0.0904,0.4909,Positive,2,1
3754278,Premier League 2015/2016,Watford,70,0,0,20,1,61-75,Right Back,DF,0.4233,0.0228,0.4005,3,83,29,0.0319,0.9349,-0.903,-1.3035,Negative,2,2
3754278,Premier League 2015/2016,Watford,78,0,0,12,2,76-90+,Right Back,DF,0.3987,0.0449,0.3538,3,73,26,0.0135,0.9646,-0.9511,-1.3049,Negative,3,2
3753979,Premier League 2015/2016,Crystal Palace,45,0,1,45,1,31-60,Center Attacking Midfield,MF,0.0913,0.0,0.0913,2,95,10,0.0484,0.0795,-0.0311,-0.1224,Negative,1,1
3753979,Premier League 2015/2016,Sunderland,58,0,0,32,1,31-60,Right Center Forward,FW,0.0795,0.0422,0.0373,1,62,23,0.0611,0.162,-0.1009,-0.1382,Negative,1,0
3753979,Premier League 2015/2016,Sunderland,59,0,0,31,2,31-60,Right Center Midfield,MF,0.0795,0.0484,0.0311,1,60,24,0.3289,0.1803,0.1486,0.1175,Positive,1,1
3753979,Premier League 2015/2016,Crystal Palace,68,0,1,22,2,61-75,Center Attacking Midfield,MF,0.141,0.0409,0.1001,3,72,9,0.1554,1.2841,-1.1287,-1.2288,Negative,2,1
3753979,Premier League 2015/2016,Crystal Palace,75,0,1,15,3,61-75,Center Forward,FW,0.1879,0.3289,-0.141,5,75,10,0.1705,0.996,-0.8255,-0.6845,Negative,2,0
3753979,Premier League 2015/2016,Sunderland,85,1,0,5,3,76-90+,Left Center Forward,FW,1.2841,0.1554,1.1287,5,32,18,0.0,0.114,-0.114,-1.2427,Negative,3,0
3753972,Premier League 2015/2016,Swansea City,69,0,1,21,1,61-75,Right Wing,FW,0.1093,0.225,-0.1157,1,88,44,0.0741,0.1722,-0.0981,0.0176,Neutral,2,0
3753972,Premier League 2015/2016,Swansea City,69,0,1,21,2,61-75,Right Defensive Midfield,MF,0.1093,0.225,-0.1157,1,88,44,0.0741,0.1722,-0.0981,0.0176,Neutral,2,1
3753972,Premier League 2015/2016,Swansea City,72,0,1,18,3,61-75,Center Forward,FW,0.1093,0.225,-0.1157,1,77,48,0.2007,0.1722,0.0285,0.1442,Positive,2,0
3753972,Premier League 2015/2016,AFC Bournemouth,79,0,0,11,1,76-90+,Right Midfield,MF,0.1722,0.1277,0.0445,4,105,20,0.2405,0.1823,0.0582,0.0137,Neutral,3,1
3753972,Premier League 2015/2016,AFC Bournemouth,85,0,0,5,2,76-90+,Center Forward,FW,0.1722,0.0741,0.0981,4,56,28,0.2405,0.1266,0.1139,0.0158,Neutral,3,0
3753978,Premier League 2015/2016,Swansea City,45,-1,0,45,1,31-60,Center Defensive Midfield,MF,0.0,0.1364,-0.1364,0,63,17,0.0139,0.2372,-0.2233,-0.0869,Neutral,1,1
3753978,Premier League 2015/2016,Swansea City,45,-1,0,45,2,31-60,Center Forward,FW,0.0,0.1364,-0.1364,0,63,17,0.0139,0.2372,-0.2233,-0.0869,Neutral,1,0
3753978,Premier League 2015/2016,Southampton,61,2,1,29,1,61-75,Center Attacking Midfield,MF,0.4302,0.0139,0.4163,3,97,27,0.2268,0.1292,0.0976,-0.3187,Negative,2,1
3753978,Premier League 2015/2016,Southampton,73,2,1,17,2,61-75,Left Wing,FW,0.3815,0.1292,0.2523,5,58,36,0.0892,0.8448,-0.7556,-1.0079,Negative,2,0
3753978,Premier League 2015/2016,Swansea City,79,-2,0,11,3,76-90+,Left Center Midfield,MF,0.1292,0.2777,-0.1485,3,79,16,0.8448,0.0901,0.7547,0.9032,Positive,3,1
3753978,Premier League 2015/2016,Southampton,85,1,1,5,3,76-90+,Right Wing,FW,0.1537,0.8655,-0.7118,3,61,23,0.0901,0.0613,0.0288,0.7406,Positive,3,0
3753974,Premier League 2015/2016,Everton,68,0,0,22,1,61-75,Right Center Midfield,MF,0.6237,0.0,0.6237,8,101,21,0.6276,0.7476,-0.12,-0.7437,Negative,2,1
3753974,Premier League 2015/2016,Everton,68,0,0,22,2,61-75,Right Wing,FW,0.6237,0.0,0.6237,8,101,21,0.6276,0.7476,-0.12,-0.7437,Negative,2,0
3753974,Premier League 2015/2016,Everton,84,0,0,6,3,76-90+,Left Wing,FW,0.6276,0.7476,-0.12,4,55,28,0.0805,0.0281,0.0524,0.1724,Positive,3,0
3753993,Premier League 2015/2016,Sunderland,45,-2,1,45,1,31-60,Right Midfield,MF,0.1149,0.2511,-0.1362,1,57,27,0.1483,0.2024,-0.0541,0.0821,Neutral,1,1
3753993,Premier League 2015/2016,Norwich City,61,3,0,29,1,61-75,Center Attacking Midfield,MF,0.2232,0.1483,0.0749,3,96,33,0.083,0.0208,0.0622,-0.0127,Neutral,2,1
3753993,Premier League 2015/2016,Norwich City,67,3,0,23,2,61-75,Center Forward,FW,0.2158,0.1072,0.1086,3,91,26,0.1017,0.0208,0.0809,-0.0277,Neutral,2,0
3753993,Premier League 2015/2016,Sunderland,69,-3,1,21,2,61-75,Right Center Forward,FW,0.0,0.2158,-0.2158,0,82,52,0.0208,0.1017,-0.0809,0.1349,Positive,2,0
3753993,Premier League 2015/2016,Norwich City,82,3,0,8,3,76-90+,Right Wing,FW,0.1017,0.0208,0.0809,3,100,15,0.1918,0.0686,0.1232,0.0423,Neutral,3,0
3754015,Premier League 2015/2016,Manchester City,54,0,0,36,1,31-60,Left Wing,FW,0.2302,0.0826,0.1476,3,41,32,0.0,0.0201,-0.0201,-0.1677,Negative,1,0
3754015,Premier League 2015/2016,Manchester United,66,0,1,24,1,61-75,Right Wing,FW,0.0201,0.0,0.0201,1,140,22,0.0,0.0242,-0.0242,-0.0443,Neutral,2,0
3754015,Premier League 2015/2016,Manchester United,74,0,1,16,2,61-75,Left Defensive Midfield,MF,0.0201,0.0,0.0201,1,80,19,0.2421,0.0316,0.2105,0.1904,Positive,2,1
3754015,Premier League 2015/2016,Manchester City,76,0,0,14,2,76-90+,Center Attacking Midfield,MF,0.0,0.0201,-0.0201,0,70,26,0.0316,0.2421,-0.2105,-0.1904,Negative,3,1
3754015,Premier League 2015/2016,Manchester United,80,0,1,10,3,76-90+,Right Back,DF,0.0,0.0242,-0.0242,0,74,21,0.2421,0.0074,0.2347,0.2589,Positive,3,2
3754015,Premier League 2015/2016,Manchester City,82,0,0,8,3,76-90+,Center Forward,FW,0.0316,0.0,0.0316,2,82,24,0.0,0.2421,-0.2421,-0.2737,Negative,3,0
3754038,Premier League 2015/2016,Arsenal,11,0,0,79,1,0-30,Left Center Back,DF,0.028,0.0,0.028,1,96,11,0.5436,0.0,0.5436,0.5156,Positive,0,2
3754038,Premier League 2015/2016,Arsenal,60,0,0,30,2,31-60,Left Wing,FW,0.3438,0.2815,0.0623,2,117,29,0.0125,0.1778,-0.1653,-0.2276,Negative,1,0
3754038,Premier League 2015/2016,Arsenal,70,0,0,20,3,61-75,Right Wing,FW,0.0684,0.0195,0.0489,2,69,35,0.1766,0.1583,0.0183,-0.0306,Neutral,2,0
3754038,Premier League 2015/2016,Norwich City,70,0,1,20,1,61-75,Right Wing,FW,0.0195,0.0684,-0.0489,1,69,16,0.1583,0.1766,-0.0183,0.0306,Neutral,2,0
3754038,Premier League 2015/2016,Norwich City,84,0,1,6,2,76-90+,Center Attacking Midfield,MF,0.1583,0.1766,-0.0183,2,89,20,0.0495,0.0,0.0495,0.0678,Neutral,3,1
3754038,Premier League 2015/2016,Norwich City,84,0,1,6,3,76-90+,Center Forward,FW,0.1583,0.1766,-0.0183,2,89,20,0.0495,0.0,0.0495,0.0678,Neutral,3,0
3754001,Premier League 2015/2016,Newcastle United,53,1,1,37,1,31-60,Left Center Midfield,MF,0.2194,0.3172,-0.0978,2,51,40,0.0856,0.0,0.0856,0.1834,Positive,1,1
3754001,Premier League 2015/2016,Chelsea,60,-2,0,30,1,31-60,Center Forward,FW,0.1457,0.0856,0.0601,3,159,24,0.0629,0.0,0.0629,0.0028,Neutral,1,0
3754001,Premier League 2015/2016,Chelsea,60,-2,0,30,2,31-60,Left Center Midfield,MF,0.1457,0.0856,0.0601,3,159,24,0.0629,0.0,0.0629,0.0028,Neutral,1,1
3754001,Premier League 2015/2016,Chelsea,72,-2,0,18,3,61-75,Center Attacking Midfield,MF,0.0629,0.0856,-0.0227,1,84,18,0.4468,0.0,0.4468,0.4695,Positive,2,1
3754001,Premier League 2015/2016,Newcastle United,83,1,1,7,2,76-90+,Left Center Forward,FW,0.0,0.5027,-0.5027,0,40,29,0.0,0.2468,-0.2468,0.2559,Positive,3,0
3754007,Premier League 2015/2016,West Bromwich Albion,34,0,0,56,1,31-60,Center Defensive Midfield,MF,0.1134,0.3018,-0.1884,1,45,17,0.5158,0.0493,0.4665,0.6549,Positive,1,1
3754007,Premier League 2015/2016,West Bromwich Albion,45,0,0,45,2,31-60,Right Midfield,MF,0.1256,0.0,0.1256,4,93,16,0.4648,0.0746,0.3902,0.2646,Positive,1,1
3754007,Premier League 2015/2016,Stoke City,62,-1,1,28,1,61-75,Right Back,DF,0.0746,0.3632,-0.2886,2,57,18,0.0212,0.0575,-0.0363,0.2523,Positive,2,2
3754007,Premier League 2015/2016,West Bromwich Albion,62,1,0,28,3,61-75,Left Midfield,MF,0.3632,0.0746,0.2886,4,116,21,0.0575,0.0212,0.0363,-0.2523,Negative,2,1
3754007,Premier League 2015/2016,Stoke City,67,-1,1,23,2,61-75,Left Center Forward,FW,0.0252,0.1652,-0.14,1,43,14,0.0789,0.1284,-0.0495,0.0905,Neutral,2,0
3754007,Premier League 2015/2016,Stoke City,80,-1,1,10,3,76-90+,Right Center Forward,FW,0.0212,0.1578,-0.1366,2,58,15,0.1343,0.0296,0.1047,0.2413,Positive,3,0
3754008,Premier League 2015/2016,Sunderland,45,0,0,45,1,31-60,Right Midfield,MF,0.0,0.0822,-0.0822,0,40,21,0.2298,1.2606,-1.0308,-0.9486,Negative,1,1
3754008,Premier League 2015/2016,Manchester United,67,2,1,23,1,61-75,Right Defensive Midfield,MF,0.389,0.3662,0.0228,1,115,21,0.1225,0.0,0.1225,0.0997,Neutral,2,1
3754008,Premier League 2015/2016,Sunderland,69,-2,0,21,2,61-75,Left Center Midfield,MF,0.1552,0.389,-0.2338,1,43,25,0.0,0.1225,-0.1225,0.1113,Positive,2,1
3754008,Premier League 2015/2016,Manchester United,73,2,1,17,2,61-75,Left Center Back,DF,0.4568,0.1552,0.3016,2,113,14,0.1983,0.0,0.1983,-0.1033,Negative,2,2
3754008,Premier League 2015/2016,Manchester United,76,2,1,14,3,76-90+,Left Wing,FW,0.4568,0.1552,0.3016,2,112,14,0.3806,0.0066,0.374,0.0724,Neutral,3,0
3754029,Premier League 2015/2016,Aston Villa,37,-1,0,53,1,31-60,Left Defensive Midfield,MF,0.0239,0.1797,-0.1558,1,34,18,0.0,0.1486,-0.1486,0.0072,Neutral,1,1
3754029,Premier League 2015/2016,Aston Villa,45,-1,0,45,2,31-60,Center Forward,FW,0.0,0.0,0.0,0,30,16,0.0451,0.3032,-0.2581,-0.2581,Negative,1,0
3754029,Premier League 2015/2016,Aston Villa,64,-2,0,26,3,61-75,Right Wing,FW,0.0451,0.2373,-0.1922,3,53,32,0.2081,0.0634,0.1447,0.3369,Positive,2,0
3754029,Premier League 2015/2016,Tottenham Hotspur,68,2,1,22,1,61-75,Center Attacking Midfield,MF,0.0728,0.0839,-0.0111,2,73,34,0.0634,0.2205,-0.1571,-0.146,Negative,2,1
3754029,Premier League 2015/2016,Tottenham Hotspur,81,1,1,9,2,76-90+,Left Back,DF,0.0634,0.1693,-0.1059,2,60,31,0.3408,0.0801,0.2607,0.3666,Positive,3,2
3753995,Premier League 2015/2016,Southampton,45,0,0,45,1,31-60,Right Defensive Midfield,MF,0.2752,0.0,0.2752,2,88,13,0.9397,0.0614,0.8783,0.6031,Positive,1,1
3753995,Premier League 2015/2016,Chelsea,45,0,1,45,1,31-60,Right Defensive Midfield,MF,0.0,0.2752,-0.2752,0,64,29,0.0614,0.9397,-0.8783,-0.6031,Negative,1,1
3753995,Premier League 2015/2016,Chelsea,63,-1,1,27,2,61-75,Right Wing,FW,0.0,0.9397,-0.9397,0,69,42,0.0648,0.3967,-0.3319,0.6078,Positive,2,0
3753995,Premier League 2015/2016,Chelsea,73,-2,1,17,3,61-75,Right Defensive Midfield,MF,0.0,0.3393,-0.3393,0,53,37,0.2231,0.2731,-0.05,0.2893,Positive,2,1
3753995,Premier League 2015/2016,Southampton,77,2,0,13,2,76-90+,Left Wing,FW,0.3967,0.0648,0.3319,4,46,14,0.0,0.1583,-0.1583,-0.4902,Negative,3,0
3753999,Premier League 2015/2016,Arsenal,63,1,0,27,1,61-75,Center Forward,FW,0.4405,0.0689,0.3716,2,81,23,0.4875,0.1317,0.3558,-0.0158,Neutral,2,0
3753999,Premier League 2015/2016,Watford,67,-1,1,23,1,61-75,Right Back,DF,0.0689,0.4405,-0.3716,3,43,26,0.1317,0.4875,-0.3558,0.0158,Neutral,2,2
3753999,Premier League 2015/2016,Watford,74,-3,1,16,2,61-75,Left Midfield,MF,0.1702,0.8907,-0.7205,3,49,26,0.0414,0.0587,-0.0173,0.7032,Positive,2,1
3753999,Premier League 2015/2016,Arsenal,79,3,0,11,2,76-90+,Left Wing,FW,0.4875,0.1317,0.3558,4,143,14,0.1049,0.0414,0.0635,-0.2923,Negative,3,0
3753999,Premier League 2015/2016,Arsenal,80,3,0,10,3,76-90+,Center Attacking Midfield,MF,0.4875,0.1317,0.3558,4,121,13,0.1049,0.0414,0.0635,-0.2923,Negative,3,1
3753999,Premier League 2015/2016,Watford,80,-3,1,10,3,76-90+,Right Back,DF,0.1317,0.4875,-0.3558,1,41,21,0.0414,0.1049,-0.0635,0.2923,Positive,3,2
3754017,Premier League 2015/2016,Aston Villa,73,0,1,17,1,61-75,Center Attacking Midfield,MF,0.4717,0.3342,0.1375,1,55,32,0.0664,0.8261,-0.7597,-0.8972,Negative,2,1
3754017,Premier League 2015/2016,Swansea City,75,0,0,15,1,61-75,Left Wing,FW,0.298,0.5012,-0.2032,2,72,20,0.8261,0.2132,0.6129,0.8161,Positive,2,0
3754017,Premier League 2015/2016,Aston Villa,84,0,1,6,2,76-90+,Left Wing,FW,0.0664,0.1295,-0.0631,2,76,28,0.1763,0.6966,-0.5203,-0.4572,Negative,3,0
3754017,Premier League 2015/2016,Swansea City,84,0,0,6,2,76-90+,Left Center Midfield,MF,0.1295,0.0664,0.0631,3,69,31,0.6966,0.1763,0.5203,0.4572,Positive,3,1
3754006,Premier League 2015/2016,Leicester City,68,1,0,22,1,61-75,Right Center Forward,FW,0.8198,0.0,0.8198,3,55,22,0.3026,0.3238,-0.0212,-0.841,Negative,2,0
3754006,Premier League 2015/2016,West Bromwich Albion,74,-1,1,16,1,61-75,Right Center Midfield,MF,0.2379,0.5911,-0.3532,1,62,4,1.0716,0.3026,0.769,1.1222,Positive,2,1
3754006,Premier League 2015/2016,West Bromwich Albion,74,-1,1,16,2,61-75,Right Center Forward,FW,0.2379,0.5911,-0.3532,1,62,4,1.0716,0.3026,0.769,1.1222,Positive,2,0
3754006,Premier League 2015/2016,Leicester City,75,1,0,15,2,61-75,Left Midfield,MF,0.5911,0.2379,0.3532,2,71,20,0.3026,1.0716,-0.769,-1.1222,Negative,2,1
3754006,Premier League 2015/2016,West Bromwich Albion,81,-2,1,9,3,76-90+,Left Back,DF,0.3238,0.3026,0.0212,3,71,10,1.2829,0.057,1.2259,1.2047,Positive,3,2
3754023,Premier League 2015/2016,Leicester City,45,-1,0,45,1,31-60,Right Midfield,MF,0.0,0.0584,-0.0584,0,42,30,0.0,0.0,0.0,0.0584,Neutral,1,1
3754023,Premier League 2015/2016,AFC Bournemouth,45,1,1,45,1,31-60,Left Back,DF,0.0584,0.0,0.0584,1,87,12,0.0,0.0,0.0,-0.0584,Neutral,1,2
3754023,Premier League 2015/2016,AFC Bournemouth,56,1,1,34,2,31-60,Left Back,DF,0.0,0.0,0.0,0,60,12,0.0,0.0,0.0,0.0,Neutral,1,2
3754023,Premier League 2015/2016,AFC Bournemouth,66,1,1,24,3,61-75,Left Midfield,MF,0.0,0.0,0.0,0,66,11,0.0,0.0,0.0,0.0,Neutral,2,1
3754023,Premier League 2015/2016,Leicester City,70,-1,0,20,2,61-75,Left Midfield,MF,0.0,0.0,0.0,0,69,28,0.0109,0.0,0.0109,0.0109,Neutral,2,1
3753984,Premier League 2015/2016,Liverpool,45,-2,1,45,1,31-60,Right Center Midfield,MF,0.0971,0.0293,0.0678,1,86,23,0.1276,0.0,0.1276,0.0598,Neutral,1,1
3753984,Premier League 2015/2016,Liverpool,60,-2,1,30,2,31-60,Right Attacking Midfield,MF,0.1276,0.0,0.1276,4,142,32,0.0562,0.0311,0.0251,-0.1025,Negative,1,1
3753984,Premier League 2015/2016,Liverpool,77,-2,1,13,3,76-90+,Right Center Back,DF,0.0562,0.1552,-0.099,1,73,27,0.5622,0.1013,0.4609,0.5599,Positive,3,2
3753984,Premier League 2015/2016,West Ham United,81,2,0,9,1,76-90+,Right Wing,FW,0.1552,0.0,0.1552,5,68,7,0.1013,0.7136,-0.6123,-0.7675,Negative,3,0
3754011,Premier League 2015/2016,Southampton,45,0,1,45,1,31-60,Left Back,DF,0.0,0.4684,-0.4684,0,47,19,0.0867,0.4386,-0.3519,0.1165,Positive,1,2
3754011,Premier League 2015/2016,Manchester United,45,0,0,45,1,31-60,Right Back,DF,0.4684,0.0,0.4684,2,133,12,0.4386,0.0867,0.3519,-0.1165,Negative,1,2
3754011,Premier League 2015/2016,Southampton,55,-1,1,35,2,31-60,Left Center Midfield,MF,0.0,0.6126,-0.6126,0,75,19,0.0867,0.3528,-0.2661,0.3465,Positive,1,1
3754011,Premier League 2015/2016,Manchester United,59,1,0,31,2,31-60,Right Defensive Midfield,MF,0.4386,0.0867,0.3519,2,80,21,0.4052,0.0,0.4052,0.0533,Neutral,1,1
3754011,Premier League 2015/2016,Manchester United,68,2,0,22,3,61-75,Left Back,DF,0.3528,0.0867,0.2661,2,126,9,0.1297,0.0,0.1297,-0.1364,Negative,2,2
3754011,Premier League 2015/2016,Southampton,75,-2,1,15,3,61-75,Right Wing,FW,0.0,0.4052,-0.4052,0,69,41,0.2348,0.0773,0.1575,0.5627,Positive,2,0
3754010,Premier League 2015/2016,Newcastle United,45,-2,1,45,1,31-60,Center Forward,FW,0.111,0.0068,0.1042,3,76,24,0.1143,0.037,0.0773,-0.0269,Neutral,1,0
3754010,Premier League 2015/2016,Watford,75,1,0,15,1,61-75,Right Midfield,MF,0.1113,0.297,-0.1857,2,70,20,0.1534,0.1049,0.0485,0.2342,Positive,2,1
3754010,Premier League 2015/2016,Watford,79,1,0,11,2,76-90+,Left Midfield,MF,0.1113,0.2802,-0.1689,2,57,16,0.1534,0.0,0.1534,0.3223,Positive,3,1
3754010,Premier League 2015/2016,Newcastle United,79,-1,1,11,2,76-90+,Left Back,DF,0.2802,0.1113,0.1689,5,80,17,0.0,0.1534,-0.1534,-0.3223,Negative,3,2
3754028,Premier League 2015/2016,Southampton,35,-2,0,55,1,31-60,Right Center Back,DF,0.2105,0.1194,0.0911,3,87,22,0.219,0.0,0.219,0.1279,Positive,1,2
3754028,Premier League 2015/2016,Southampton,45,-2,0,45,2,31-60,Left Center Midfield,MF,0.0919,0.1194,-0.0275,2,122,10,0.1271,0.0241,0.103,0.1305,Positive,1,1
3754028,Premier League 2015/2016,Manchester City,63,1,1,27,1,61-75,Center Forward,FW,0.0458,0.5932,-0.5474,2,89,6,0.0719,0.0284,0.0435,0.5909,Positive,2,0
3754028,Premier League 2015/2016,Manchester City,70,2,1,20,2,61-75,Left Defensive Midfield,MF,0.0936,0.4945,-0.4009,3,66,11,0.0581,0.1482,-0.0901,0.3108,Positive,2,1
3754028,Premier League 2015/2016,Manchester City,74,2,1,16,3,61-75,Left Wing,FW,0.0936,0.4945,-0.4009,3,75,16,0.0581,0.1482,-0.0901,0.3108,Positive,2,0
3754028,Premier League 2015/2016,Southampton,76,-2,0,14,3,76-90+,Left Center Midfield,MF,0.4945,0.0719,0.4226,3,81,29,0.1482,0.0581,0.0901,-0.3325,Negative,3,1
3753996,Premier League 2015/2016,Norwich City,72,-1,0,18,1,61-75,Right Midfield,MF,0.0375,0.4933,-0.4558,1,36,22,0.0,0.3486,-0.3486,0.1072,Positive,2,1
3753996,Premier League 2015/2016,Norwich City,72,-1,0,18,2,61-75,Center Forward,FW,0.0375,0.4933,-0.4558,1,36,22,0.0,0.3486,-0.3486,0.1072,Positive,2,0
3753996,Premier League 2015/2016,Norwich City,72,-1,0,18,3,61-75,Left Defensive Midfield,MF,0.0375,0.4933,-0.4558,1,36,22,0.0,0.3486,-0.3486,0.1072,Positive,2,1
3753996,Premier League 2015/2016,Chelsea,82,1,1,8,1,76-90+,Left Wing,FW,0.0781,0.0375,0.0406,3,161,10,0.2704,0.0,0.2704,0.2298,Positive,3,0
3754025,Premier League 2015/2016,Sunderland,22,-2,0,68,1,0-30,Right Center Back,DF,0.0,0.4903,-0.4903,0,53,28,0.0652,0.6729,-0.6077,-0.1174,Negative,0,2
3754025,Premier League 2015/2016,Sunderland,45,-2,0,45,2,31-60,Right Center Midfield,MF,0.1033,0.4789,-0.3756,3,42,28,1.1025,0.7835,0.319,0.6946,Positive,1,1
3754025,Premier League 2015/2016,Chelsea,70,2,1,20,1,61-75,Right Center Midfield,MF,0.0392,0.4741,-0.4349,1,84,25,0.886,0.0139,0.8721,1.307,Positive,2,1
3754025,Premier League 2015/2016,Chelsea,75,2,1,15,2,61-75,Center Forward,FW,0.1191,0.3357,-0.2166,3,97,29,0.8513,0.0777,0.7736,0.9902,Positive,2,0
3754025,Premier League 2015/2016,Sunderland,78,-2,0,12,3,76-90+,Right Midfield,MF,0.2096,0.5847,-0.3751,1,53,34,0.0777,0.3856,-0.3079,0.0672,Neutral,3,1
3754025,Premier League 2015/2016,Chelsea,81,2,1,9,3,76-90+,Center Attacking Midfield,MF,0.6448,0.0139,0.6309,5,87,24,0.3255,0.0638,0.2617,-0.3692,Negative,3,1
3754068,Premier League 2015/2016,Aston Villa,45,-1,1,45,1,31-60,Center Attacking Midfield,MF,0.0822,0.3427,-0.2605,3,64,13,0.0614,0.1274,-0.066,0.1945,Positive,1,1
3754068,Premier League 2015/2016,West Bromwich Albion,66,1,0,24,1,61-75,Left Wing,FW,0.2187,0.115,0.1037,3,32,11,0.0169,0.0989,-0.082,-0.1857,Negative,2,0
3754068,Premier League 2015/2016,Aston Villa,75,-1,1,15,2,61-75,Right Midfield,MF,0.114,0.0913,0.0227,2,71,17,0.0384,0.075,-0.0366,-0.0593,Neutral,2,1
3754068,Premier League 2015/2016,Aston Villa,80,-1,1,10,3,76-90+,Left Defensive Midfield,MF,0.0989,0.0169,0.082,2,76,12,0.1307,0.0581,0.0726,-0.0094,Neutral,3,1
3754056,Premier League 2015/2016,Everton,25,0,1,65,1,0-30,Left Center Midfield,MF,0.624,0.4655,0.1585,3,100,16,0.1828,0.0,0.1828,0.0243,Neutral,0,1
3754056,Premier League 2015/2016,Stoke City,63,1,0,27,1,61-75,Center Forward,FW,0.0087,0.1028,-0.0941,1,84,15,0.0,1.1769,-1.1769,-1.0828,Negative,2,0
3754056,Premier League 2015/2016,Everton,64,0,1,26,2,61-75,Left Center Midfield,MF,0.2767,0.0087,0.268,3,114,17,1.003,0.0,1.003,0.735,Positive,2,1
3754056,Premier League 2015/2016,Stoke City,77,-1,0,13,2,76-90+,Right Defensive Midfield,MF,0.0,1.2262,-1.2262,0,60,16,0.838,0.0549,0.7831,2.0093,Positive,3,1
3754040,Premier League 2015/2016,Liverpool,45,0,1,45,1,31-60,Left Center Forward,FW,0.3478,0.0,0.3478,5,127,19,0.3449,0.0974,0.2475,-0.1003,Negative,1,0
3754040,Premier League 2015/2016,Liverpool,62,0,1,28,2,61-75,Right Center Forward,FW,0.3449,0.187,0.1579,5,81,16,0.1838,0.2327,-0.0489,-0.2068,Negative,2,0
3754040,Premier League 2015/2016,Norwich City,70,0,0,20,1,61-75,Center Forward,FW,0.3879,0.1363,0.2516,3,51,12,0.0,0.5906,-0.5906,-0.8422,Negative,2,0
3754040,Premier League 2015/2016,Liverpool,71,0,1,19,3,61-75,Left Defensive Midfield,MF,0.1363,0.3879,-0.2516,2,93,12,0.5906,0.0,0.5906,0.8422,Positive,2,1
3754040,Premier League 2015/2016,Norwich City,84,0,0,6,2,76-90+,Right Center Midfield,MF,0.0,0.5906,-0.5906,0,55,19,0.0,0.8311,-0.8311,-0.2405,Negative,3,1
3754074,Premier League 2015/2016,Tottenham Hotspur,56,0,0,34,1,31-60,Right Wing,FW,0.1699,0.4948,-0.3249,1,106,18,0.0415,0.0338,0.0077,0.3326,Positive,1,0
3754074,Premier League 2015/2016,Tottenham Hotspur,63,0,0,27,2,61-75,Left Wing,FW,0.0,0.3786,-0.3786,0,78,18,0.1399,0.0,0.1399,0.5185,Positive,2,0
3754074,Premier League 2015/2016,Swansea City,73,-1,1,17,1,61-75,Center Attacking Midfield,MF,0.0,0.0415,-0.0415,0,84,10,0.0601,0.2789,-0.2188,-0.1773,Negative,2,1
3754074,Premier League 2015/2016,Tottenham Hotspur,80,1,0,10,3,76-90+,Center Forward,FW,0.1725,0.0,0.1725,5,71,28,0.2566,0.1305,0.1261,-0.0464,Neutral,3,0
3754074,Premier League 2015/2016,Swansea City,85,-1,1,5,2,76-90+,Left Center Midfield,MF,0.0601,0.3084,-0.2483,1,75,7,0.0704,0.1207,-0.0503,0.198,Positive,3,1
3754076,Premier League 2015/2016,West Ham United,57,-1,0,33,1,31-60,Right Wing,FW,0.4382,0.1171,0.3211,4,83,26,1.0659,0.0,1.0659,0.7448,Positive,1,0
3754076,Premier League 2015/2016,West Ham United,65,0,0,25,2,61-75,Left Center Back,DF,1.0625,0.0377,1.0248,5,81,16,0.0709,0.0,0.0709,-0.9539,Negative,2,2
3754076,Premier League 2015/2016,West Ham United,78,0,0,12,3,76-90+,Right Defensive Midfield,MF,0.0538,0.0,0.0538,1,101,19,0.3988,0.0,0.3988,0.345,Positive,3,1
3754076,Premier League 2015/2016,Sunderland,83,0,1,7,1,76-90+,Center Attacking Midfield,MF,0.0,0.2256,-0.2256,0,44,19,0.0,0.227,-0.227,-0.0014,Neutral,3,1
3754076,Premier League 2015/2016,Sunderland,84,0,1,6,2,76-90+,Center Forward,FW,0.0,0.2256,-0.2256,0,44,17,0.0,0.227,-0.227,-0.0014,Neutral,3,0
3754067,Premier League 2015/2016,Crystal Palace,45,0,1,45,1,31-60,Right Wing,FW,0.2232,0.0707,0.1525,2,39,30,0.0199,0.0953,-0.0754,-0.2279,Negative,1,0
3754067,Premier League 2015/2016,West Ham United,61,0,0,29,1,61-75,Left Defensive Midfield,MF,0.0953,0.0199,0.0754,2,108,26,0.2801,0.0,0.2801,0.2047,Positive,2,1
3754067,Premier League 2015/2016,Crystal Palace,62,0,1,28,2,61-75,Left Defensive Midfield,MF,0.0199,0.0254,-0.0055,1,92,19,0.0,0.2801,-0.2801,-0.2746,Negative,2,1
3754067,Premier League 2015/2016,West Ham United,72,0,0,18,2,61-75,Right Midfield,MF,0.2391,0.0,0.2391,2,101,17,0.1555,0.0,0.1555,-0.0836,Neutral,2,1
3754067,Premier League 2015/2016,Crystal Palace,76,0,1,14,3,76-90+,Right Defensive Midfield,MF,0.0,0.2801,-0.2801,0,19,22,0.0,0.7767,-0.7767,-0.4966,Negative,3,1
3754067,Premier League 2015/2016,West Ham United,84,0,0,6,3,76-90+,Right Center Forward,FW,0.0933,0.0,0.0933,4,120,11,1.0091,0.0,1.0091,0.9158,Positive,3,0
3754079,Premier League 2015/2016,Manchester City,45,0,1,45,1,31-60,Left Wing,FW,0.766,0.113,0.653,5,101,16,0.8664,0.0,0.8664,0.2134,Positive,1,0
3754079,Premier League 2015/2016,Newcastle United,52,-2,0,38,1,31-60,Left Back,DF,0.113,1.2048,-1.0918,2,52,30,0.0,0.9025,-0.9025,0.1893,Positive,1,2
3754079,Premier League 2015/2016,Manchester City,64,5,1,26,2,61-75,Center Forward,FW,1.3597,0.0,1.3597,5,74,10,0.2279,0.0,0.2279,-1.1318,Negative,2,0
3754079,Premier League 2015/2016,Newcastle United,65,-5,0,25,2,61-75,Right Wing,FW,0.0,0.8497,-0.8497,0,41,7,0.0,0.2279,-0.2279,0.6218,Positive,2,0
3754079,Premier League 2015/2016,Newcastle United,65,-5,0,25,3,61-75,Left Center Midfield,MF,0.0,0.8497,-0.8497,0,41,7,0.0,0.2279,-0.2279,0.6218,Positive,2,1
3754079,Premier League 2015/2016,Manchester City,74,5,1,16,3,61-75,Right Wing,FW,0.8943,0.0,0.8943,4,132,14,0.0345,0.0,0.0345,-0.8598,Negative,2,0
3754090,Premier League 2015/2016,Stoke City,59,0,0,31,1,31-60,Center Attacking Midfield,MF,0.3358,0.6569,-0.3211,3,53,19,0.5393,0.0511,0.4882,0.8093,Positive,1,1
3754090,Premier League 2015/2016,Newcastle United,70,0,1,20,1,61-75,Left Center Midfield,MF,0.1168,0.5393,-0.4225,2,70,12,0.166,0.1229,0.0431,0.4656,Positive,2,1
3754090,Premier League 2015/2016,Newcastle United,82,0,1,8,2,76-90+,Right Back,DF,0.0792,0.1229,-0.0437,2,74,12,0.2513,0.0,0.2513,0.295,Positive,3,2
3754083,Premier League 2015/2016,Crystal Palace,54,0,0,36,1,31-60,Right Wing,FW,0.3124,0.3297,-0.0173,1,77,23,0.6475,0.3328,0.3147,0.332,Positive,1,0
3754083,Premier League 2015/2016,Chelsea,65,-1,1,25,1,61-75,Center Attacking Midfield,MF,0.3328,0.8959,-0.5631,5,65,17,0.2281,0.3846,-0.1565,0.4066,Positive,2,1
3754083,Premier League 2015/2016,Chelsea,67,-1,1,23,2,61-75,Left Back,DF,0.3328,0.8959,-0.5631,5,76,14,0.2281,0.7957,-0.5676,-0.0045,Neutral,2,2
3754083,Premier League 2015/2016,Chelsea,72,-1,1,18,3,61-75,Left Defensive Midfield,MF,0.2955,0.6159,-0.3204,5,71,21,0.2404,0.7317,-0.4913,-0.1709,Negative,2,1
3754083,Premier League 2015/2016,Crystal Palace,81,1,0,9,2,76-90+,Right Defensive Midfield,MF,0.7957,0.2281,0.5676,4,60,19,0.0,0.9303,-0.9303,-1.4979,Negative,3,1
3754083,Premier League 2015/2016,Crystal Palace,83,1,0,7,3,76-90+,Right Wing,FW,0.7957,0.2281,0.5676,4,55,20,0.0,0.9303,-0.9303,-1.4979,Negative,3,0
3754077,Premier League 2015/2016,Manchester City,45,-2,1,45,1,31-60,Left Center Back,DF,0.7002,0.5742,0.126,5,69,18,0.7566,0.1775,0.5791,0.4531,Positive,1,2
3754077,Premier League 2015/2016,West Ham United,59,1,0,31,1,31-60,Right Midfield,MF,0.1775,0.9722,-0.7947,2,59,42,0.0,0.4792,-0.4792,0.3155,Positive,1,1
3754077,Premier League 2015/2016,Manchester City,65,-1,1,25,2,61-75,Left Wing,FW,0.7409,0.139,0.6019,7,129,26,0.3653,0.0,0.3653,-0.2366,Negative,2,0
3754077,Premier League 2015/2016,West Ham United,68,1,0,22,2,61-75,Right Midfield,MF,0.139,0.7262,-0.5872,1,39,34,0.0,0.3558,-0.3558,0.2314,Positive,2,1
3754077,Premier League 2015/2016,Manchester City,83,-1,1,7,3,76-90+,Left Back,DF,0.3558,0.0,0.3558,5,112,13,0.2387,0.0082,0.2305,-0.1253,Negative,3,2
3754077,Premier League 2015/2016,West Ham United,84,1,0,6,3,76-90+,Right Back,DF,0.0,0.4131,-0.4131,0,29,35,0.0082,0.1814,-0.1732,0.2399,Positive,3,2
3754060,Premier League 2015/2016,Everton,59,0,1,31,1,31-60,Right Wing,FW,0.2017,0.0,0.2017,2,88,25,0.1839,0.0792,0.1047,-0.097,Neutral,1,0
3754060,Premier League 2015/2016,Liverpool,75,0,0,15,1,61-75,Left Center Forward,FW,0.0792,0.1839,-0.1047,2,48,21,0.0673,0.0724,-0.0051,0.0996,Neutral,2,0
3754060,Premier League 2015/2016,Everton,78,0,1,12,2,76-90+,Left Wing,FW,0.1912,0.0792,0.112,4,44,15,0.1147,0.0673,0.0474,-0.0646,Neutral,3,0
3754060,Premier League 2015/2016,Liverpool,78,0,0,12,2,76-90+,Center Defensive Midfield,MF,0.0792,0.1912,-0.112,2,53,19,0.0673,0.1147,-0.0474,0.0646,Neutral,3,1
3754073,Premier League 2015/2016,Chelsea,45,0,1,45,1,31-60,Center Attacking Midfield,MF,0.3713,0.0658,0.3055,7,73,19,0.3726,0.029,0.3436,0.0381,Neutral,1,1
3754073,Premier League 2015/2016,AFC Bournemouth,79,0,0,11,1,76-90+,Center Forward,FW,0.0,0.2467,-0.2467,0,52,29,1.0271,0.1235,0.9036,1.1503,Positive,3,0
3754073,Premier League 2015/2016,Chelsea,82,-1,1,8,2,76-90+,Right Center Midfield,MF,0.2467,0.7926,-0.5459,4,88,23,0.1235,0.2344,-0.1109,0.435,Positive,3,1
3754073,Premier League 2015/2016,Chelsea,82,-1,1,8,3,76-90+,Left Back,DF,0.2467,0.7926,-0.5459,4,88,23,0.1235,0.2344,-0.1109,0.435,Positive,3,2
3754085,Premier League 2015/2016,Swansea City,45,-2,1,45,1,31-60,Right Wing,FW,0.0,0.1803,-0.1803,0,104,23,0.2205,0.1129,0.1076,0.2879,Positive,1,0
3754085,Premier League 2015/2016,Swansea City,62,-2,1,28,2,61-75,Right Center Midfield,MF,0.0723,0.1129,-0.0406,2,90,19,0.3698,0.6868,-0.317,-0.2764,Negative,2,1
3754085,Premier League 2015/2016,Swansea City,77,-3,1,13,3,76-90+,Left Center Midfield,MF,0.3698,0.6868,-0.317,1,98,27,0.4573,0.2214,0.2359,0.5529,Positive,3,1
3754051,Premier League 2015/2016,Liverpool,40,-2,0,50,1,31-60,Right Center Back,DF,0.0,0.1181,-0.1181,0,82,26,0.1773,0.0,0.1773,0.2954,Positive,1,2
3754051,Premier League 2015/2016,Liverpool,73,-2,0,17,2,61-75,Left Center Midfield,MF,0.2051,0.4735,-0.2684,3,86,14,0.1202,0.2666,-0.1464,0.122,Positive,2,1
3754051,Premier League 2015/2016,Liverpool,73,-2,0,17,3,61-75,Right Center Forward,FW,0.2051,0.4735,-0.2684,3,86,14,0.1202,0.2666,-0.1464,0.122,Positive,2,0
3754051,Premier League 2015/2016,Watford,75,2,1,15,1,61-75,Left Midfield,MF,0.4735,0.2278,0.2457,1,44,22,0.2666,0.0975,0.1691,-0.0766,Neutral,2,1
3754051,Premier League 2015/2016,Watford,79,2,1,11,2,76-90+,Right Midfield,MF,0.0,0.27,-0.27,0,35,19,0.2666,0.0415,0.2251,0.4951,Positive,3,1
3754093,Premier League 2015/2016,Tottenham Hotspur,55,0,1,35,1,31-60,Right Center Midfield,MF,0.0818,0.0159,0.0659,2,86,34,0.1551,0.0527,0.1024,0.0365,Neutral,1,1
3754093,Premier League 2015/2016,Tottenham Hotspur,74,0,1,16,2,61-75,Left Attacking Midfield,MF,0.1551,0.0527,0.1024,1,97,23,0.0,0.0458,-0.0458,-0.1482,Negative,2,1
3754046,Premier League 2015/2016,Everton,62,0,1,28,1,61-75,Left Back,DF,0.1687,0.2272,-0.0585,3,72,32,0.1406,0.2211,-0.0805,-0.022,Neutral,2,2
3754046,Premier League 2015/2016,Crystal Palace,76,1,0,14,1,76-90+,Center Forward,FW,0.2738,0.1406,0.1332,3,51,25,0.0965,1.0224,-0.9259,-1.0591,Negative,3,0
3754046,Premier League 2015/2016,Crystal Palace,76,1,0,14,2,76-90+,Left Center Midfield,MF,0.2738,0.1406,0.1332,3,51,25,0.0965,1.0224,-0.9259,-1.0591,Negative,3,1
3754072,Premier League 2015/2016,Sunderland,18,-1,1,72,1,0-30,Right Wing Back,FW,0.1408,0.647,-0.5062,2,65,29,0.0238,0.1065,-0.0827,0.4235,Positive,0,0
3754072,Premier League 2015/2016,Sunderland,56,-1,1,34,2,31-60,Right Center Midfield,MF,0.1501,0.0333,0.1168,5,92,37,0.1028,0.0,0.1028,-0.014,Neutral,1,1
3754072,Premier League 2015/2016,Watford,68,1,0,22,1,61-75,Right Wing,FW,0.0,0.1233,-0.1233,0,76,36,0.6769,0.2599,0.417,0.5403,Positive,2,0
3754072,Premier League 2015/2016,Sunderland,71,-1,1,19,3,61-75,Center Forward,FW,0.1028,0.0,0.1028,1,71,15,0.6087,0.6769,-0.0682,-0.171,Negative,2,0
3754072,Premier League 2015/2016,Watford,75,1,0,15,2,61-75,Left Wing,FW,0.0,0.1028,-0.1028,0,78,29,0.7322,0.7259,0.0063,0.1091,Positive,2,0
3754082,Premier League 2015/2016,Everton,24,1,1,66,1,0-30,Left Back,DF,0.3541,0.4894,-0.1353,5,98,11,0.062,0.0329,0.0291,0.1644,Positive,0,2
3754082,Premier League 2015/2016,Sunderland,37,-2,0,53,1,31-60,Right Defensive Midfield,MF,0.1019,0.062,0.0399,2,40,27,0.3793,0.0973,0.282,0.2421,Positive,1,1
3754082,Premier League 2015/2016,Sunderland,63,-2,0,27,2,61-75,Right Wing Back,FW,0.5338,1.1999,-0.6661,3,76,15,0.0487,0.4081,-0.3594,0.3067,Positive,2,0
3754082,Premier League 2015/2016,Everton,64,2,1,26,2,61-75,Right Wing,FW,1.1999,0.3988,0.8011,3,53,20,0.4081,0.0,0.4081,-0.393,Negative,2,0
3754082,Premier League 2015/2016,Sunderland,74,-2,0,16,3,61-75,Left Center Forward,FW,0.0487,1.2315,-1.1828,1,46,20,0.4242,0.3738,0.0504,1.2332,Positive,2,0
3754082,Premier League 2015/2016,Everton,77,3,1,13,3,76-90+,Center Forward,FW,0.4081,0.0487,0.3594,2,163,9,0.0601,0.5603,-0.5002,-0.8596,Negative,3,0
3754106,Premier League 2015/2016,Leicester City,45,-1,1,45,1,31-60,Right Center Forward,FW,0.0317,0.3173,-0.2856,1,69,23,0.2073,0.0117,0.1956,0.4812,Positive,1,0
3754106,Premier League 2015/2016,Leicester City,63,-2,1,27,2,61-75,Right Defensive Midfield,MF,0.1533,0.0608,0.0925,4,85,18,0.3144,0.0274,0.287,0.1945,Positive,2,1
3754106,Premier League 2015/2016,Leicester City,64,-2,1,26,3,61-75,Left Midfield,MF,0.1284,0.0608,0.0676,3,81,17,0.3144,0.0274,0.287,0.2194,Positive,2,1
3754106,Premier League 2015/2016,Aston Villa,65,2,0,25,1,61-75,Right Wing,FW,0.0608,0.1284,-0.0676,2,68,29,0.0274,0.3524,-0.325,-0.2574,Negative,2,0
3754106,Premier League 2015/2016,Aston Villa,74,1,0,16,2,61-75,Center Forward,FW,0.0764,0.212,-0.1356,2,69,25,0.0,0.7192,-0.7192,-0.5836,Negative,2,0
3754106,Premier League 2015/2016,Aston Villa,85,0,0,5,3,76-90+,Right Back,DF,0.0274,0.5391,-0.5117,1,40,34,0.0,0.312,-0.312,0.1997,Positive,3,2
3754099,Premier League 2015/2016,West Bromwich Albion,23,0,0,67,1,0-30,Left Center Back,DF,0.0195,0.0683,-0.0488,1,52,24,0.0557,0.2805,-0.2248,-0.176,Negative,0,2
3754099,Premier League 2015/2016,West Bromwich Albion,45,0,0,45,2,31-60,Left Wing,FW,0.0164,0.2568,-0.2404,1,43,31,0.0268,0.1311,-0.1043,0.1361,Positive,1,0
3754099,Premier League 2015/2016,West Bromwich Albion,69,-1,0,21,3,61-75,Left Center Midfield,MF,0.0213,0.468,-0.4467,1,37,21,0.0,0.02,-0.02,0.4267,Positive,2,1
3754099,Premier League 2015/2016,Crystal Palace,74,1,1,16,1,61-75,Center Forward,FW,0.3565,0.0213,0.3352,2,60,14,0.8035,0.0,0.8035,0.4683,Positive,2,0
3754098,Premier League 2015/2016,Chelsea,58,0,1,32,1,31-60,Center Attacking Midfield,MF,0.0,0.1464,-0.1464,0,74,30,0.1592,0.0293,0.1299,0.2763,Positive,1,1
3754098,Premier League 2015/2016,Liverpool,63,0,0,27,1,61-75,Right Center Midfield,MF,0.1003,0.1504,-0.0501,4,93,21,0.221,0.0088,0.2122,0.2623,Positive,2,1
3754098,Premier League 2015/2016,Chelsea,69,0,1,21,2,61-75,Left Defensive Midfield,MF,0.1504,0.0355,0.1149,2,64,30,0.0681,0.3624,-0.2943,-0.4092,Negative,2,1
3754098,Premier League 2015/2016,Liverpool,75,1,0,15,2,61-75,Center Attacking Midfield,MF,0.1498,0.0981,0.0517,2,73,33,0.2419,0.1787,0.0632,0.0115,Neutral,2,1
3754098,Premier League 2015/2016,Chelsea,75,-1,1,15,3,61-75,Left Back,DF,0.0981,0.1498,-0.0517,2,60,28,0.1787,0.2419,-0.0632,-0.0115,Neutral,2,2
3754057,Premier League 2015/2016,Tottenham Hotspur,71,2,1,19,1,61-75,Right Wing,FW,0.2303,0.0756,0.1547,3,81,39,0.0355,0.2237,-0.1882,-0.3429,Negative,2,0
3754057,Premier League 2015/2016,Norwich City,72,-2,0,18,1,61-75,Center Attacking Midfield,MF,0.0756,0.147,-0.0714,2,71,34,0.2237,0.0355,0.1882,0.2596,Positive,2,1
3754057,Premier League 2015/2016,Norwich City,72,-2,0,18,2,61-75,Right Defensive Midfield,MF,0.0756,0.147,-0.0714,2,71,34,0.2237,0.0355,0.1882,0.2596,Positive,2,1
3754057,Premier League 2015/2016,Tottenham Hotspur,78,2,1,12,2,76-90+,Center Attacking Midfield,MF,0.0,0.0654,-0.0654,0,91,33,0.0355,0.2539,-0.2184,-0.153,Negative,3,1
3754057,Premier League 2015/2016,Norwich City,78,-2,0,12,3,76-90+,Right Wing,FW,0.0654,0.0,0.0654,1,57,28,0.2539,0.0355,0.2184,0.153,Positive,3,0
3754057,Premier League 2015/2016,Tottenham Hotspur,85,3,1,5,3,76-90+,Left Defensive Midfield,MF,0.0355,0.2237,-0.1882,1,69,39,0.0,0.0302,-0.0302,0.158,Positive,3,1
3754112,Premier League 2015/2016,Southampton,45,0,0,45,1,31-60,Right Back,DF,0.1802,0.9756,-0.7954,2,59,23,0.2479,0.1178,0.1301,0.9255,Positive,1,2
3754112,Premier League 2015/2016,Southampton,64,-1,0,26,2,61-75,Left Wing,FW,0.0671,0.0586,0.0085,1,64,21,0.2667,0.0707,0.196,0.1875,Positive,2,0
3754112,Premier League 2015/2016,Newcastle United,67,1,1,23,1,61-75,Right Center Midfield,MF,0.0374,0.0671,-0.0297,1,79,13,0.0707,0.2667,-0.196,-0.1663,Negative,2,1
3754112,Premier League 2015/2016,Newcastle United,74,1,1,16,2,61-75,Center Forward,FW,0.1081,0.1794,-0.0713,2,78,17,0.0,0.1732,-0.1732,-0.1019,Negative,2,0
3754112,Premier League 2015/2016,Newcastle United,80,0,1,10,3,76-90+,Center Attacking Midfield,MF,0.0707,0.2667,-0.196,1,58,18,0.0,0.4362,-0.4362,-0.2402,Negative,3,1
3754104,Premier League 2015/2016,Stoke City,56,0,0,34,1,31-60,Center Attacking Midfield,MF,0.0,0.7323,-0.7323,0,76,30,0.0836,0.2795,-0.1959,0.5364,Positive,1,1
3754104,Premier League 2015/2016,Stoke City,56,0,0,34,2,31-60,Left Wing,FW,0.0,0.7323,-0.7323,0,76,30,0.0836,0.2795,-0.1959,0.5364,Positive,1,0
3754104,Premier League 2015/2016,Norwich City,76,0,1,14,1,76-90+,Center Attacking Midfield,MF,0.0,0.1011,-0.1011,0,55,28,0.575,0.0967,0.4783,0.5794,Positive,3,1
3754104,Premier League 2015/2016,Stoke City,78,0,0,12,3,76-90+,Right Defensive Midfield,MF,0.1011,0.0,0.1011,2,124,12,0.0967,0.6927,-0.596,-0.6971,Negative,3,1
3754104,Premier League 2015/2016,Norwich City,85,0,1,5,2,76-90+,Center Attacking Midfield,MF,0.0837,0.0263,0.0574,2,63,21,0.609,0.0967,0.5123,0.4549,Positive,3,1
3754054,Premier League 2015/2016,Sunderland,55,-4,0,35,1,31-60,Center Defensive Midfield,MF,0.0425,1.0092,-0.9667,1,77,21,0.5982,0.7835,-0.1853,0.7814,Positive,1,1
3754054,Premier League 2015/2016,Manchester City,61,3,1,29,1,61-75,Right Center Back,DF,0.7081,0.5982,0.1099,3,99,9,0.8484,0.0745,0.7739,0.664,Positive,2,2
3754054,Premier League 2015/2016,Manchester City,61,3,1,29,2,61-75,Right Center Midfield,MF,0.7081,0.5982,0.1099,3,99,9,0.8484,0.0745,0.7739,0.664,Positive,2,1
3754054,Premier League 2015/2016,Sunderland,61,-3,0,29,2,61-75,Center Forward,FW,0.5982,0.7081,-0.1099,3,67,33,0.0745,0.8484,-0.7739,-0.664,Negative,2,0
3754054,Premier League 2015/2016,Manchester City,70,3,1,20,3,61-75,Right Center Back,DF,0.7835,0.5982,0.1853,1,115,12,0.4164,0.0745,0.3419,0.1566,Positive,2,2
3754054,Premier League 2015/2016,Sunderland,70,-3,0,20,3,61-75,Right Wing,FW,0.5982,0.7835,-0.1853,3,56,38,0.0745,0.4164,-0.3419,-0.1566,Negative,2,0
3754113,Premier League 2015/2016,Southampton,62,-1,1,28,1,61-75,Right Defensive Midfield,MF,0.0826,0.077,0.0056,1,78,24,0.9937,0.0694,0.9243,0.9187,Positive,2,1
3754113,Premier League 2015/2016,Southampton,63,-1,1,27,2,61-75,Left Wing,FW,0.1545,0.077,0.0775,2,72,22,0.9219,0.0694,0.8525,0.775,Positive,2,0
3754113,Premier League 2015/2016,Aston Villa,74,0,0,16,1,61-75,Center Forward,FW,0.1372,1.0764,-0.9392,3,52,23,0.1154,0.0829,0.0325,0.9717,Positive,2,0
3754113,Premier League 2015/2016,Aston Villa,76,0,0,14,2,76-90+,Left Back,DF,0.0694,1.0764,-1.007,1,49,20,0.1154,0.2257,-0.1103,0.8967,Positive,3,2
3754113,Premier League 2015/2016,Southampton,82,0,1,8,3,76-90+,Right Wing,FW,0.8058,0.1848,0.621,3,90,14,0.2663,0.0,0.2663,-0.3547,Negative,3,0
3754107,Premier League 2015/2016,Aston Villa,58,-1,1,32,1,31-60,Left Wing,FW,0.2041,0.0,0.2041,3,89,12,0.0,0.2108,-0.2108,-0.4149,Negative,1,0
3754107,Premier League 2015/2016,Manchester United,59,1,0,31,1,31-60,Center Attacking Midfield,MF,0.0,0.2041,-0.2041,0,86,34,0.2108,0.0,0.2108,0.4149,Positive,1,1
3754107,Premier League 2015/2016,Manchester United,59,1,0,31,2,31-60,Right Defensive Midfield,MF,0.0,0.2041,-0.2041,0,86,34,0.2108,0.0,0.2108,0.4149,Positive,1,1
3754107,Premier League 2015/2016,Aston Villa,77,-1,1,13,2,76-90+,Right Center Midfield,MF,0.0498,0.2108,-0.161,1,62,34,0.0,0.0515,-0.0515,0.1095,Positive,3,1
3754107,Premier League 2015/2016,Manchester United,82,1,0,8,3,76-90+,Left Wing,FW,0.2553,0.0498,0.2055,3,88,16,0.0,0.0,0.0,-0.2055,Negative,3,0
3754105,Premier League 2015/2016,West Bromwich Albion,27,0,1,63,1,0-30,Left Center Back,DF,0.0,0.0,0.0,0,65,26,0.1716,0.3059,-0.1343,-0.1343,Negative,0,2
3754105,Premier League 2015/2016,West Bromwich Albion,68,1,1,22,2,61-75,Center Forward,FW,0.1888,0.2452,-0.0564,2,47,8,0.0,0.4374,-0.4374,-0.381,Negative,2,0
3754105,Premier League 2015/2016,Everton,71,-1,0,19,1,61-75,Left Wing,FW,0.1654,0.0227,0.1427,2,74,24,0.9868,0.0,0.9868,0.8441,Positive,2,0
3754105,Premier League 2015/2016,Everton,71,-1,0,19,2,61-75,Right Back,DF,0.1654,0.0227,0.1427,2,74,24,0.9868,0.0,0.9868,0.8441,Positive,2,2
3754105,Premier League 2015/2016,West Bromwich Albion,84,-1,1,6,3,76-90+,Center Defensive Midfield,MF,0.0,0.9868,-0.9868,0,49,16,0.092,0.0727,0.0193,1.0061,Positive,3,1
3754097,Premier League 2015/2016,Tottenham Hotspur,52,0,0,38,1,31-60,Left Center Midfield,MF,0.0256,0.0635,-0.0379,1,110,32,0.0,0.0725,-0.0725,-0.0346,Neutral,1,1
3754097,Premier League 2015/2016,Manchester United,59,0,1,31,1,31-60,Right Defensive Midfield,MF,0.0271,0.0256,0.0015,1,75,35,0.1792,0.0,0.1792,0.1777,Positive,1,1
3754097,Premier League 2015/2016,Manchester United,67,0,1,23,2,61-75,Center Attacking Midfield,MF,0.0725,0.0,0.0725,1,88,38,0.153,0.0,0.153,0.0805,Neutral,2,1
3754097,Premier League 2015/2016,Tottenham Hotspur,67,0,0,23,2,61-75,Right Wing,FW,0.0,0.0725,-0.0725,0,88,21,0.0,0.153,-0.153,-0.0805,Neutral,2,0
3754097,Premier League 2015/2016,Tottenham Hotspur,76,0,0,14,3,76-90+,Right Center Midfield,MF,0.0,0.1792,-0.1792,0,58,25,0.1003,0.0462,0.0541,0.2333,Positive,3,1
3754097,Premier League 2015/2016,Manchester United,80,0,1,10,3,76-90+,Right Back,DF,0.153,0.0,0.153,2,103,27,0.0,0.1003,-0.1003,-0.2533,Negative,3,2
3754102,Premier League 2015/2016,Newcastle United,45,1,1,45,1,31-60,Right Center Midfield,MF,0.2835,0.137,0.1465,3,63,16,0.1671,0.1311,0.036,-0.1105,Negative,1,1
3754102,Premier League 2015/2016,Norwich City,61,-1,0,29,1,61-75,Left Center Midfield,MF,0.1311,0.0,0.1311,4,112,14,0.4413,0.754,-0.3127,-0.4438,Negative,2,1
3754102,Premier League 2015/2016,Newcastle United,64,2,1,26,2,61-75,Left Back,DF,0.2687,0.1311,0.1376,1,58,36,0.4853,0.4413,0.044,-0.0936,Neutral,2,2
3754102,Premier League 2015/2016,Norwich City,83,-3,0,7,2,76-90+,Left Back,DF,0.4413,0.0,0.4413,7,91,11,0.0971,0.0364,0.0607,-0.3806,Negative,3,2
3754102,Premier League 2015/2016,Norwich City,83,-3,0,7,3,76-90+,Right Center Midfield,MF,0.4413,0.0,0.4413,7,91,11,0.0971,0.0364,0.0607,-0.3806,Negative,3,1
3754115,Premier League 2015/2016,Chelsea,45,1,1,45,1,31-60,Center Attacking Midfield,MF,0.8056,0.22,0.5856,4,42,34,0.1503,0.0167,0.1336,-0.452,Negative,1,1
3754115,Premier League 2015/2016,Aston Villa,63,-1,0,27,1,61-75,Left Back,DF,0.0,0.1503,-0.1503,0,94,26,0.1665,0.0226,0.1439,0.2942,Positive,2,2
3754115,Premier League 2015/2016,Aston Villa,67,-1,0,23,2,61-75,Left Wing,FW,0.0,0.1503,-0.1503,0,113,19,0.1665,0.1003,0.0662,0.2165,Positive,2,0
3754115,Premier League 2015/2016,Chelsea,82,1,1,8,2,76-90+,Left Midfield,MF,0.1003,0.1665,-0.0662,2,48,36,0.0,0.0,0.0,0.0662,Neutral,3,1
3754148,Premier League 2015/2016,Tottenham Hotspur,61,0,0,29,1,61-75,Right Wing,FW,0.0977,0.1126,-0.0149,2,71,27,0.1966,0.014,0.1826,0.1975,Positive,2,0
3754148,Premier League 2015/2016,Tottenham Hotspur,66,0,0,24,2,61-75,Center Attacking Midfield,MF,0.0977,0.0882,0.0095,2,81,19,0.4533,0.0,0.4533,0.4438,Positive,2,1
3754148,Premier League 2015/2016,Sunderland,73,0,1,17,1,61-75,Left Center Midfield,MF,0.0417,0.1967,-0.155,2,38,22,0.0947,1.0971,-1.0024,-0.8474,Negative,2,1
3754148,Premier League 2015/2016,Sunderland,73,0,1,17,2,61-75,Left Wing,FW,0.0417,0.1967,-0.155,2,38,22,0.0947,1.0971,-1.0024,-0.8474,Negative,2,0
3754148,Premier League 2015/2016,Sunderland,80,0,1,10,3,76-90+,Center Attacking Midfield,MF,0.0,0.4533,-0.4533,0,27,25,0.2311,0.9032,-0.6721,-0.2188,Negative,3,1
3754148,Premier League 2015/2016,Tottenham Hotspur,84,1,0,6,3,76-90+,Left Defensive Midfield,MF,0.8205,0.0947,0.7258,5,72,19,0.4089,0.1364,0.2725,-0.4533,Negative,3,1
3754169,Premier League 2015/2016,Sunderland,45,-2,0,45,1,31-60,Left Defensive Midfield,MF,0.2241,0.0898,0.1343,2,69,28,0.1219,0.0,0.1219,-0.0124,Neutral,1,1
3754169,Premier League 2015/2016,AFC Bournemouth,64,2,1,26,1,61-75,Center Attacking Midfield,MF,0.0,0.1219,-0.1219,0,56,28,0.1926,0.0,0.1926,0.3145,Positive,2,1
3754169,Premier League 2015/2016,Sunderland,68,-2,0,22,2,61-75,Center Forward,FW,0.0134,0.145,-0.1316,1,99,27,0.0,0.0475,-0.0475,0.0841,Neutral,2,0
3754169,Premier League 2015/2016,Sunderland,71,-2,0,19,3,61-75,Left Wing,FW,0.0134,0.1619,-0.1485,1,77,36,0.0,0.1232,-0.1232,0.0253,Neutral,2,0
3754169,Premier League 2015/2016,AFC Bournemouth,74,2,1,16,2,61-75,Center Forward,FW,0.1828,0.0134,0.1694,3,76,24,0.1023,0.0299,0.0724,-0.097,Neutral,2,0
3754174,Premier League 2015/2016,Arsenal,20,0,0,70,1,0-30,Right Center Midfield,MF,0.6632,0.4622,0.201,5,105,18,0.7877,0.0,0.7877,0.5867,Positive,0,1
3754174,Premier League 2015/2016,Leicester City,45,-1,1,45,1,31-60,Right Center Forward,FW,0.0,0.7832,-0.7832,0,67,18,0.0547,0.7459,-0.6912,0.092,Neutral,1,0
3754174,Premier League 2015/2016,Leicester City,63,-2,1,27,2,61-75,Left Midfield,MF,0.032,0.7826,-0.7506,1,54,28,0.1233,0.5565,-0.4332,0.3174,Positive,2,1
3754174,Premier League 2015/2016,Arsenal,76,2,0,14,2,76-90+,Right Wing,FW,0.5565,0.1233,0.4332,7,96,25,0.224,0.9548,-0.7308,-1.164,Negative,3,0
3754174,Premier League 2015/2016,Leicester City,77,-2,1,13,3,76-90+,Left Center Midfield,MF,0.1233,0.5565,-0.4332,2,72,19,0.9548,0.224,0.7308,1.164,Positive,3,1
3754174,Premier League 2015/2016,Arsenal,79,2,0,11,3,76-90+,Center Forward,FW,0.3801,0.1233,0.2568,6,77,30,0.4372,0.9548,-0.5176,-0.7744,Negative,3,0
3754185,Premier League 2015/2016,Manchester United,24,1,0,66,1,0-30,Left Attacking Midfield,MF,0.1966,0.0822,0.1144,1,112,16,0.0706,0.0452,0.0254,-0.089,Neutral,0,1
3754185,Premier League 2015/2016,Watford,45,-1,1,45,1,31-60,Left Wing,FW,0.0452,0.0082,0.037,1,63,29,0.3734,0.2921,0.0813,0.0443,Neutral,1,0
3754185,Premier League 2015/2016,Watford,68,-1,1,22,2,61-75,Right Back,DF,0.4011,0.0377,0.3634,3,95,30,0.2921,0.0,0.2921,-0.0713,Neutral,2,2
3754185,Premier League 2015/2016,Manchester United,68,1,0,22,2,61-75,Right Center Back,DF,0.0377,0.4011,-0.3634,1,76,33,0.0,0.2921,-0.2921,0.0713,Neutral,2,2
3754185,Premier League 2015/2016,Manchester United,78,1,0,12,3,76-90+,Center Attacking Midfield,MF,0.0377,0.2921,-0.2544,1,68,21,0.546,0.7835,-0.2375,0.0169,Neutral,3,1
3754162,Premier League 2015/2016,Manchester United,30,0,0,60,1,0-30,Right Wing,FW,0.6073,0.0327,0.5746,3,85,14,0.0,0.1431,-0.1431,-0.7177,Negative,0,0
3754162,Premier League 2015/2016,AFC Bournemouth,64,1,1,26,1,61-75,Center Forward,FW,0.1487,0.2771,-0.1284,2,73,21,0.6791,0.1059,0.5732,0.7016,Positive,2,0
3754162,Premier League 2015/2016,Manchester United,73,-1,0,17,2,61-75,Right Defensive Midfield,MF,0.2007,0.6791,-0.4784,2,89,19,0.1059,0.0542,0.0517,0.5301,Positive,2,1
3754162,Premier League 2015/2016,AFC Bournemouth,85,1,1,5,2,76-90+,Right Center Midfield,MF,0.7333,0.1059,0.6274,3,46,15,0.0,0.0,0.0,-0.6274,Negative,3,1
3754096,Premier League 2015/2016,Stoke City,55,0,0,35,1,31-60,Center Attacking Midfield,MF,0.0,0.1942,-0.1942,0,46,43,0.1389,0.6176,-0.4787,-0.2845,Negative,1,1
3754096,Premier League 2015/2016,West Ham United,62,0,1,28,1,61-75,Center Defensive Midfield,MF,0.3779,0.0766,0.3013,4,65,9,0.3529,0.0622,0.2907,-0.0106,Neutral,2,1
3754096,Premier League 2015/2016,Stoke City,65,0,0,25,2,61-75,Right Wing,FW,0.0766,0.5736,-0.497,1,87,32,0.413,0.1434,0.2696,0.7666,Positive,2,0
3754096,Premier League 2015/2016,Stoke City,67,0,0,23,3,61-75,Right Defensive Midfield,MF,0.0766,0.5736,-0.497,1,81,25,0.413,0.5179,-0.1049,0.3921,Positive,2,1
3754096,Premier League 2015/2016,West Ham United,82,0,1,8,2,76-90+,Right Wing,FW,0.5179,0.413,0.1049,6,68,16,0.227,0.4279,-0.2009,-0.3058,Negative,3,0
3754171,Premier League 2015/2016,Manchester United,45,-3,0,45,1,31-60,Left Wing,FW,0.3636,0.3409,0.0227,1,121,23,0.0491,0.0866,-0.0375,-0.0602,Neutral,1,0
3754171,Premier League 2015/2016,Manchester United,45,-3,0,45,2,31-60,Right Back,DF,0.3636,0.3409,0.0227,1,121,23,0.0491,0.0866,-0.0375,-0.0602,Neutral,1,2
3754171,Premier League 2015/2016,Arsenal,74,3,1,16,1,61-75,Center Forward,FW,0.1606,0.6562,-0.4956,1,54,18,0.2084,0.086,0.1224,0.618,Positive,2,0
3754171,Premier League 2015/2016,Arsenal,74,3,1,16,2,61-75,Center Attacking Midfield,MF,0.1606,0.6562,-0.4956,1,54,18,0.2084,0.086,0.1224,0.618,Positive,2,1
3754171,Premier League 2015/2016,Arsenal,80,3,1,10,3,76-90+,Left Wing,FW,0.1606,0.6354,-0.4748,1,53,32,0.3373,0.0621,0.2752,0.75,Positive,3,0
3754171,Premier League 2015/2016,Manchester United,81,-3,0,9,3,76-90+,Right Wing,FW,0.6354,0.1606,0.4748,3,123,18,0.0621,0.3373,-0.2752,-0.75,Negative,3,0
3754119,Premier League 2015/2016,Sunderland,35,0,1,55,1,31-60,Center Attacking Midfield,MF,0.0642,0.4486,-0.3844,1,50,21,0.7835,0.0722,0.7113,1.0957,Positive,1,1
3754119,Premier League 2015/2016,Sunderland,36,0,1,54,2,31-60,Right Center Back,DF,0.0642,0.4486,-0.3844,1,43,20,0.7835,0.0722,0.7113,1.0957,Positive,1,2
3754119,Premier League 2015/2016,Newcastle United,45,0,0,45,1,31-60,Left Defensive Midfield,MF,0.2403,0.0,0.2403,3,68,9,0.4879,0.8425,-0.3546,-0.5949,Negative,1,1
3754119,Premier League 2015/2016,Newcastle United,48,-1,0,42,2,31-60,Left Defensive Midfield,MF,0.0722,0.7835,-0.7113,2,68,10,0.4879,0.059,0.4289,1.1402,Positive,1,1
3754119,Premier League 2015/2016,Newcastle United,77,-2,0,13,3,76-90+,Left Back,DF,0.3055,0.9586,-0.6531,5,96,11,0.0676,0.1906,-0.123,0.5301,Positive,3,2
3754119,Premier League 2015/2016,Sunderland,81,2,1,9,3,76-90+,Left Wing,FW,0.032,0.3731,-0.3411,1,42,15,0.1906,0.0,0.1906,0.5317,Positive,3,0
3754126,Premier League 2015/2016,Everton,51,-1,0,39,1,31-60,Left Center Back,DF,0.0657,0.6637,-0.598,2,72,38,0.0,0.3349,-0.3349,0.2631,Positive,1,2
3754126,Premier League 2015/2016,Everton,69,-1,0,21,2,61-75,Left Wing,FW,0.0751,0.4537,-0.3786,1,92,39,0.3059,0.2771,0.0288,0.4074,Positive,2,0
3754126,Premier League 2015/2016,Arsenal,80,1,1,10,1,76-90+,Right Wing,FW,0.1307,0.381,-0.2503,1,64,22,0.7132,0.2026,0.5106,0.7609,Positive,3,0
3754133,Premier League 2015/2016,West Bromwich Albion,73,1,0,17,1,61-75,Right Center Forward,FW,0.0294,0.1215,-0.0921,1,52,13,0.0,0.2391,-0.2391,-0.147,Negative,2,0
3754133,Premier League 2015/2016,Norwich City,77,-1,1,13,1,76-90+,Right Center Midfield,MF,0.0385,0.0294,0.0091,1,57,16,0.2745,0.0,0.2745,0.2654,Positive,3,1
3754167,Premier League 2015/2016,Norwich City,45,0,0,45,1,31-60,Left Attacking Midfield,MF,0.0,0.4454,-0.4454,0,48,11,0.0,0.1252,-0.1252,0.3202,Positive,1,1
3754167,Premier League 2015/2016,Manchester City,53,0,1,37,1,31-60,Right Center Forward,FW,0.5044,0.0,0.5044,4,118,14,0.0917,0.0,0.0917,-0.4127,Negative,1,0
3754167,Premier League 2015/2016,Norwich City,69,-1,0,21,2,61-75,Left Defensive Midfield,MF,0.0,0.0917,-0.0917,0,32,15,0.9385,0.2483,0.6902,0.7819,Positive,2,1
3754167,Premier League 2015/2016,Manchester City,72,1,1,18,2,61-75,Left Midfield,MF,0.1897,0.0,0.1897,4,116,16,0.1503,0.9385,-0.7882,-0.9779,Negative,2,1
3754145,Premier League 2015/2016,West Bromwich Albion,45,-2,1,45,1,31-60,Left Midfield,MF,0.0,0.6647,-0.6647,0,64,39,0.0334,0.162,-0.1286,0.5361,Positive,1,1
3754145,Premier League 2015/2016,Manchester City,62,3,0,28,1,61-75,Center Forward,FW,0.079,0.0334,0.0456,2,78,11,0.0782,0.3274,-0.2492,-0.2948,Negative,2,0
3754145,Premier League 2015/2016,West Bromwich Albion,73,-3,1,17,2,61-75,Center Forward,FW,0.2235,0.1572,0.0663,2,76,15,0.3897,0.0829,0.3068,0.2405,Positive,2,0
3754145,Premier League 2015/2016,Manchester City,73,3,0,17,2,61-75,Left Wing,FW,0.1572,0.2235,-0.0663,3,50,20,0.0829,0.3897,-0.3068,-0.2405,Negative,2,0
3754145,Premier League 2015/2016,West Bromwich Albion,79,-3,1,11,3,76-90+,Left Midfield,MF,0.3274,0.0782,0.2492,4,85,12,0.2858,0.278,0.0078,-0.2414,Negative,3,1
3754145,Premier League 2015/2016,Manchester City,79,3,0,11,3,76-90+,Right Center Midfield,MF,0.0782,0.3274,-0.2492,1,70,23,0.278,0.2858,-0.0078,0.2414,Positive,3,1
3754153,Premier League 2015/2016,Crystal Palace,63,1,0,27,1,61-75,Right Center Forward,FW,0.4586,0.1858,0.2728,2,25,17,0.1352,1.3809,-1.2457,-1.5185,Negative,2,0
3754153,Premier League 2015/2016,Stoke City,64,-1,1,26,1,61-75,Center Defensive Midfield,MF,0.157,0.5601,-0.4031,5,77,4,1.3809,0.0337,1.3472,1.7503,Positive,2,1
3754153,Premier League 2015/2016,Stoke City,74,-1,1,16,2,61-75,Right Center Midfield,MF,0.5664,0.1352,0.4312,4,67,4,1.347,0.4746,0.8724,0.4412,Positive,2,1
3754153,Premier League 2015/2016,Crystal Palace,78,0,0,12,2,76-90+,Left Midfield,MF,0.1352,1.3809,-1.2457,2,55,12,0.4746,0.4646,0.01,1.2557,Positive,3,1
3754153,Premier League 2015/2016,Crystal Palace,80,0,0,10,3,76-90+,Right Midfield,MF,0.0337,1.6246,-1.5909,1,52,10,0.4746,0.3481,0.1265,1.7174,Positive,3,1
3754143,Premier League 2015/2016,Liverpool,61,0,0,29,1,61-75,Center Forward,FW,0.0614,0.1392,-0.0778,1,84,37,0.1604,0.0769,0.0835,0.1613,Positive,2,0
3754143,Premier League 2015/2016,Liverpool,61,0,0,29,2,61-75,Center Attacking Midfield,MF,0.0614,0.1392,-0.0778,1,84,37,0.1604,0.0769,0.0835,0.1613,Positive,2,1
3754143,Premier League 2015/2016,Newcastle United,67,0,1,23,1,61-75,Center Attacking Midfield,MF,0.0375,0.0614,-0.0239,1,68,24,0.0769,0.1604,-0.0835,-0.0596,Neutral,2,1
3754143,Premier League 2015/2016,Liverpool,74,0,0,16,3,61-75,Right Wing,FW,0.0201,0.0769,-0.0568,1,97,27,0.3747,0.0,0.3747,0.4315,Positive,2,0
3754143,Premier League 2015/2016,Newcastle United,76,0,1,14,2,76-90+,Left Defensive Midfield,MF,0.0769,0.1604,-0.0835,1,63,20,0.0,0.2344,-0.2344,-0.1509,Negative,3,1
3754143,Premier League 2015/2016,Newcastle United,81,0,1,9,3,76-90+,Center Forward,FW,0.0769,0.1604,-0.0835,1,56,20,0.4758,0.2344,0.2414,0.3249,Positive,3,0
3754186,Premier League 2015/2016,Leicester City,59,0,1,31,1,31-60,Right Center Forward,FW,0.0,0.307,-0.307,0,72,17,0.2194,0.0,0.2194,0.5264,Positive,1,0
3754186,Premier League 2015/2016,Manchester United,67,0,0,23,1,61-75,Left Center Forward,FW,0.0,0.1439,-0.1439,0,124,19,0.0966,0.0754,0.0212,0.1651,Positive,2,0
3754186,Premier League 2015/2016,Leicester City,69,0,1,21,2,61-75,Left Midfield,MF,0.1587,0.0,0.1587,2,54,26,0.0607,0.1937,-0.133,-0.2917,Negative,2,1
3754186,Premier League 2015/2016,Leicester City,79,0,1,11,3,76-90+,Right Back,DF,0.2194,0.0966,0.1228,3,38,19,0.0275,0.1226,-0.0951,-0.2179,Negative,3,2
3754130,Premier League 2015/2016,Aston Villa,57,-1,0,33,1,31-60,Right Wing,FW,0.0,0.1014,-0.1014,0,101,25,0.0,0.0319,-0.0319,0.0695,Neutral,1,0
3754130,Premier League 2015/2016,Aston Villa,68,-1,0,22,2,61-75,Left Back,DF,0.0,0.1333,-0.1333,0,81,17,0.1342,0.0171,0.1171,0.2504,Positive,2,2
3754130,Premier League 2015/2016,Aston Villa,81,-1,0,9,3,76-90+,Center Attacking Midfield,MF,0.1342,0.0171,0.1171,2,64,18,0.0,0.1133,-0.1133,-0.2304,Negative,3,1
3754130,Premier League 2015/2016,Norwich City,84,1,1,6,1,76-90+,Left Defensive Midfield,MF,0.0171,0.1342,-0.1171,1,65,14,0.1133,0.0465,0.0668,0.1839,Positive,3,1
3754188,Premier League 2015/2016,Southampton,63,-2,1,27,1,61-75,Right Wing,FW,0.1891,0.0,0.1891,3,85,30,0.0545,0.0085,0.046,-0.1431,Negative,2,0
3754188,Premier League 2015/2016,Southampton,63,-2,1,27,2,61-75,Left Wing,FW,0.1891,0.0,0.1891,3,85,30,0.0545,0.0085,0.046,-0.1431,Negative,2,0
3754188,Premier League 2015/2016,Southampton,77,-2,1,13,3,76-90+,Right Defensive Midfield,MF,0.0545,0.0085,0.046,1,80,20,0.2129,0.1142,0.0987,0.0527,Neutral,3,1
3754188,Premier League 2015/2016,Tottenham Hotspur,77,2,0,13,1,76-90+,Center Attacking Midfield,MF,0.0085,0.0545,-0.046,1,45,20,0.1142,0.2129,-0.0987,-0.0527,Neutral,3,1
3754188,Premier League 2015/2016,Tottenham Hotspur,85,2,0,5,2,76-90+,Left Wing,FW,0.1142,0.0545,0.0597,2,51,16,0.0,0.4691,-0.4691,-0.5288,Negative,3,0
3754178,Premier League 2015/2016,Watford,66,0,0,24,1,61-75,Goalkeeper,GK,0.0,0.0,0.0,0,26,15,0.0,0.0701,-0.0701,-0.0701,Neutral,2,3
3754178,Premier League 2015/2016,Watford,66,0,0,24,2,61-75,Right Midfield,MF,0.0,0.0,0.0,0,26,15,0.0,0.0701,-0.0701,-0.0701,Neutral,2,1
3754178,Premier League 2015/2016,Aston Villa,67,0,1,23,1,61-75,Right Wing,FW,0.0,0.0,0.0,0,82,6,0.0701,0.0447,0.0254,0.0254,Neutral,2,0
3754178,Premier League 2015/2016,Watford,80,0,0,10,3,76-90+,Left Midfield,MF,0.0,0.0701,-0.0701,0,50,11,0.2718,0.0624,0.2094,0.2795,Positive,3,1
3754178,Premier League 2015/2016,Aston Villa,81,0,1,9,2,76-90+,Left Center Midfield,MF,0.0701,0.0,0.0701,1,85,21,0.0624,0.3138,-0.2514,-0.3215,Negative,3,1
3754157,Premier League 2015/2016,AFC Bournemouth,45,-2,1,45,1,31-60,Right Center Back,DF,0.1625,0.1142,0.0483,2,85,21,0.3321,0.0387,0.2934,0.2451,Positive,1,2
3754157,Premier League 2015/2016,AFC Bournemouth,45,-2,1,45,2,31-60,Goalkeeper,GK,0.1625,0.1142,0.0483,2,85,21,0.3321,0.0387,0.2934,0.2451,Positive,1,3
3754157,Premier League 2015/2016,Everton,67,2,0,23,1,61-75,Right Defensive Midfield,MF,0.035,0.2179,-0.1829,1,53,19,0.0,0.1474,-0.1474,0.0355,Neutral,2,1
3754157,Premier League 2015/2016,AFC Bournemouth,75,-2,1,15,3,61-75,Center Attacking Midfield,MF,0.1865,0.035,0.1515,3,93,10,0.1833,0.03,0.1533,0.0018,Neutral,2,1
3754157,Premier League 2015/2016,Everton,85,1,0,5,2,76-90+,Right Wing,FW,0.0,0.0571,-0.0571,0,52,16,0.1473,0.5261,-0.3788,-0.3217,Negative,3,0
3754166,Premier League 2015/2016,Leicester City,70,2,0,20,1,61-75,Left Midfield,MF,1.0104,0.1906,0.8198,4,57,23,0.0,0.0989,-0.0989,-0.9187,Negative,2,1
3754166,Premier League 2015/2016,Everton,73,-2,1,17,1,61-75,Right Wing,FW,0.1906,0.9236,-0.733,2,99,15,0.0989,0.0,0.0989,0.8319,Positive,2,0
3754166,Premier League 2015/2016,Everton,73,-2,1,17,2,61-75,Left Wing,FW,0.1906,0.9236,-0.733,2,99,15,0.0989,0.0,0.0989,0.8319,Positive,2,0
3754166,Premier League 2015/2016,Leicester City,82,2,0,8,2,76-90+,Right Midfield,MF,0.1401,0.2063,-0.0662,1,47,24,0.412,0.397,0.015,0.0812,Neutral,3,1
3754211,Premier League 2015/2016,Newcastle United,19,0,1,71,1,0-30,Left Center Midfield,MF,0.0831,0.5955,-0.5124,2,81,34,0.0756,0.0644,0.0112,0.5236,Positive,0,1
3754211,Premier League 2015/2016,Newcastle United,61,-1,1,29,2,61-75,Left Center Forward,FW,0.0,0.2884,-0.2884,0,103,22,0.2144,0.3183,-0.1039,0.1845,Positive,2,0
3754211,Premier League 2015/2016,Leicester City,72,2,0,18,1,61-75,Right Center Forward,FW,0.5519,0.2144,0.3375,5,44,14,1.4883,0.0,1.4883,1.1508,Positive,2,0
3754211,Premier League 2015/2016,Leicester City,76,2,0,14,2,76-90+,Left Center Forward,FW,0.3183,0.2144,0.1039,4,37,16,1.4334,0.022,1.4114,1.3075,Positive,3,0
3754211,Premier League 2015/2016,Newcastle United,80,-2,1,10,3,76-90+,Right Center Forward,FW,0.2144,0.7334,-0.519,4,74,21,0.022,0.8452,-0.8232,-0.3042,Negative,3,0
3754150,Premier League 2015/2016,Sunderland,30,0,1,60,1,0-30,Right Center Forward,FW,0.0531,0.025,0.0281,1,57,26,0.1042,0.6609,-0.5567,-0.5848,Negative,0,0
3754150,Premier League 2015/2016,Stoke City,49,0,0,41,1,31-60,Center Attacking Midfield,MF,0.0645,0.1455,-0.081,1,102,9,0.1151,0.6049,-0.4898,-0.4088,Negative,1,1
3754150,Premier League 2015/2016,Sunderland,53,0,1,37,2,31-60,Right Center Midfield,MF,0.1987,0.074,0.1247,4,50,29,0.5821,0.1055,0.4766,0.3519,Positive,1,1
3754150,Premier League 2015/2016,Stoke City,63,0,0,27,2,61-75,Right Wing,FW,0.1151,0.5788,-0.4637,3,59,8,0.0,0.2334,-0.2334,0.2303,Positive,2,0
3754150,Premier League 2015/2016,Sunderland,73,0,1,17,3,61-75,Center Back,DF,0.2228,0.1055,0.1173,3,86,22,0.1789,0.0,0.1789,0.0616,Neutral,2,2
3754150,Premier League 2015/2016,Stoke City,85,-2,0,5,3,76-90+,Left Center Midfield,MF,0.0,0.1125,-0.1125,0,51,15,0.1076,0.1002,0.0074,0.1199,Positive,3,1
3754218,Premier League 2015/2016,Southampton,66,-1,0,24,1,61-75,Left Wing,FW,0.1143,0.028,0.0863,3,84,28,0.0185,0.1763,-0.1578,-0.2441,Negative,2,0
3754218,Premier League 2015/2016,Southampton,66,-1,0,24,2,61-75,Left Center Back,DF,0.1143,0.028,0.0863,3,84,28,0.0185,0.1763,-0.1578,-0.2441,Negative,2,2
3754218,Premier League 2015/2016,Southampton,78,-1,0,12,3,76-90+,Left Defensive Midfield,MF,0.0185,0.2043,-0.1858,1,81,35,0.3072,0.1094,0.1978,0.3836,Positive,3,1
3754218,Premier League 2015/2016,Crystal Palace,84,1,1,6,1,76-90+,Left Midfield,MF,0.1763,0.0,0.1763,3,65,46,0.1094,0.378,-0.2686,-0.4449,Negative,3,1
3754205,Premier League 2015/2016,Arsenal,69,0,0,21,1,61-75,Center Forward,FW,0.1323,0.0,0.1323,2,161,16,0.1754,0.0,0.1754,0.0431,Neutral,2,0
3754205,Premier League 2015/2016,Newcastle United,71,0,1,19,1,61-75,Right Center Midfield,MF,0.0,0.1323,-0.1323,0,57,26,0.0,0.1754,-0.1754,-0.0431,Neutral,2,1
3754205,Premier League 2015/2016,Newcastle United,77,0,1,13,2,76-90+,Right Wing,FW,0.0,0.2165,-0.2165,0,49,23,0.0,0.1193,-0.1193,0.0972,Neutral,3,0
3754205,Premier League 2015/2016,Arsenal,80,0,0,10,2,76-90+,Right Wing,FW,0.2165,0.0,0.2165,4,108,21,0.4093,0.0,0.4093,0.1928,Positive,3,0
3754221,Premier League 2015/2016,Swansea City,57,-1,1,33,1,31-60,Left Wing,FW,0.0069,0.1759,-0.169,1,89,28,0.3102,0.0902,0.22,0.389,Positive,1,0
3754221,Premier League 2015/2016,Manchester United,69,-1,0,21,1,61-75,Right Wing,FW,0.0902,0.3102,-0.22,1,132,13,0.09,0.0,0.09,0.31,Positive,2,0
3754221,Premier League 2015/2016,Manchester United,69,-1,0,21,2,61-75,Right Center Midfield,MF,0.0902,0.3102,-0.22,1,132,13,0.09,0.0,0.09,0.31,Positive,2,1
3754221,Premier League 2015/2016,Manchester United,76,-1,0,14,3,76-90+,Center Attacking Midfield,MF,0.09,0.1209,-0.0309,1,129,11,0.0,0.0,0.0,0.0309,Neutral,3,1
3754221,Premier League 2015/2016,Swansea City,80,1,1,10,2,76-90+,Left Center Forward,FW,0.1011,0.09,0.0111,1,53,27,0.0,0.0,0.0,-0.0111,Neutral,3,0
3754198,Premier League 2015/2016,Tottenham Hotspur,10,0,1,80,1,0-30,Left Wing,FW,0.0,0.2663,-0.2663,0,48,16,0.0,0.0175,-0.0175,0.2488,Positive,0,0
3754198,Premier League 2015/2016,Liverpool,80,0,0,10,1,76-90+,Center Attacking Midfield,MF,0.0596,0.0351,0.0245,1,89,25,0.0456,0.1146,-0.069,-0.0935,Neutral,3,1
3754193,Premier League 2015/2016,Manchester City,45,2,1,45,1,31-60,Right Defensive Midfield,MF,0.0471,0.0,0.0471,1,111,12,0.6709,0.1556,0.5153,0.4682,Positive,1,1
3754193,Premier League 2015/2016,Manchester City,61,3,1,29,2,61-75,Left Wing,FW,0.7136,0.1556,0.558,5,124,11,0.6004,0.0,0.6004,0.0424,Neutral,2,0
3754193,Premier League 2015/2016,AFC Bournemouth,64,-3,0,26,1,61-75,Right Center Midfield,MF,0.1556,0.6599,-0.5043,2,69,42,0.0,0.1514,-0.1514,0.3529,Positive,2,1
3754193,Premier League 2015/2016,AFC Bournemouth,73,-3,0,17,2,61-75,Center Forward,FW,0.0,0.643,-0.643,0,75,32,0.0148,0.0,0.0148,0.6578,Positive,2,0
3754193,Premier League 2015/2016,Manchester City,76,3,1,14,3,76-90+,Center Attacking Midfield,MF,0.6004,0.0,0.6004,3,76,20,0.2851,0.0148,0.2703,-0.3301,Negative,3,1
3754193,Premier League 2015/2016,AFC Bournemouth,77,-3,0,13,3,76-90+,Right Midfield,MF,0.0,0.5326,-0.5326,0,72,29,0.0148,0.2851,-0.2703,0.2623,Positive,3,1
3754222,Premier League 2015/2016,Crystal Palace,45,0,0,45,1,31-60,Right Wing,FW,0.1542,0.1761,-0.0219,4,43,28,0.0,0.1606,-0.1606,-0.1387,Negative,1,0
3754222,Premier League 2015/2016,Tottenham Hotspur,65,0,1,25,1,61-75,Left Wing,FW,0.1606,0.3589,-0.1983,3,80,18,0.2313,0.0192,0.2121,0.4104,Positive,2,0
3754222,Premier League 2015/2016,Crystal Palace,75,-1,0,15,2,61-75,Left Center Midfield,MF,0.3781,0.1584,0.2197,4,61,19,0.0,0.1114,-0.1114,-0.3311,Negative,2,1
3754222,Premier League 2015/2016,Tottenham Hotspur,78,1,1,12,2,76-90+,Center Attacking Midfield,MF,0.2313,0.3781,-0.1468,5,68,24,0.0385,0.0074,0.0311,0.1779,Positive,3,1
3754222,Premier League 2015/2016,Crystal Palace,83,-1,0,7,3,76-90+,Left Wing,FW,0.0,0.1772,-0.1772,0,59,20,0.0074,0.0,0.0074,0.1846,Positive,3,0
3754213,Premier League 2015/2016,Swansea City,59,-1,0,31,1,31-60,Left Wing,FW,0.0,0.4032,-0.4032,0,109,12,0.0,0.1136,-0.1136,0.2896,Positive,1,0
3754213,Premier League 2015/2016,Swansea City,65,-1,0,25,2,61-75,Right Center Midfield,MF,0.0,0.4032,-0.4032,0,60,12,0.0478,0.1239,-0.0761,0.3271,Positive,2,1
3754213,Premier League 2015/2016,Watford,65,1,1,25,1,61-75,Right Midfield,MF,0.4032,0.0,0.4032,4,49,13,0.1239,0.0478,0.0761,-0.3271,Negative,2,1
3754213,Premier League 2015/2016,Swansea City,70,-1,0,20,3,61-75,Center Attacking Midfield,MF,0.0,0.4901,-0.4901,0,50,14,0.0478,0.0208,0.027,0.5171,Positive,2,1
3754213,Premier League 2015/2016,Watford,70,1,1,20,2,61-75,Right Wing,FW,0.4901,0.0,0.4901,5,45,14,0.0208,0.0478,-0.027,-0.5171,Negative,2,0
3754213,Premier League 2015/2016,Watford,83,1,1,7,3,76-90+,Center Forward,FW,0.1239,0.0478,0.0761,3,53,18,0.3776,0.1676,0.21,0.1339,Positive,3,0
3754212,Premier League 2015/2016,Aston Villa,59,-2,0,31,1,31-60,Right Center Midfield,MF,0.0721,0.5439,-0.4718,1,72,20,0.5877,0.4728,0.1149,0.5867,Positive,1,1
3754212,Premier League 2015/2016,Aston Villa,68,-2,0,22,2,61-75,Left Wing,FW,0.526,0.5831,-0.0571,1,90,22,0.1366,0.1213,0.0153,0.0724,Neutral,2,0
3754223,Premier League 2015/2016,Manchester United,65,0,0,25,1,61-75,Right Back,DF,0.0,0.0259,-0.0259,0,72,29,0.0,0.365,-0.365,-0.3391,Negative,2,2
3754223,Premier League 2015/2016,Manchester United,68,0,0,22,2,61-75,Left Center Midfield,MF,0.0,0.0259,-0.0259,0,74,27,0.0219,0.365,-0.3431,-0.3172,Negative,2,1
3754223,Premier League 2015/2016,Manchester United,78,0,0,12,3,76-90+,Right Wing,FW,0.0,0.365,-0.365,0,50,15,0.2681,0.0978,0.1703,0.5353,Positive,3,0
3754223,Premier League 2015/2016,Crystal Palace,79,0,1,11,1,76-90+,Right Center Midfield,MF,0.365,0.0,0.365,4,49,12,0.0978,0.2681,-0.1703,-0.5353,Negative,3,1
3754197,Premier League 2015/2016,Manchester City,55,-1,0,35,1,31-60,Center Attacking Midfield,MF,0.2536,0.8117,-0.5581,4,77,19,0.2183,0.2813,-0.063,0.4951,Positive,1,1
3754197,Premier League 2015/2016,Tottenham Hotspur,67,2,1,23,1,61-75,Left Wing,FW,0.2813,0.0587,0.2226,2,51,27,0.6481,0.2748,0.3733,0.1507,Positive,2,0
3754197,Premier League 2015/2016,Manchester City,68,-2,0,22,2,61-75,Left Defensive Midfield,MF,0.0587,0.2813,-0.2226,2,70,20,0.2748,0.6481,-0.3733,-0.1507,Negative,2,1
3754197,Premier League 2015/2016,Tottenham Hotspur,76,2,1,14,2,76-90+,Center Attacking Midfield,MF,0.1155,0.188,-0.0725,2,48,33,0.5326,0.1079,0.4247,0.4972,Positive,3,1
3754197,Premier League 2015/2016,Manchester City,85,-3,0,5,3,76-90+,Center Forward,FW,0.1152,0.6481,-0.5329,4,98,36,0.0151,0.0393,-0.0242,0.5087,Positive,3,0
3754208,Premier League 2015/2016,Manchester City,45,-1,1,45,1,31-60,Right Defensive Midfield,MF,0.0578,1.3688,-1.311,1,105,19,0.1066,0.5475,-0.4409,0.8701,Positive,1,1
3754208,Premier League 2015/2016,Manchester City,45,-1,1,45,2,31-60,Right Wing,FW,0.0578,1.3688,-1.311,1,105,19,0.1066,0.5475,-0.4409,0.8701,Positive,1,0
3754208,Premier League 2015/2016,Manchester City,65,-1,1,25,3,61-75,Left Center Forward,FW,0.5561,0.6038,-0.0477,4,71,28,0.1155,0.5942,-0.4787,-0.431,Negative,2,0
3754208,Premier League 2015/2016,Liverpool,67,1,0,23,1,61-75,Left Wing,FW,0.5523,0.5625,-0.0102,2,70,29,0.6541,0.109,0.5451,0.5553,Positive,2,0
3754208,Premier League 2015/2016,Liverpool,76,1,0,14,2,76-90+,Center Forward,FW,0.3501,0.5383,-0.1882,1,68,21,0.304,0.1786,0.1254,0.3136,Positive,3,0
3754204,Premier League 2015/2016,Sunderland,45,-1,0,45,1,31-60,Center Forward,FW,0.0,0.8746,-0.8746,0,31,25,0.5813,0.8061,-0.2248,0.6498,Positive,1,0
3754204,Premier League 2015/2016,Sunderland,45,-1,0,45,2,31-60,Center Defensive Midfield,MF,0.0,0.8746,-0.8746,0,31,25,0.5813,0.8061,-0.2248,0.6498,Positive,1,1
3754204,Premier League 2015/2016,Aston Villa,67,0,1,23,1,61-75,Right Wing,FW,0.8034,0.1345,0.6689,4,79,16,0.2006,0.0,0.2006,-0.4683,Negative,2,0
3754204,Premier League 2015/2016,Sunderland,76,0,0,14,3,76-90+,Right Wing,FW,0.0,0.0786,-0.0786,0,56,23,0.0,0.401,-0.401,-0.3224,Negative,3,0
3754194,Premier League 2015/2016,West Ham United,49,0,1,41,1,31-60,Left Wing,FW,0.0187,1.1122,-1.0935,1,89,22,0.1743,0.0,0.1743,1.2678,Positive,1,0
3754194,Premier League 2015/2016,Everton,63,0,0,27,1,61-75,Left Wing,FW,0.0616,0.1743,-0.1127,1,61,25,0.0133,0.0903,-0.077,0.0357,Neutral,2,0
3754194,Premier League 2015/2016,West Ham United,68,0,1,22,2,61-75,Left Wing,FW,0.1743,0.0,0.1743,4,71,15,0.0903,0.0133,0.077,-0.0973,Neutral,2,0
3754194,Premier League 2015/2016,Everton,82,0,0,8,2,76-90+,Right Wing,FW,0.0133,0.0903,-0.077,2,62,18,0.2786,0.1569,0.1217,0.1987,Positive,3,0
3754219,Premier League 2015/2016,West Bromwich Albion,45,0,1,45,1,31-60,Center Attacking Midfield,MF,0.0,0.4289,-0.4289,0,26,24,0.105,0.0703,0.0347,0.4636,Positive,1,1
3754219,Premier League 2015/2016,AFC Bournemouth,69,1,0,21,1,61-75,Left Midfield,MF,0.0357,0.0,0.0357,2,88,13,0.1489,0.1063,0.0426,0.0069,Neutral,2,1
3754219,Premier League 2015/2016,West Bromwich Albion,73,-1,1,17,2,61-75,Left Back,DF,0.0,0.0993,-0.0993,0,43,11,0.1063,0.8448,-0.7385,-0.6392,Negative,2,2
3754219,Premier League 2015/2016,AFC Bournemouth,75,1,0,15,2,61-75,Center Forward,FW,0.0993,0.0,0.0993,2,52,15,1.0846,0.1063,0.9783,0.879,Positive,2,0
3754219,Premier League 2015/2016,AFC Bournemouth,81,0,0,9,3,76-90+,Left Center Midfield,MF,0.1207,0.0636,0.0571,3,28,14,1.0939,0.1747,0.9192,0.8621,Positive,3,1
3754254,Premier League 2015/2016,Manchester United,58,0,1,32,1,31-60,Left Defensive Midfield,MF,0.0399,0.0,0.0399,1,112,14,0.1636,0.0,0.1636,0.1237,Positive,1,1
3754254,Premier League 2015/2016,Manchester United,67,0,1,23,2,61-75,Center Attacking Midfield,MF,0.0779,0.0,0.0779,2,98,12,0.8155,0.0,0.8155,0.7376,Positive,2,1
3754254,Premier League 2015/2016,Newcastle United,68,0,0,22,1,61-75,Right Wing,FW,0.0,0.0779,-0.0779,0,31,33,0.0,0.8155,-0.8155,-0.7376,Negative,2,0
3754254,Premier League 2015/2016,Manchester United,76,0,1,14,3,76-90+,Right Back,DF,0.2892,0.0,0.2892,5,111,19,0.8082,0.0684,0.7398,0.4506,Positive,3,2
3754254,Premier League 2015/2016,Newcastle United,77,0,0,13,2,76-90+,Left Wing,FW,0.0,0.2892,-0.2892,0,37,27,0.0684,0.8082,-0.7398,-0.4506,Negative,3,0
3754230,Premier League 2015/2016,Liverpool,45,0,1,45,1,31-60,Center Forward,FW,0.1047,0.152,-0.0473,2,109,25,0.0921,0.0629,0.0292,0.0765,Neutral,1,0
3754230,Premier League 2015/2016,Southampton,63,0,0,27,1,61-75,Left Wing,FW,0.0629,0.0917,-0.0288,1,61,24,0.0407,0.1218,-0.0811,-0.0523,Neutral,2,0
3754230,Premier League 2015/2016,Liverpool,66,0,1,24,2,61-75,Right Attacking Midfield,MF,0.0917,0.0629,0.0288,1,79,26,0.1218,0.0852,0.0366,0.0078,Neutral,2,1
3754230,Premier League 2015/2016,Southampton,75,0,0,15,2,61-75,Right Center Midfield,MF,0.0,0.1503,-0.1503,0,60,18,0.976,0.0633,0.9127,1.063,Positive,2,1
3754230,Premier League 2015/2016,Southampton,79,-1,0,11,3,76-90+,Right Wing,FW,0.0407,0.1218,-0.0811,1,71,18,0.9353,0.0,0.9353,1.0164,Positive,3,0
3754230,Premier League 2015/2016,Liverpool,82,1,1,8,3,76-90+,Left Attacking Midfield,MF,0.1218,0.0852,0.0366,3,89,29,0.0,0.8908,-0.8908,-0.9274,Negative,3,1
3754285,Premier League 2015/2016,Aston Villa,37,0,1,53,1,31-60,Center Defensive Midfield,MF,0.1489,0.0545,0.0944,2,74,23,0.196,0.3434,-0.1474,-0.2418,Negative,1,1
3754285,Premier League 2015/2016,West Ham United,45,0,0,45,1,31-60,Right Back,DF,0.0343,0.0327,0.0016,1,77,19,0.3917,0.3277,0.064,0.0624,Neutral,1,2
3754285,Premier League 2015/2016,West Ham United,74,0,0,16,2,61-75,Left Back,DF,0.0771,0.9796,-0.9025,1,51,22,0.0246,0.0,0.0246,0.9271,Positive,2,2
3754285,Premier League 2015/2016,Aston Villa,82,0,1,8,2,76-90+,Center Attacking Midfield,MF,0.1533,0.1016,0.0517,2,92,24,0.0,0.0394,-0.0394,-0.0911,Neutral,3,1
3754285,Premier League 2015/2016,West Ham United,84,0,0,6,3,76-90+,Right Center Midfield,MF,0.1016,0.1533,-0.0517,2,49,24,0.0394,0.0,0.0394,0.0911,Neutral,3,1
3754233,Premier League 2015/2016,Everton,46,0,1,44,1,31-60,Left Back,DF,0.1033,0.0,0.1033,2,56,18,0.0845,0.0975,-0.013,-0.1163,Negative,1,2
3754233,Premier League 2015/2016,Everton,62,-1,1,28,2,61-75,Left Wing,FW,0.1524,0.0133,0.1391,2,79,29,0.0737,0.2893,-0.2156,-0.3547,Negative,2,0
3754233,Premier League 2015/2016,Manchester City,75,1,0,15,1,61-75,Left Wing,FW,0.2893,0.1417,0.1476,1,71,20,0.3106,0.072,0.2386,0.091,Neutral,2,0
3754233,Premier League 2015/2016,Manchester City,79,1,0,11,2,76-90+,Center Forward,FW,0.0247,0.1458,-0.1211,1,65,24,0.2859,0.1162,0.1697,0.2908,Positive,3,0
3754233,Premier League 2015/2016,Everton,85,-1,1,5,3,76-90+,Right Wing,FW,0.072,0.0652,0.0068,1,69,28,0.1162,0.2454,-0.1292,-0.136,Negative,3,0
3754270,Premier League 2015/2016,Stoke City,58,-2,0,32,1,31-60,Right Defensive Midfield,MF,0.4122,0.9923,-0.5801,3,111,24,0.2176,0.1264,0.0912,0.6713,Positive,1,1
3754270,Premier League 2015/2016,Stoke City,58,-2,0,32,2,31-60,Right Wing,FW,0.4122,0.9923,-0.5801,3,111,24,0.2176,0.1264,0.0912,0.6713,Positive,1,0
3754270,Premier League 2015/2016,Tottenham Hotspur,63,2,1,27,1,61-75,Center Forward,FW,0.5118,0.2918,0.22,2,62,31,0.1264,0.8493,-0.7229,-0.9429,Negative,2,0
3754270,Premier League 2015/2016,Tottenham Hotspur,68,2,1,22,2,61-75,Left Center Midfield,MF,0.0953,0.3156,-0.2203,1,57,30,0.152,1.553,-1.401,-1.1807,Negative,2,1
3754237,Premier League 2015/2016,Sunderland,29,-3,0,61,1,0-30,Center Defensive Midfield,MF,0.0124,1.192,-1.1796,1,71,14,0.0,0.1383,-0.1383,1.0413,Positive,0,1
3754237,Premier League 2015/2016,Sunderland,53,-3,0,37,2,31-60,Right Back,DF,0.0,0.2711,-0.2711,0,91,15,0.4634,0.3991,0.0643,0.3354,Positive,1,2
3754237,Premier League 2015/2016,Leicester City,74,2,1,16,1,61-75,Right Back,DF,0.1636,0.9184,-0.7548,3,56,18,0.1425,0.0206,0.1219,0.8767,Positive,2,2
3754237,Premier League 2015/2016,Leicester City,76,2,1,14,2,76-90+,Left Midfield,MF,0.1636,0.5559,-0.3923,3,44,16,0.1425,0.0206,0.1219,0.5142,Positive,3,1
3754237,Premier League 2015/2016,Leicester City,81,2,1,9,3,76-90+,Left Center Forward,FW,0.085,0.4756,-0.3906,2,52,12,0.1084,0.0,0.1084,0.499,Positive,3,0
3754257,Premier League 2015/2016,Manchester City,24,0,0,66,1,0-30,Left Center Forward,FW,0.0,0.0113,-0.0113,0,81,19,0.551,0.0,0.551,0.5623,Positive,0,0
3754257,Premier League 2015/2016,Crystal Palace,67,0,1,23,1,61-75,Right Wing,FW,0.0,0.2742,-0.2742,0,75,27,0.1223,0.0406,0.0817,0.3559,Positive,2,0
3754257,Premier League 2015/2016,Crystal Palace,79,0,1,11,2,76-90+,Center Forward,FW,0.1223,0.1147,0.0076,1,40,25,0.2281,0.6822,-0.4541,-0.4617,Negative,3,0
3754257,Premier League 2015/2016,Crystal Palace,82,0,1,8,3,76-90+,Center Attacking Midfield,MF,0.1223,0.0406,0.0817,1,33,22,0.2281,1.4067,-1.1786,-1.2603,Negative,3,1
3754266,Premier League 2015/2016,Crystal Palace,61,0,0,29,1,61-75,Center Attacking Midfield,MF,0.295,0.1918,0.1032,3,63,15,0.7943,0.1221,0.6722,0.569,Positive,2,1
3754266,Premier League 2015/2016,Watford,63,0,1,27,1,61-75,Right Midfield,MF,0.0604,0.3021,-0.2417,2,57,22,0.1221,0.9632,-0.8411,-0.5994,Negative,2,1
3754266,Premier League 2015/2016,Watford,74,-1,1,16,2,61-75,Right Back,DF,0.1343,1.0313,-0.897,2,63,16,0.0,0.3186,-0.3186,0.5784,Positive,2,2
3754266,Premier League 2015/2016,Crystal Palace,76,1,0,14,2,76-90+,Right Defensive Midfield,MF,0.7943,0.1221,0.6722,3,52,20,0.3451,0.0,0.3451,-0.3271,Negative,3,1
3754266,Premier League 2015/2016,Watford,81,-1,1,9,3,76-90+,Left Center Midfield,MF,0.1221,1.0425,-0.9204,1,62,14,0.0491,0.0898,-0.0407,0.8797,Positive,3,1
3754266,Premier League 2015/2016,Crystal Palace,84,1,0,6,3,76-90+,Center Forward,FW,1.1021,0.1221,0.98,5,35,23,0.0302,0.0491,-0.0189,-0.9989,Negative,3,0
3754256,Premier League 2015/2016,Manchester United,45,2,0,45,1,31-60,Right Wing,FW,0.1645,0.1139,0.0506,1,118,18,0.0,0.434,-0.434,-0.4846,Negative,1,0
3754256,Premier League 2015/2016,Everton,45,-2,1,45,1,31-60,Left Wing,FW,0.1139,0.1645,-0.0506,3,70,17,0.434,0.0,0.434,0.4846,Positive,1,0
3754256,Premier League 2015/2016,Everton,72,-3,1,18,2,61-75,Right Wing,FW,0.0436,0.4141,-0.3705,2,85,32,0.047,0.1649,-0.1179,0.2526,Positive,2,0
3754256,Premier League 2015/2016,Manchester United,73,3,0,17,2,61-75,Left Center Midfield,MF,0.4141,0.0436,0.3705,2,61,23,0.1649,0.047,0.1179,-0.2526,Negative,2,1
3754256,Premier League 2015/2016,Manchester United,80,3,0,10,3,76-90+,Center Attacking Midfield,MF,0.4013,0.0436,0.3577,3,60,19,0.0,0.1199,-0.1199,-0.4776,Negative,3,1
3754288,Premier League 2015/2016,Chelsea,45,-1,0,45,1,31-60,Center Attacking Midfield,MF,0.1821,0.4109,-0.2288,2,75,20,0.0945,0.0591,0.0354,0.2642,Positive,1,1
3754288,Premier League 2015/2016,West Ham United,67,0,1,23,1,61-75,Right Wing,FW,0.0591,0.2027,-0.1436,1,80,18,0.209,0.1257,0.0833,0.2269,Positive,2,0
3754288,Premier League 2015/2016,West Ham United,81,1,1,9,2,76-90+,Center Attacking Midfield,MF,0.209,0.1257,0.0833,4,121,11,0.0161,0.0,0.0161,-0.0672,Neutral,3,1
3754288,Premier League 2015/2016,Chelsea,81,-1,0,9,2,76-90+,Right Defensive Midfield,MF,0.1257,0.209,-0.0833,2,51,18,0.0,0.0161,-0.0161,0.0672,Neutral,3,1
3754238,Premier League 2015/2016,Newcastle United,62,1,0,28,1,61-75,Right Center Forward,FW,0.0,0.2482,-0.2482,0,44,31,0.0,0.0089,-0.0089,0.2393,Positive,2,0
3754238,Premier League 2015/2016,AFC Bournemouth,72,-1,1,18,1,61-75,Center Forward,FW,0.0089,0.0,0.0089,1,118,17,0.0331,0.1,-0.0669,-0.0758,Neutral,2,0
3754238,Premier League 2015/2016,AFC Bournemouth,72,-1,1,18,2,61-75,Left Midfield,MF,0.0089,0.0,0.0089,1,118,17,0.0331,0.1,-0.0669,-0.0758,Neutral,2,1
3754238,Premier League 2015/2016,Newcastle United,77,1,0,13,2,76-90+,Left Center Forward,FW,0.0,0.0089,-0.0089,0,42,20,0.1,0.0531,0.0469,0.0558,Neutral,3,0
3754238,Premier League 2015/2016,AFC Bournemouth,78,-1,1,12,3,76-90+,Center Attacking Midfield,MF,0.0089,0.0,0.0089,1,98,14,0.0531,0.1,-0.0469,-0.0558,Neutral,3,1
3754269,Premier League 2015/2016,Swansea City,58,-1,1,32,1,31-60,Right Wing,FW,0.1235,0.1307,-0.0072,4,110,21,0.1156,0.2008,-0.0852,-0.078,Neutral,1,0
3754269,Premier League 2015/2016,Swansea City,58,-1,1,32,2,31-60,Right Center Midfield,MF,0.1235,0.1307,-0.0072,4,110,21,0.1156,0.2008,-0.0852,-0.078,Neutral,1,1
3754269,Premier League 2015/2016,Stoke City,69,1,0,21,1,61-75,Left Defensive Midfield,MF,0.2008,0.1349,0.0659,1,74,27,0.0327,0.0,0.0327,-0.0332,Neutral,2,1
3754269,Premier League 2015/2016,Stoke City,74,1,0,16,2,61-75,Left Wing,FW,0.2008,0.1156,0.0852,1,64,26,0.0327,0.1866,-0.1539,-0.2391,Negative,2,0
3754269,Premier League 2015/2016,Stoke City,78,1,0,12,3,76-90+,Center Attacking Midfield,MF,0.2008,0.1032,0.0976,1,49,33,0.0327,0.1866,-0.1539,-0.2515,Negative,3,1
3754269,Premier League 2015/2016,Swansea City,79,-1,1,11,3,76-90+,Center Attacking Midfield,MF,0.1032,0.2008,-0.0976,3,109,10,0.1866,0.0327,0.1539,0.2515,Positive,3,1
3754234,Premier League 2015/2016,AFC Bournemouth,60,-3,1,30,1,31-60,Center Attacking Midfield,MF,0.3719,0.3089,0.063,5,92,30,0.062,0.5346,-0.4726,-0.5356,Negative,1,1
3754234,Premier League 2015/2016,Tottenham Hotspur,67,4,0,23,1,61-75,Center Attacking Midfield,MF,0.8435,0.0529,0.7906,6,102,13,0.0,0.0723,-0.0723,-0.8629,Negative,2,1
3754234,Premier League 2015/2016,AFC Bournemouth,67,-4,1,23,2,61-75,Center Forward,FW,0.0529,0.8435,-0.7906,2,65,19,0.0723,0.0,0.0723,0.8629,Positive,2,0
3754234,Premier League 2015/2016,AFC Bournemouth,74,-4,1,16,3,61-75,Left Midfield,MF,0.062,0.5413,-0.4793,3,66,14,0.0632,0.1838,-0.1206,0.3587,Positive,2,1
3754234,Premier League 2015/2016,Tottenham Hotspur,81,4,0,9,2,76-90+,Right Back,DF,0.0188,0.1056,-0.0868,1,102,24,0.1838,0.0,0.1838,0.2706,Positive,3,2
3754234,Premier League 2015/2016,Tottenham Hotspur,84,4,0,6,3,76-90+,Center Forward,FW,0.0,0.0723,-0.0723,0,94,32,0.1838,0.0,0.1838,0.2561,Positive,3,0
3754246,Premier League 2015/2016,Manchester City,45,0,1,45,1,31-60,Right Wing,FW,0.0961,0.0,0.0961,3,124,18,0.6105,0.0,0.6105,0.5144,Positive,1,0
3754246,Premier League 2015/2016,Watford,61,-2,0,29,1,61-75,Left Center Midfield,MF,0.0,0.6162,-0.6162,0,64,18,0.0998,0.1794,-0.0796,0.5366,Positive,2,1
3754246,Premier League 2015/2016,Watford,71,-2,0,19,2,61-75,Left Midfield,MF,0.0936,0.2388,-0.1452,1,86,14,0.0061,0.0782,-0.0721,0.0731,Neutral,2,1
3754246,Premier League 2015/2016,Manchester City,74,2,1,16,2,61-75,Center Attacking Midfield,MF,0.1069,0.0998,0.0071,3,81,20,0.1173,0.036,0.0813,0.0742,Neutral,2,1
3754246,Premier League 2015/2016,Watford,75,-2,0,15,3,61-75,Right Defensive Midfield,MF,0.0998,0.1069,-0.0071,2,70,16,0.036,0.1173,-0.0813,-0.0742,Neutral,2,1
3754273,Premier League 2015/2016,West Ham United,45,-1,0,45,1,31-60,Center Attacking Midfield,MF,0.0547,0.683,-0.6283,1,57,28,0.0,0.4547,-0.4547,0.1736,Positive,1,1
3754273,Premier League 2015/2016,West Ham United,45,-1,0,45,2,31-60,Right Wing,FW,0.0547,0.683,-0.6283,1,57,28,0.0,0.4547,-0.4547,0.1736,Positive,1,0
3754273,Premier League 2015/2016,Watford,66,2,1,24,1,61-75,Right Wing,FW,0.122,0.1242,-0.0022,4,46,23,0.0374,0.6338,-0.5964,-0.5942,Negative,2,0
3754273,Premier League 2015/2016,Watford,75,2,1,15,2,61-75,Left Wing,FW,0.0374,0.758,-0.7206,1,41,23,0.0,0.0,0.0,0.7206,Positive,2,0
3754273,Premier League 2015/2016,West Ham United,75,-2,0,15,3,61-75,Left Center Midfield,MF,0.758,0.0374,0.7206,4,66,17,0.0,0.0,0.0,-0.7206,Negative,2,1
3754273,Premier League 2015/2016,Watford,85,2,1,5,3,76-90+,Center Forward,FW,0.0,0.0944,-0.0944,0,82,21,0.1313,0.0046,0.1267,0.2211,Positive,3,0
3754263,Premier League 2015/2016,Crystal Palace,56,0,0,34,1,31-60,Center Forward,FW,0.0397,0.0,0.0397,1,62,29,0.0093,0.8941,-0.8848,-0.9245,Negative,1,0
3754263,Premier League 2015/2016,Leicester City,62,1,1,28,1,61-75,Right Midfield,MF,0.8449,0.0,0.8449,2,69,18,0.083,0.0256,0.0574,-0.7875,Negative,2,1
3754263,Premier League 2015/2016,Crystal Palace,67,-1,0,23,2,61-75,Center Attacking Midfield,MF,0.0,0.8449,-0.8449,0,83,22,0.0972,0.083,0.0142,0.8591,Positive,2,1
3754263,Premier League 2015/2016,Crystal Palace,75,-1,0,15,3,61-75,Right Back,DF,0.0093,0.083,-0.0737,1,100,24,0.2374,0.0,0.2374,0.3111,Positive,2,2
3754263,Premier League 2015/2016,Leicester City,78,1,1,12,2,76-90+,Center Attacking Midfield,MF,0.083,0.0972,-0.0142,2,63,24,0.0,0.1936,-0.1936,-0.1794,Negative,3,1
3754268,Premier League 2015/2016,Everton,45,0,0,45,1,31-60,Left Wing,FW,0.033,0.0791,-0.0461,1,61,13,0.0,0.6105,-0.6105,-0.5644,Negative,1,0
3754268,Premier League 2015/2016,Tottenham Hotspur,52,0,1,38,1,31-60,Right Wing,FW,0.1078,0.033,0.0748,2,87,16,0.8378,0.0,0.8378,0.763,Positive,1,0
3754268,Premier League 2015/2016,Everton,68,0,0,22,2,61-75,Center Forward,FW,0.0,0.8378,-0.8378,0,65,7,0.165,0.1263,0.0387,0.8765,Positive,2,0
3754268,Premier League 2015/2016,Everton,83,0,0,7,3,76-90+,Right Wing,FW,0.165,0.1263,0.0387,3,50,11,0.0303,0.0,0.0303,-0.0084,Neutral,3,0
3754268,Premier League 2015/2016,Tottenham Hotspur,84,0,1,6,2,76-90+,Center Attacking Midfield,MF,0.1263,0.165,-0.0387,2,54,17,0.0,0.0303,-0.0303,0.0084,Neutral,3,1
3754286,Premier League 2015/2016,Norwich City,45,-1,0,45,1,31-60,Right Midfield,MF,0.0,0.0666,-0.0666,0,83,13,0.2355,0.0316,0.2039,0.2705,Positive,1,1
3754286,Premier League 2015/2016,Norwich City,66,-1,0,24,2,61-75,Center Forward,FW,0.0,0.0784,-0.0784,0,77,24,0.0229,0.7002,-0.6773,-0.5989,Negative,2,0
3754286,Premier League 2015/2016,Watford,73,1,1,17,1,61-75,Right Midfield,MF,0.1036,0.0,0.1036,2,71,21,0.6433,0.1101,0.5332,0.4296,Positive,2,1
3754286,Premier League 2015/2016,Watford,76,1,1,14,2,76-90+,Left Midfield,MF,0.1036,0.0,0.1036,2,61,16,1.1096,0.1635,0.9461,0.8425,Positive,3,1
3754286,Premier League 2015/2016,Norwich City,77,-1,0,13,3,76-90+,Left Center Midfield,MF,0.0,0.3869,-0.3869,0,77,13,0.1635,0.8264,-0.6629,-0.276,Negative,3,1
3754291,Premier League 2015/2016,Tottenham Hotspur,44,0,0,46,1,31-60,Left Defensive Midfield,MF,0.0419,0.7067,-0.6648,2,86,24,0.1541,0.0,0.1541,0.8189,Positive,1,1
3754291,Premier League 2015/2016,Watford,45,0,1,45,1,31-60,Right Midfield,MF,0.7067,0.0419,0.6648,3,83,15,0.0,0.1541,-0.1541,-0.8189,Negative,1,1
3754291,Premier League 2015/2016,Watford,59,0,1,31,2,31-60,Left Center Back,DF,0.0,0.1541,-0.1541,0,59,24,0.0,0.0088,-0.0088,0.1453,Positive,1,2
3754291,Premier League 2015/2016,Watford,67,0,1,23,3,61-75,Left Midfield,MF,0.0,0.1629,-0.1629,0,38,24,0.1647,0.0,0.1647,0.3276,Positive,2,1
3754291,Premier League 2015/2016,Tottenham Hotspur,68,0,0,22,2,61-75,Right Defensive Midfield,MF,0.1629,0.0,0.1629,3,99,19,0.0,0.1647,-0.1647,-0.3276,Negative,2,1
3754291,Premier League 2015/2016,Tottenham Hotspur,80,0,0,10,3,76-90+,Left Wing,FW,0.0,0.0,0.0,0,144,9,0.1501,0.25,-0.0999,-0.0999,Neutral,3,0
3754283,Premier League 2015/2016,Aston Villa,45,-3,0,45,1,31-60,Left Center Midfield,MF,0.0943,0.525,-0.4307,2,82,33,0.6911,0.276,0.4151,0.8458,Positive,1,1
3754283,Premier League 2015/2016,Aston Villa,56,-3,0,34,2,31-60,Right Wing,FW,0.7423,0.525,0.2173,3,99,45,0.3091,0.3201,-0.011,-0.2283,Negative,1,0
3754283,Premier League 2015/2016,Everton,73,4,1,17,1,61-75,Center Attacking Midfield,MF,0.3201,0.2954,0.0247,3,65,21,0.389,0.0,0.389,0.3643,Positive,2,1
3754283,Premier League 2015/2016,Everton,73,4,1,17,2,61-75,Right Wing,FW,0.3201,0.2954,0.0247,3,65,21,0.389,0.0,0.389,0.3643,Positive,2,0
3754283,Premier League 2015/2016,Aston Villa,73,-4,0,17,3,61-75,Left Wing,FW,0.2954,0.3201,-0.0247,5,80,34,0.0,0.389,-0.389,-0.3643,Negative,2,0
3754283,Premier League 2015/2016,Everton,83,4,1,7,3,76-90+,Right Defensive Midfield,MF,0.3313,0.0296,0.3017,2,107,13,0.1559,0.0,0.1559,-0.1458,Negative,3,1
3754235,Premier League 2015/2016,West Bromwich Albion,45,-1,0,45,1,31-60,Right Midfield,MF,0.0406,0.2399,-0.1993,1,62,6,0.0707,0.0,0.0707,0.27,Positive,1,1
3754235,Premier League 2015/2016,West Ham United,63,1,1,27,1,61-75,Center Defensive Midfield,MF,0.0577,0.5258,-0.4681,1,49,21,0.6554,0.0,0.6554,1.1235,Positive,2,1
3754235,Premier League 2015/2016,West Ham United,73,1,1,17,2,61-75,Right Center Forward,FW,0.6531,0.4957,0.1574,3,57,16,0.2163,0.0,0.2163,0.0589,Neutral,2,0
3754235,Premier League 2015/2016,West Ham United,81,1,1,9,3,76-90+,Left Midfield,MF,0.2597,0.0,0.2597,3,60,14,0.3146,0.1279,0.1867,-0.073,Neutral,3,1
3754279,Premier League 2015/2016,Swansea City,45,1,1,45,1,31-60,Left Wing,FW,0.0822,0.0086,0.0736,2,64,21,0.0,0.124,-0.124,-0.1976,Negative,1,0
3754279,Premier League 2015/2016,West Bromwich Albion,58,-1,0,32,1,31-60,Right Wing,FW,0.124,0.0,0.124,2,79,31,0.1245,0.0071,0.1174,-0.0066,Neutral,1,0
3754279,Premier League 2015/2016,West Bromwich Albion,59,-1,0,31,2,31-60,Left Center Back,DF,0.124,0.0,0.124,2,75,29,0.1245,0.0071,0.1174,-0.0066,Neutral,1,2
3754279,Premier League 2015/2016,West Bromwich Albion,80,-1,0,10,3,76-90+,Left Center Midfield,MF,0.3619,0.0489,0.313,4,82,29,0.0,0.0,0.0,-0.313,Negative,3,1
3754276,Premier League 2015/2016,Newcastle United,62,-1,0,28,1,61-75,Center Attacking Midfield,MF,0.2197,0.2248,-0.0051,3,85,14,1.0783,0.1128,0.9655,0.9706,Positive,2,1
3754276,Premier League 2015/2016,Tottenham Hotspur,68,1,1,22,1,61-75,Left Defensive Midfield,MF,0.0,0.0425,-0.0425,0,75,24,0.2211,1.0783,-0.8572,-0.8147,Negative,2,1
3754276,Premier League 2015/2016,Newcastle United,71,-1,0,19,2,61-75,Center Forward,FW,0.0425,0.0094,0.0331,1,88,18,1.0783,0.2118,0.8665,0.8334,Positive,2,0
3754276,Premier League 2015/2016,Tottenham Hotspur,85,0,1,5,2,76-90+,Right Wing,FW,0.2118,1.0783,-0.8665,4,106,15,0.0167,0.0531,-0.0364,0.8301,Positive,3,0
3754287,Premier League 2015/2016,Chelsea,45,0,1,45,1,31-60,Right Defensive Midfield,MF,0.4081,0.8453,-0.4372,4,67,12,0.0394,0.1759,-0.1365,0.3007,Positive,1,1
3754287,Premier League 2015/2016,Watford,68,-1,0,22,1,61-75,Right Midfield,MF,0.1759,0.6047,-0.4288,3,62,39,0.0,0.86,-0.86,-0.4312,Negative,2,1
3754287,Premier League 2015/2016,Watford,72,-1,0,18,2,61-75,Left Midfield,MF,0.0,0.6047,-0.6047,0,40,42,0.0,0.86,-0.86,-0.2553,Negative,2,1
3754287,Premier League 2015/2016,Chelsea,74,1,1,16,2,61-75,Left Wing,FW,0.6047,0.0,0.6047,4,112,13,0.86,0.1178,0.7422,0.1375,Positive,2,0
3754259,Premier League 2015/2016,West Ham United,59,0,0,31,1,31-60,Left Midfield,MF,0.0241,0.0665,-0.0424,1,51,21,0.0,0.3256,-0.3256,-0.2832,Negative,1,1
3754259,Premier League 2015/2016,Swansea City,68,0,1,22,1,61-75,Right Back,DF,0.3646,0.0241,0.3405,8,106,15,0.2266,0.0556,0.171,-0.1695,Negative,2,2
3754259,Premier League 2015/2016,West Ham United,72,0,0,18,2,61-75,Center Defensive Midfield,MF,0.0,0.392,-0.392,0,42,25,0.21,0.1991,0.0109,0.4029,Positive,2,1
3754259,Premier League 2015/2016,Swansea City,72,0,1,18,2,61-75,Right Center Midfield,MF,0.392,0.0,0.392,9,122,8,0.1991,0.21,-0.0109,-0.4029,Negative,2,1
3754259,Premier League 2015/2016,Swansea City,82,0,1,8,3,76-90+,Left Center Forward,FW,0.2266,0.0556,0.171,5,79,17,0.0395,0.1772,-0.1377,-0.3087,Negative,3,0
3754259,Premier League 2015/2016,West Ham United,84,0,0,6,3,76-90+,Right Midfield,MF,0.1333,0.2266,-0.0933,3,41,19,0.0995,0.0395,0.06,0.1533,Positive,3,1
3754335,Premier League 2015/2016,Norwich City,49,-2,1,41,1,31-60,Left Defensive Midfield,MF,0.1053,0.5489,-0.4436,2,121,7,0.1218,0.0,0.1218,0.5654,Positive,1,1
3754335,Premier League 2015/2016,Norwich City,58,-2,1,32,2,31-60,Left Midfield,MF,0.0825,0.2379,-0.1554,1,125,12,0.7732,0.0,0.7732,0.9286,Positive,1,1
3754335,Premier League 2015/2016,Leicester City,64,2,0,26,1,61-75,Right Back,DF,0.0,0.1218,-0.1218,0,38,29,0.0297,0.6747,-0.645,-0.5232,Negative,2,2
3754335,Premier League 2015/2016,Leicester City,69,1,0,21,2,61-75,Left Center Forward,FW,0.0,0.7033,-0.7033,0,36,22,0.1029,0.0931,0.0098,0.7131,Positive,2,0
3754335,Premier League 2015/2016,Leicester City,76,1,0,14,3,76-90+,Left Midfield,MF,0.0297,0.6798,-0.6501,1,50,19,0.4168,0.0956,0.3212,0.9713,Positive,3,1
3754335,Premier League 2015/2016,Norwich City,76,-1,1,14,3,76-90+,Left Center Forward,FW,0.6798,0.0297,0.6501,5,69,15,0.0956,0.4168,-0.3212,-0.9713,Negative,3,0
3754298,Premier League 2015/2016,Swansea City,60,0,1,30,1,31-60,Center Attacking Midfield,MF,0.2275,0.5948,-0.3673,3,69,36,0.1072,0.1393,-0.0321,0.3352,Positive,1,1
3754298,Premier League 2015/2016,Everton,64,0,0,26,1,61-75,Right Wing,FW,0.5763,0.0204,0.5559,4,72,24,0.2787,0.0972,0.1815,-0.3744,Negative,2,0
3754298,Premier League 2015/2016,Swansea City,80,0,1,10,2,76-90+,Center Forward,FW,0.0635,0.2787,-0.2152,1,84,19,0.1175,0.0495,0.068,0.2832,Positive,3,0
3754315,Premier League 2015/2016,AFC Bournemouth,55,-2,0,35,1,31-60,Center Attacking Midfield,MF,0.4592,0.1869,0.2723,2,109,21,0.0261,0.3244,-0.2983,-0.5706,Negative,1,1
3754315,Premier League 2015/2016,AFC Bournemouth,55,-2,0,35,2,31-60,Left Midfield,MF,0.4592,0.1869,0.2723,2,109,21,0.0261,0.3244,-0.2983,-0.5706,Negative,1,1
3754315,Premier League 2015/2016,AFC Bournemouth,71,-3,0,19,3,61-75,Left Center Midfield,MF,0.0704,0.3244,-0.254,2,94,32,0.1199,0.0435,0.0764,0.3304,Positive,2,1
3754315,Premier League 2015/2016,Norwich City,72,3,1,18,1,61-75,Center Attacking Midfield,MF,0.3244,0.0704,0.254,3,96,22,0.0435,0.1199,-0.0764,-0.3304,Negative,2,1
3754315,Premier League 2015/2016,Norwich City,72,3,1,18,2,61-75,Left Midfield,MF,0.3244,0.0704,0.254,3,96,22,0.0435,0.1199,-0.0764,-0.3304,Negative,2,1
3754315,Premier League 2015/2016,Norwich City,81,2,1,9,3,76-90+,Center Forward,FW,0.2247,0.1642,0.0605,1,64,22,0.0581,0.0777,-0.0196,-0.0801,Neutral,3,0
3754330,Premier League 2015/2016,Aston Villa,45,0,1,45,1,31-60,Left Center Back,DF,0.0303,0.1423,-0.112,1,76,17,0.16,0.4205,-0.2605,-0.1485,Negative,1,2
3754330,Premier League 2015/2016,Stoke City,57,1,0,33,1,31-60,Center Attacking Midfield,MF,0.4205,0.16,0.2605,1,74,27,0.1954,0.1047,0.0907,-0.1698,Negative,1,1
3754330,Premier League 2015/2016,Aston Villa,58,-1,1,32,2,31-60,Right Center Forward,FW,0.16,0.4205,-0.2605,2,80,29,0.1047,0.1954,-0.0907,0.1698,Positive,1,0
3754330,Premier League 2015/2016,Stoke City,68,1,0,22,2,61-75,Left Wing,FW,0.5468,0.238,0.3088,2,41,37,0.069,0.1721,-0.1031,-0.4119,Negative,2,0
3754330,Premier League 2015/2016,Aston Villa,74,-1,1,16,3,61-75,Center Defensive Midfield,MF,0.1047,0.1954,-0.0907,3,102,22,0.2098,0.0127,0.1971,0.2878,Positive,2,1
3754330,Premier League 2015/2016,Stoke City,85,1,0,5,3,76-90+,Right Wing,FW,0.069,0.1721,-0.1031,1,37,35,0.0476,0.1555,-0.1079,-0.0048,Neutral,3,0
3754337,Premier League 2015/2016,Norwich City,32,0,0,58,1,31-60,Center Attacking Midfield,MF,0.5459,0.2048,0.3411,2,53,31,0.0,0.2477,-0.2477,-0.5888,Negative,1,1
3754337,Premier League 2015/2016,Southampton,45,0,1,45,1,31-60,Center Attacking Midfield,MF,0.0227,0.0,0.0227,1,103,18,0.5916,0.0538,0.5378,0.5151,Positive,1,1
3754337,Premier League 2015/2016,Norwich City,69,-3,0,21,2,61-75,Right Center Midfield,MF,0.0538,1.6076,-1.5538,1,63,21,0.0,0.0941,-0.0941,1.4597,Positive,2,1
3754337,Premier League 2015/2016,Southampton,72,3,1,18,2,61-75,Right Back,DF,1.4851,0.0538,1.4313,7,95,13,0.0623,0.0186,0.0437,-1.3876,Negative,2,2
3754337,Premier League 2015/2016,Southampton,80,3,1,10,3,76-90+,Right Wing,FW,1.0297,0.0,1.0297,4,116,21,0.0523,0.18,-0.1277,-1.1574,Negative,3,0
3754297,Premier League 2015/2016,Manchester United,61,1,1,29,1,61-75,Right Back,DF,0.0324,0.0362,-0.0038,1,103,26,0.0335,0.3024,-0.2689,-0.2651,Negative,2,2
3754297,Premier League 2015/2016,West Bromwich Albion,71,-1,0,19,1,61-75,Left Center Midfield,MF,0.0,0.0226,-0.0226,0,71,23,0.3024,0.0831,0.2193,0.2419,Positive,2,1
3754297,Premier League 2015/2016,West Bromwich Albion,71,-1,0,19,2,61-75,Center Forward,FW,0.0,0.0226,-0.0226,0,71,23,0.3024,0.0831,0.2193,0.2419,Positive,2,0
3754297,Premier League 2015/2016,Manchester United,75,1,1,15,2,61-75,Left Back,DF,0.0335,0.3024,-0.2689,2,101,35,0.0722,0.0,0.0722,0.3411,Positive,2,2
3754297,Premier League 2015/2016,Manchester United,81,1,1,9,3,76-90+,Center Attacking Midfield,MF,0.0658,0.3024,-0.2366,3,113,25,0.8234,0.0,0.8234,1.06,Positive,3,1
3754297,Premier League 2015/2016,West Bromwich Albion,84,-1,0,6,3,76-90+,Left Back,DF,0.3024,0.0432,0.2592,2,40,21,0.0,0.8234,-0.8234,-1.0826,Negative,3,2
3754301,Premier League 2015/2016,Arsenal,13,0,0,77,1,0-30,Right Defensive Midfield,MF,0.0,0.0,0.0,0,99,19,0.1717,0.0,0.1717,0.1717,Positive,0,1
3754301,Premier League 2015/2016,Arsenal,48,0,0,42,2,31-60,Right Defensive Midfield,MF,0.0862,0.0821,0.0041,1,108,24,0.3137,0.0382,0.2755,0.2714,Positive,1,1
3754301,Premier League 2015/2016,West Bromwich Albion,60,0,1,30,1,31-60,Right Wing,FW,0.0382,0.3999,-0.3617,1,44,33,0.2396,0.2364,0.0032,0.3649,Positive,1,0
3754301,Premier League 2015/2016,Arsenal,62,0,0,28,3,61-75,Left Wing,FW,0.3999,0.0382,0.3617,5,126,12,0.2364,0.2396,-0.0032,-0.3649,Negative,2,0
3754301,Premier League 2015/2016,West Bromwich Albion,67,0,1,23,2,61-75,Center Forward,FW,0.0382,0.5502,-0.512,1,32,30,0.2396,0.0,0.2396,0.7516,Positive,2,0
3754301,Premier League 2015/2016,West Bromwich Albion,77,0,1,13,3,76-90+,Center Attacking Midfield,MF,0.2396,0.2364,0.0032,1,37,34,0.0,0.8596,-0.8596,-0.8628,Negative,3,1
3754323,Premier League 2015/2016,West Ham United,56,0,1,34,1,31-60,Left Wing,FW,0.3501,0.1701,0.18,3,79,41,0.308,0.1415,0.1665,-0.0135,Neutral,1,0
3754323,Premier League 2015/2016,Norwich City,63,0,0,27,1,61-75,Center Forward,FW,0.1662,0.6272,-0.461,2,58,9,0.1258,0.0309,0.0949,0.5559,Positive,2,0
3754323,Premier League 2015/2016,Norwich City,68,0,0,22,2,61-75,Right Center Midfield,MF,0.1164,0.6029,-0.4865,1,71,14,0.2086,0.0309,0.1777,0.6642,Positive,2,1
3754323,Premier League 2015/2016,West Ham United,71,0,1,19,2,61-75,Right Wing,FW,0.308,0.1415,0.1665,3,80,26,0.0,0.1835,-0.1835,-0.35,Negative,2,0
3754323,Premier League 2015/2016,West Ham United,84,-1,1,6,3,76-90+,Right Center Midfield,MF,0.0309,0.2086,-0.1777,1,53,32,0.5124,0.0503,0.4621,0.6398,Positive,3,1
3754323,Premier League 2015/2016,Norwich City,84,1,0,6,3,76-90+,Center Attacking Midfield,MF,0.2086,0.0309,0.1777,5,82,15,0.0503,0.5124,-0.4621,-0.6398,Negative,3,1
3754304,Premier League 2015/2016,Newcastle United,45,-2,0,45,1,31-60,Center Attacking Midfield,MF,0.0,0.0743,-0.0743,0,58,22,0.1768,0.8463,-0.6695,-0.5952,Negative,1,1
3754304,Premier League 2015/2016,Crystal Palace,66,3,1,24,1,61-75,Left Wing,FW,0.4211,0.0,0.4211,5,108,12,0.0506,0.1057,-0.0551,-0.4762,Negative,2,0
3754304,Premier League 2015/2016,Newcastle United,69,-3,0,21,2,61-75,Left Defensive Midfield,MF,0.0,0.1867,-0.1867,0,66,26,0.1057,0.0789,0.0268,0.2135,Positive,2,1
3754304,Premier League 2015/2016,Newcastle United,69,-3,0,21,3,61-75,Left Attacking Midfield,MF,0.0,0.1867,-0.1867,0,66,26,0.1057,0.0789,0.0268,0.2135,Positive,2,1
3754304,Premier League 2015/2016,Crystal Palace,74,3,1,16,2,61-75,Right Defensive Midfield,MF,0.0452,0.1057,-0.0605,2,66,20,0.2514,0.0,0.2514,0.3119,Positive,2,1
3754304,Premier League 2015/2016,Crystal Palace,85,3,1,5,3,76-90+,Center Forward,FW,0.1257,0.1057,0.02,4,68,14,0.2099,0.0,0.2099,0.1899,Positive,3,0
3754311,Premier League 2015/2016,Swansea City,63,0,0,27,1,61-75,Left Wing,FW,0.0,0.0,0.0,0,88,18,0.1724,0.7341,-0.5617,-0.5617,Negative,2,0
3754311,Premier League 2015/2016,Norwich City,67,0,1,23,1,61-75,Center Forward,FW,0.0,0.0888,-0.0888,0,74,16,0.7341,0.2461,0.488,0.5768,Positive,2,0
3754311,Premier League 2015/2016,Swansea City,78,-1,0,12,2,76-90+,Center Attacking Midfield,MF,0.1724,0.7341,-0.5617,2,92,13,0.17,0.0,0.17,0.7317,Positive,3,1
3754328,Premier League 2015/2016,Manchester City,45,1,1,45,1,31-60,Left Wing,FW,0.0314,0.0,0.0314,1,107,19,0.0774,0.2849,-0.2075,-0.2389,Negative,1,0
3754328,Premier League 2015/2016,Manchester City,66,1,1,24,2,61-75,Center Attacking Midfield,MF,0.1147,0.2306,-0.1159,2,102,23,0.1236,0.1008,0.0228,0.1387,Positive,2,1
3754328,Premier League 2015/2016,Swansea City,74,-1,0,16,1,61-75,Center Defensive Midfield,MF,0.0122,0.1477,-0.1355,1,68,20,0.1843,0.1946,-0.0103,0.1252,Positive,2,1
3754328,Premier League 2015/2016,Swansea City,74,-1,0,16,2,61-75,Left Wing,FW,0.0122,0.1477,-0.1355,1,68,20,0.1843,0.1946,-0.0103,0.1252,Positive,2,0
3754328,Premier League 2015/2016,Swansea City,82,-1,0,8,3,76-90+,Right Wing,FW,0.1008,0.1897,-0.0889,2,93,12,0.2171,0.115,0.1021,0.191,Positive,3,0
3754328,Premier League 2015/2016,Manchester City,83,1,1,7,3,76-90+,Center Forward,FW,0.2593,0.1008,0.1585,5,35,13,0.0454,0.2171,-0.1717,-0.3302,Negative,3,0
3754325,Premier League 2015/2016,West Bromwich Albion,54,0,1,36,1,31-60,Right Center Forward,FW,0.2418,0.236,0.0058,1,51,25,0.0908,0.0862,0.0046,-0.0012,Neutral,1,0
3754325,Premier League 2015/2016,West Bromwich Albion,60,0,1,30,2,31-60,Right Midfield,MF,0.3326,0.236,0.0966,3,43,20,0.0,0.272,-0.272,-0.3686,Negative,1,1
3754325,Premier League 2015/2016,Southampton,66,0,0,24,1,61-75,Left Midfield,MF,0.1466,0.3326,-0.186,3,97,25,0.2296,0.0246,0.205,0.391,Positive,2,1
3754325,Premier League 2015/2016,Southampton,74,0,0,16,2,61-75,Right Back,DF,0.272,0.0541,0.2179,4,102,18,0.0708,0.0463,0.0245,-0.1934,Negative,2,2
3754325,Premier League 2015/2016,West Bromwich Albion,85,0,1,5,3,76-90+,Left Center Back,DF,0.0246,0.2205,-0.1959,1,38,33,0.0217,0.1437,-0.122,0.0739,Neutral,3,2
3754329,Premier League 2015/2016,West Ham United,41,1,1,49,1,31-60,Left Center Back,DF,0.0,0.0186,-0.0186,0,55,19,0.8641,0.1136,0.7505,0.7691,Positive,1,2
3754329,Premier League 2015/2016,West Ham United,58,2,1,32,2,31-60,Right Wing,FW,0.8197,0.092,0.7277,4,52,25,0.1909,0.0831,0.1078,-0.6199,Negative,1,0
3754329,Premier League 2015/2016,Newcastle United,59,-2,0,31,1,31-60,Right Center Midfield,MF,0.092,0.8197,-0.7277,2,70,27,0.1362,0.2853,-0.1491,0.5786,Positive,1,1
3754329,Premier League 2015/2016,Newcastle United,59,-2,0,31,2,31-60,Left Wing,FW,0.092,0.8197,-0.7277,2,70,27,0.1362,0.2853,-0.1491,0.5786,Positive,1,0
3754329,Premier League 2015/2016,Newcastle United,78,-2,0,12,3,76-90+,Center Attacking Midfield,MF,0.1134,0.2853,-0.1719,2,91,32,0.1195,0.6902,-0.5707,-0.3988,Negative,3,1
3754302,Premier League 2015/2016,Leicester City,45,-2,0,45,1,31-60,Right Center Forward,FW,0.1902,0.8834,-0.6932,3,43,20,0.2192,0.0915,0.1277,0.8209,Positive,1,0
3754302,Premier League 2015/2016,Leicester City,45,-2,0,45,2,31-60,Left Midfield,MF,0.1902,0.8834,-0.6932,3,43,20,0.2192,0.0915,0.1277,0.8209,Positive,1,1
3754302,Premier League 2015/2016,Southampton,59,2,1,31,1,31-60,Right Defensive Midfield,MF,0.0915,0.2192,-0.1277,2,98,23,0.065,0.3057,-0.2407,-0.113,Negative,1,1
3754302,Premier League 2015/2016,Southampton,59,2,1,31,2,31-60,Right Back,DF,0.0915,0.2192,-0.1277,2,98,23,0.065,0.3057,-0.2407,-0.113,Negative,1,2
3754302,Premier League 2015/2016,Southampton,74,1,1,16,3,61-75,Left Midfield,MF,0.065,0.3057,-0.2407,1,50,27,0.0253,0.4436,-0.4183,-0.1776,Negative,2,1
3754013,Premier League 2015/2016,Leicester City,16,0,1,74,1,0-30,Right Defensive Midfield,MF,0.0777,0.0599,0.0178,1,61,25,0.0525,0.0,0.0525,0.0347,Neutral,0,1
3754013,Premier League 2015/2016,Chelsea,30,0,0,60,1,0-30,Left Wing,FW,0.0,0.0525,-0.0525,0,78,5,0.0696,0.2236,-0.154,-0.1015,Negative,0,0
3754013,Premier League 2015/2016,Chelsea,52,-2,0,38,2,31-60,Left Center Back,DF,0.0,0.0601,-0.0601,0,139,26,1.497,0.1202,1.3768,1.4369,Positive,1,2
3754013,Premier League 2015/2016,Chelsea,64,-2,0,26,3,61-75,Left Defensive Midfield,MF,1.3818,0.0,1.3818,4,108,32,0.4704,0.1202,0.3502,-1.0316,Negative,2,1
3754013,Premier League 2015/2016,Leicester City,80,1,1,10,2,76-90+,Right Midfield,MF,0.1202,0.4704,-0.3502,1,50,34,0.1233,0.079,0.0443,0.3945,Positive,3,1
3754044,Premier League 2015/2016,Manchester United,59,-2,1,31,1,31-60,Left Defensive Midfield,MF,0.0,0.1682,-0.1682,0,109,33,0.3484,0.0392,0.3092,0.4774,Positive,1,1
3754044,Premier League 2015/2016,Norwich City,65,2,0,25,1,61-75,Center Attacking Midfield,MF,0.2073,0.1073,0.1,2,65,33,0.0,0.3297,-0.3297,-0.4297,Negative,2,1
3754044,Premier League 2015/2016,Norwich City,81,1,0,9,2,76-90+,Left Center Midfield,MF,0.0,0.1143,-0.1143,0,40,18,0.2356,0.1798,0.0558,0.1701,Positive,3,1
3754044,Premier League 2015/2016,Norwich City,81,1,0,9,3,76-90+,Center Forward,FW,0.0,0.1143,-0.1143,0,40,18,0.2356,0.1798,0.0558,0.1701,Positive,3,0
3754351,Premier League 2015/2016,Liverpool,39,-1,1,51,1,31-60,Left Center Back,DF,0.5281,0.0,0.5281,8,106,7,0.4515,0.0334,0.4181,-0.11,Negative,1,2
3754351,Premier League 2015/2016,Crystal Palace,64,0,0,26,1,61-75,Center Forward,FW,0.2815,0.4213,-0.1398,3,68,28,0.0401,0.2982,-0.2581,-0.1183,Negative,2,0
3754351,Premier League 2015/2016,Liverpool,64,0,1,26,2,61-75,Right Center Midfield,MF,0.4213,0.2815,0.1398,1,78,26,0.2982,0.0401,0.2581,0.1183,Positive,2,1
3754351,Premier League 2015/2016,Crystal Palace,78,0,0,12,2,76-90+,Center Attacking Midfield,MF,0.0401,0.2982,-0.2581,2,47,22,0.1552,0.0738,0.0814,0.3395,Positive,3,1
3754351,Premier League 2015/2016,Crystal Palace,85,1,0,5,3,76-90+,Right Defensive Midfield,MF,0.1952,0.2643,-0.0691,4,34,28,0.0,0.0468,-0.0468,0.0223,Neutral,3,1
3754343,Premier League 2015/2016,Liverpool,37,0,1,53,1,31-60,Center Forward,FW,0.5363,0.1056,0.4307,10,115,21,0.023,0.1245,-0.1015,-0.5322,Negative,1,0
3754343,Premier League 2015/2016,Leicester City,68,-1,0,22,1,61-75,Right Center Forward,FW,0.0,0.2072,-0.2072,0,30,22,0.2325,0.0326,0.1999,0.4071,Positive,2,0
3754343,Premier League 2015/2016,Leicester City,68,-1,0,22,2,61-75,Left Center Forward,FW,0.0,0.2072,-0.2072,0,30,22,0.2325,0.0326,0.1999,0.4071,Positive,2,0
3754343,Premier League 2015/2016,Leicester City,79,-1,0,11,3,76-90+,Right Center Forward,FW,0.2325,0.0326,0.1999,1,54,18,0.1252,0.0949,0.0303,-0.1696,Negative,3,0
3754109,Premier League 2015/2016,West Ham United,62,-3,0,28,1,61-75,Left Wing,FW,0.0,0.3444,-0.3444,0,70,31,0.1362,0.0281,0.1081,0.4525,Positive,2,0
3754109,Premier League 2015/2016,West Ham United,62,-3,0,28,2,61-75,Center Forward,FW,0.0,0.3444,-0.3444,0,70,31,0.1362,0.0281,0.1081,0.4525,Positive,2,0
3754109,Premier League 2015/2016,Tottenham Hotspur,70,3,1,20,1,61-75,Center Attacking Midfield,MF,0.1325,0.0,0.1325,3,60,21,0.5702,0.1362,0.434,0.3015,Positive,2,1
3754109,Premier League 2015/2016,West Ham United,79,-3,0,11,3,76-90+,Left Defensive Midfield,MF,0.1362,0.0281,0.1081,2,71,28,0.1588,0.5918,-0.433,-0.5411,Negative,3,1
3754109,Premier League 2015/2016,Tottenham Hotspur,84,4,1,6,2,76-90+,Right Wing,FW,0.5702,0.1362,0.434,3,74,23,0.0215,0.1588,-0.1373,-0.5713,Negative,3,0
3754182,Premier League 2015/2016,Norwich City,45,-1,1,45,1,31-60,Right Back,DF,0.0,0.7026,-0.7026,0,32,32,0.9215,0.1192,0.8023,1.5049,Positive,1,2
3754182,Premier League 2015/2016,Everton,68,0,0,22,1,61-75,Right Wing,FW,0.0,0.1112,-0.1112,0,95,30,0.4104,0.3259,0.0845,0.1957,Positive,2,0
3754182,Premier League 2015/2016,Everton,75,0,0,15,2,61-75,Center Attacking Midfield,MF,0.1802,0.3259,-0.1457,2,116,27,0.246,0.0192,0.2268,0.3725,Positive,2,1
3754182,Premier League 2015/2016,Norwich City,83,0,1,7,2,76-90+,Center Attacking Midfield,MF,0.3259,0.4104,-0.0845,2,58,29,0.0192,0.0507,-0.0315,0.053,Neutral,3,1
3754240,Premier League 2015/2016,Stoke City,56,-1,0,34,1,31-60,Center Forward,FW,0.0,0.0947,-0.0947,0,61,31,0.1437,0.6776,-0.5339,-0.4392,Negative,1,0
3754240,Premier League 2015/2016,Stoke City,74,-1,0,16,2,61-75,Right Midfield,MF,0.1335,0.8811,-0.7476,4,52,31,0.0267,0.8936,-0.8669,-0.1193,Negative,2,1
3754240,Premier League 2015/2016,Arsenal,74,1,1,16,1,61-75,Center Forward,FW,0.8811,0.1335,0.7476,9,89,5,0.8936,0.0267,0.8669,0.1193,Positive,2,0
3754240,Premier League 2015/2016,Arsenal,83,1,1,7,2,76-90+,Center Attacking Midfield,MF,1.2962,0.0098,1.2864,9,72,11,0.2563,0.0267,0.2296,-1.0568,Negative,3,1
3754240,Premier League 2015/2016,Arsenal,83,1,1,7,3,76-90+,Left Wing,FW,1.2962,0.0098,1.2864,9,72,11,0.2563,0.0267,0.2296,-1.0568,Negative,3,0
3754336,Premier League 2015/2016,Everton,8,0,1,82,1,0-30,Left Center Midfield,MF,0.0339,0.0,0.0339,1,49,13,0.7026,0.0628,0.6398,0.6059,Positive,0,1
3754336,Premier League 2015/2016,Chelsea,54,-1,0,36,1,31-60,Right Center Midfield,MF,0.2837,0.0689,0.2148,6,153,19,0.0102,0.2554,-0.2452,-0.46,Negative,1,1
3754336,Premier League 2015/2016,Chelsea,69,-1,0,21,2,61-75,Right Wing,FW,0.0102,0.2554,-0.2452,1,77,30,0.0221,0.1143,-0.0922,0.153,Positive,2,0
3754336,Premier League 2015/2016,Everton,71,1,1,19,2,61-75,Right Center Forward,FW,0.2184,0.0102,0.2082,4,77,31,0.1492,0.1664,-0.0172,-0.2254,Negative,2,0
3754336,Premier League 2015/2016,Chelsea,73,-1,0,17,3,61-75,Center Attacking Midfield,MF,0.0102,0.1078,-0.0976,1,76,28,0.1664,0.1492,0.0172,0.1148,Positive,2,1
3754336,Premier League 2015/2016,Everton,76,1,1,14,3,76-90+,Right Back,DF,0.1051,0.0,0.1051,3,65,28,0.1384,0.1664,-0.028,-0.1331,Negative,3,2
3754247,Premier League 2015/2016,Southampton,63,-1,1,27,1,61-75,Left Defensive Midfield,MF,0.2662,0.0366,0.2296,3,109,26,0.0503,0.2391,-0.1888,-0.4184,Negative,2,1
3754247,Premier League 2015/2016,Stoke City,64,1,0,26,1,61-75,Right Wing,FW,0.0,0.2662,-0.2662,0,78,30,0.2391,0.1094,0.1297,0.3959,Positive,2,0
3754247,Premier League 2015/2016,Stoke City,70,1,0,20,2,61-75,Center Attacking Midfield,MF,0.0,0.0809,-0.0809,0,73,30,0.2975,0.1183,0.1792,0.2601,Positive,2,1
3754247,Premier League 2015/2016,Southampton,71,-1,1,19,2,61-75,Right Defensive Midfield,MF,0.0809,0.0,0.0809,2,111,15,0.1183,0.3582,-0.2399,-0.3208,Negative,2,1
3754247,Premier League 2015/2016,Southampton,84,-1,1,6,3,76-90+,Right Back,DF,0.1686,0.2975,-0.1289,3,87,20,0.0934,0.2638,-0.1704,-0.0415,Neutral,3,2
3754156,Premier League 2015/2016,Leicester City,45,0,1,45,1,31-60,Left Midfield,MF,0.1245,0.0359,0.0886,1,74,19,0.2343,0.0267,0.2076,0.119,Positive,1,1
3754156,Premier League 2015/2016,Watford,69,-2,0,21,1,61-75,Right Center Midfield,MF,0.0267,1.1042,-1.0775,1,90,9,0.8487,0.2822,0.5665,1.644,Positive,2,1
3754156,Premier League 2015/2016,Watford,75,-1,0,15,2,61-75,Right Back,DF,0.7835,1.1042,-0.3207,1,82,11,0.0652,0.2822,-0.217,0.1037,Positive,2,2
3754156,Premier League 2015/2016,Leicester City,83,1,1,7,2,76-90+,Center Attacking Midfield,MF,0.2822,0.8487,-0.5665,3,66,19,0.0,0.0,0.0,0.5665,Positive,3,1
3754265,Premier League 2015/2016,Arsenal,45,-1,1,45,1,31-60,Right Defensive Midfield,MF,0.3993,0.2782,0.1211,1,87,32,0.5633,0.0121,0.5512,0.4301,Positive,1,1
3754265,Premier League 2015/2016,Arsenal,73,-1,1,17,2,61-75,Right Wing,FW,0.2183,0.5289,-0.3106,1,62,22,0.5303,0.0,0.5303,0.8409,Positive,2,0
3754265,Premier League 2015/2016,Tottenham Hotspur,74,1,0,16,1,61-75,Right Wing,FW,0.5289,0.2183,0.3106,7,84,22,0.0,0.5303,-0.5303,-0.8409,Negative,2,0
3754265,Premier League 2015/2016,Arsenal,77,0,1,13,3,76-90+,Right Back,DF,0.3113,0.5289,-0.2176,1,61,21,0.219,0.0497,0.1693,0.3869,Positive,3,2
3754265,Premier League 2015/2016,Tottenham Hotspur,81,0,0,9,2,76-90+,Left Defensive Midfield,MF,0.2826,0.481,-0.1984,3,75,22,0.0594,0.0492,0.0102,0.2086,Positive,3,1
3754000,Premier League 2015/2016,Sunderland,45,0,1,45,1,31-60,Center Attacking Midfield,MF,0.0284,0.0,0.0284,1,60,19,0.2328,0.4803,-0.2475,-0.2759,Negative,1,1
3754000,Premier League 2015/2016,Sunderland,69,-1,1,21,2,61-75,Center Forward,FW,0.203,1.2587,-1.0557,1,35,18,0.1198,0.0338,0.086,1.1417,Positive,2,0
3754000,Premier League 2015/2016,Sunderland,73,-1,1,17,3,61-75,Left Center Midfield,MF,0.3228,0.8836,-0.5608,4,56,21,0.06,0.0338,0.0262,0.587,Positive,2,1
3754000,Premier League 2015/2016,Southampton,77,1,0,13,1,76-90+,Left Defensive Midfield,MF,0.7835,0.1198,0.6637,1,82,20,0.0338,0.0978,-0.064,-0.7277,Negative,3,1
3754000,Premier League 2015/2016,Southampton,82,1,0,8,2,76-90+,Right Wing,FW,0.7835,0.1198,0.6637,1,80,13,0.0338,0.0978,-0.064,-0.7277,Negative,3,0
3754003,Premier League 2015/2016,Manchester United,45,0,1,45,1,31-60,Left Wing,FW,0.0,0.0,0.0,0,112,13,0.1293,0.1207,0.0086,0.0086,Neutral,1,0
3754003,Premier League 2015/2016,Manchester United,65,1,1,25,2,61-75,Right Wing,FW,0.0737,0.3899,-0.3162,1,54,5,0.8099,0.092,0.7179,1.0341,Positive,2,0
3754003,Premier League 2015/2016,Liverpool,67,-1,0,23,1,61-75,Right Wing,FW,0.3899,0.0737,0.3162,2,73,16,0.092,0.8099,-0.7179,-1.0341,Negative,2,0
3754003,Premier League 2015/2016,Manchester United,71,2,1,19,3,61-75,Right Defensive Midfield,MF,0.8572,0.3899,0.4673,2,62,3,0.444,0.1977,0.2463,-0.221,Negative,2,1
3754003,Premier League 2015/2016,Liverpool,73,-2,0,17,2,61-75,Left Wing,FW,0.2806,0.8572,-0.5766,2,47,13,0.1863,0.444,-0.2577,0.3189,Positive,2,0
3754344,Premier League 2015/2016,Newcastle United,45,-1,0,45,1,31-60,Right Wing,FW,0.0275,0.0369,-0.0094,1,74,18,0.0084,0.1944,-0.186,-0.1766,Negative,1,0
3754344,Premier League 2015/2016,Newcastle United,53,-2,0,37,2,31-60,Right Center Forward,FW,0.0084,0.1991,-0.1907,1,65,19,0.0,0.293,-0.293,-0.1023,Negative,1,0
3754344,Premier League 2015/2016,Swansea City,71,2,1,19,1,61-75,Right Wing,FW,0.293,0.0,0.293,2,170,28,0.0106,0.0,0.0106,-0.2824,Negative,2,0
3754344,Premier League 2015/2016,Swansea City,76,2,1,14,2,76-90+,Left Wing,FW,0.2608,0.0,0.2608,1,173,24,0.1372,0.0,0.1372,-0.1236,Negative,3,0
3754344,Premier League 2015/2016,Newcastle United,81,-2,0,9,3,76-90+,Right Midfield,MF,0.0,0.0106,-0.0106,0,41,37,0.0,0.1463,-0.1463,-0.1357,Negative,3,1
3754344,Premier League 2015/2016,Swansea City,85,2,1,5,3,76-90+,Center Attacking Midfield,MF,0.0106,0.0,0.0106,1,112,15,0.1463,0.0,0.1463,0.1357,Positive,3,1
3754131,Premier League 2015/2016,West Ham United,34,-2,1,56,1,31-60,Left Center Back,DF,0.0,0.9552,-0.9552,0,67,18,0.8321,0.2285,0.6036,1.5588,Positive,1,2
3754131,Premier League 2015/2016,West Ham United,45,-2,1,45,2,31-60,Right Attacking Midfield,MF,0.0,0.3506,-0.3506,0,67,19,1.1332,0.1959,0.9373,1.2879,Positive,1,1
3754131,Premier League 2015/2016,AFC Bournemouth,50,1,0,40,1,31-60,Left Center Forward,FW,0.2285,0.8321,-0.6036,4,77,23,0.1305,0.3011,-0.1706,0.433,Positive,1,0
3754131,Premier League 2015/2016,West Ham United,73,-1,1,17,3,61-75,Center Forward,FW,0.0,0.4542,-0.4542,0,48,24,0.4668,0.7895,-0.3227,0.1315,Positive,2,0
3754131,Premier League 2015/2016,AFC Bournemouth,84,1,0,6,2,76-90+,Left Center Forward,FW,0.7895,0.4668,0.3227,2,46,10,0.0383,0.0263,0.012,-0.3107,Negative,3,0
3754300,Premier League 2015/2016,Watford,58,1,0,32,1,31-60,Left Midfield,MF,0.0177,0.2595,-0.2418,1,45,30,0.0955,0.2159,-0.1204,0.1214,Positive,1,1
3754300,Premier League 2015/2016,Everton,62,-1,1,28,1,61-75,Left Back,DF,0.2595,0.0,0.2595,2,97,8,0.2526,0.1688,0.0838,-0.1757,Negative,2,2
3754300,Premier League 2015/2016,Watford,73,1,0,17,2,61-75,Center Attacking Midfield,MF,0.0955,0.2159,-0.1204,3,39,25,0.2237,0.1236,0.1001,0.2205,Positive,2,1
3754300,Premier League 2015/2016,Everton,76,0,1,14,2,76-90+,Right Wing,FW,0.2526,0.0955,0.1571,2,88,11,0.1219,0.2237,-0.1018,-0.2589,Negative,3,0
3754300,Premier League 2015/2016,Watford,78,0,0,12,3,76-90+,Left Center Midfield,MF,0.1688,0.2526,-0.0838,4,40,25,0.1504,0.1219,0.0285,0.1123,Positive,3,1
3754312,Premier League 2015/2016,Crystal Palace,45,0,1,45,1,31-60,Left Midfield,MF,0.0342,0.1626,-0.1284,1,57,23,0.4777,0.3533,0.1244,0.2528,Positive,1,1
3754312,Premier League 2015/2016,Arsenal,63,0,0,27,1,61-75,Right Defensive Midfield,MF,0.3533,0.1313,0.222,3,81,28,0.1815,0.0553,0.1262,-0.0958,Neutral,2,1
3754312,Premier League 2015/2016,Arsenal,74,0,0,16,2,61-75,Left Wing,FW,0.1815,0.0553,0.1262,2,86,26,0.0,0.5864,-0.5864,-0.7126,Negative,2,0
3754312,Premier League 2015/2016,Crystal Palace,75,0,1,15,2,61-75,Right Midfield,MF,0.0553,0.1815,-0.1262,1,59,17,0.5864,0.059,0.5274,0.6536,Positive,2,1
3754312,Premier League 2015/2016,Crystal Palace,79,0,1,11,3,76-90+,Left Defensive Midfield,MF,0.0553,0.1815,-0.1262,1,71,23,0.6284,0.184,0.4444,0.5706,Positive,3,1
3754312,Premier League 2015/2016,Arsenal,82,0,0,8,3,76-90+,Center Attacking Midfield,MF,0.1815,0.0553,0.1262,2,86,22,0.184,0.6284,-0.4444,-0.5706,Negative,3,1
3754138,Premier League 2015/2016,Norwich City,53,-2,1,37,1,31-60,Center Forward,FW,0.4528,0.3734,0.0794,5,102,20,0.0966,0.0,0.0966,0.0172,Neutral,1,0
3754138,Premier League 2015/2016,Norwich City,53,-2,1,37,2,31-60,Center Defensive Midfield,MF,0.4528,0.3734,0.0794,5,102,20,0.0966,0.0,0.0966,0.0172,Neutral,1,1
3754138,Premier League 2015/2016,Crystal Palace,71,1,0,19,1,61-75,Right Midfield,MF,0.0,0.0879,-0.0879,0,39,17,0.0297,0.0335,-0.0038,0.0841,Neutral,2,1
3754138,Premier League 2015/2016,Crystal Palace,72,1,0,18,2,61-75,Center Attacking Midfield,MF,0.0,0.0879,-0.0879,0,30,17,0.0747,0.0939,-0.0192,0.0687,Neutral,2,1
3754138,Premier League 2015/2016,Norwich City,79,-1,1,11,3,76-90+,Right Center Midfield,MF,0.087,0.0,0.087,3,84,11,0.1179,0.6348,-0.5169,-0.6039,Negative,3,1
3754138,Premier League 2015/2016,Crystal Palace,81,1,0,9,3,76-90+,Center Forward,FW,0.0,0.087,-0.087,0,40,14,0.6348,0.1179,0.5169,0.6039,Positive,3,0
3754203,Premier League 2015/2016,West Ham United,45,-2,1,45,1,31-60,Center Defensive Midfield,MF,0.1481,0.177,-0.0289,1,78,16,0.3451,0.0,0.3451,0.374,Positive,1,1
3754203,Premier League 2015/2016,Leicester City,61,1,0,29,1,61-75,Left Center Forward,FW,0.0,0.3451,-0.3451,0,42,40,0.263,0.0452,0.2178,0.5629,Positive,2,0
3754203,Premier League 2015/2016,Leicester City,65,1,0,25,2,61-75,Right Back,DF,0.0,0.346,-0.346,0,22,35,0.263,0.0,0.263,0.609,Positive,2,2
3754203,Premier League 2015/2016,West Ham United,75,-1,1,15,2,61-75,Left Center Midfield,MF,0.0452,0.263,-0.2178,1,91,13,0.2044,0.0,0.2044,0.4222,Positive,2,1
3754203,Premier League 2015/2016,Leicester City,81,1,0,9,3,76-90+,Right Wing,FW,0.263,0.2044,0.0586,4,38,16,0.0,0.0,0.0,-0.0586,Neutral,3,0
3754203,Premier League 2015/2016,West Ham United,82,-1,1,8,3,76-90+,Right Wing,FW,0.2044,0.263,-0.0586,1,93,14,0.0,0.0,0.0,0.0586,Neutral,3,0
3754190,Premier League 2015/2016,Crystal Palace,45,0,1,45,1,31-60,Center Forward,FW,0.1239,0.1306,-0.0067,3,61,20,0.2304,0.1127,0.1177,0.1244,Positive,1,0
3754190,Premier League 2015/2016,Crystal Palace,45,0,1,45,2,31-60,Right Wing,FW,0.1239,0.1306,-0.0067,3,61,20,0.2304,0.1127,0.1177,0.1244,Positive,1,0
3754190,Premier League 2015/2016,Aston Villa,68,0,0,22,1,61-75,Center Defensive Midfield,MF,0.0605,0.2142,-0.1537,2,35,18,0.0329,0.2625,-0.2296,-0.0759,Neutral,2,1
3754190,Premier League 2015/2016,Crystal Palace,81,1,1,9,3,76-90+,Left Defensive Midfield,MF,0.2625,0.0,0.2625,5,39,19,0.0543,0.0329,0.0214,-0.2411,Negative,3,1
3754066,Premier League 2015/2016,Chelsea,45,-1,0,45,1,31-60,Left Center Back,DF,0.1448,0.4583,-0.3135,2,57,20,0.0,0.0463,-0.0463,0.2672,Positive,1,2
3754066,Premier League 2015/2016,Chelsea,62,-1,0,28,2,61-75,Right Wing,FW,0.0,0.0463,-0.0463,0,95,19,0.0863,0.1513,-0.065,-0.0187,Neutral,2,0
3754066,Premier League 2015/2016,Manchester City,63,1,1,27,1,61-75,Right Wing,FW,0.0463,0.0,0.0463,1,70,24,0.2169,0.0863,0.1306,0.0843,Neutral,2,0
3754066,Premier League 2015/2016,Manchester City,77,1,1,13,2,76-90+,Left Wing,FW,0.1513,0.0863,0.065,4,126,29,0.2023,0.4255,-0.2232,-0.2882,Negative,3,0
3754066,Premier League 2015/2016,Chelsea,77,-1,0,13,3,76-90+,Center Attacking Midfield,MF,0.0863,0.1513,-0.065,1,69,27,0.4255,0.2023,0.2232,0.2882,Positive,3,1
3754066,Premier League 2015/2016,Manchester City,81,2,1,9,3,76-90+,Center Forward,FW,0.1936,0.1333,0.0603,5,114,24,0.0803,0.3785,-0.2982,-0.3585,Negative,3,0
3754034,Premier League 2015/2016,Southampton,45,-2,1,45,1,31-60,Right Wing,FW,0.1113,0.1266,-0.0153,1,61,19,0.417,0.0,0.417,0.4323,Positive,1,0
3754034,Premier League 2015/2016,Southampton,71,-2,1,19,2,61-75,Right Wing,FW,0.2046,0.0,0.2046,2,64,21,0.1517,0.235,-0.0833,-0.2879,Negative,2,0
3754034,Premier League 2015/2016,Southampton,78,-2,1,12,3,76-90+,Center Attacking Midfield,MF,0.0563,0.0446,0.0117,1,71,29,0.1772,0.1904,-0.0132,-0.0249,Neutral,3,1
3754034,Premier League 2015/2016,Everton,79,2,0,11,1,76-90+,Right Wing,FW,0.0446,0.0705,-0.0259,1,59,13,0.1904,0.163,0.0274,0.0533,Neutral,3,0
3753985,Premier League 2015/2016,Stoke City,45,0,1,45,1,31-60,Left Back,DF,0.1654,0.0085,0.1569,2,63,17,0.0097,0.0,0.0097,-0.1472,Negative,1,2
3753985,Premier League 2015/2016,Liverpool,61,0,0,29,1,61-75,Left Wing,FW,0.0,0.0,0.0,0,99,25,0.1375,0.0,0.1375,0.1375,Positive,2,0
3753985,Premier League 2015/2016,Liverpool,77,0,0,13,2,76-90+,Right Wing,FW,0.1564,0.0,0.1564,4,102,20,0.0287,0.119,-0.0903,-0.2467,Negative,3,0
3753985,Premier League 2015/2016,Stoke City,77,0,1,13,2,76-90+,Left Wing,FW,0.0,0.1564,-0.1564,0,70,20,0.119,0.0287,0.0903,0.2467,Positive,3,0
3753985,Premier League 2015/2016,Stoke City,78,0,1,12,3,76-90+,Center Attacking Midfield,MF,0.0,0.1459,-0.1459,0,69,19,0.119,0.0287,0.0903,0.2362,Positive,3,1
3753987,Premier League 2015/2016,Tottenham Hotspur,64,0,0,26,1,61-75,Center Attacking Midfield,MF,0.585,0.0501,0.5349,6,84,10,0.0376,0.0178,0.0198,-0.5151,Negative,2,1
3753987,Premier League 2015/2016,Tottenham Hotspur,76,0,0,14,2,76-90+,Right Wing,FW,0.1672,0.0178,0.1494,4,73,8,1.0012,0.2124,0.7888,0.6394,Positive,3,0
3753987,Premier League 2015/2016,Leicester City,77,0,1,13,1,76-90+,Left Midfield,MF,0.0178,0.1672,-0.1494,1,54,30,0.2124,1.0012,-0.7888,-0.6394,Negative,3,1
3753987,Premier League 2015/2016,Leicester City,79,0,1,11,2,76-90+,Left Center Midfield,MF,0.0178,0.0376,-0.0198,1,56,21,0.2124,1.0127,-0.8003,-0.7805,Negative,3,1
3754189,Premier League 2015/2016,Southampton,24,0,0,66,1,0-30,Left Center Forward,FW,0.0,0.0,0.0,0,86,14,0.2979,0.0309,0.267,0.267,Positive,0,0
3754189,Premier League 2015/2016,Watford,45,0,1,45,1,31-60,Left Back,DF,0.0,0.1794,-0.1794,0,81,24,0.0269,0.0971,-0.0702,0.1092,Positive,1,2
3754189,Premier League 2015/2016,Southampton,71,0,0,19,2,61-75,Center Attacking Midfield,MF,0.0098,0.6749,-0.6651,1,70,28,0.289,0.072,0.217,0.8821,Positive,2,1
3754189,Premier League 2015/2016,Southampton,78,0,0,12,3,76-90+,Right Center Forward,FW,0.1532,0.6466,-0.4934,3,79,21,0.1694,0.1063,0.0631,0.5565,Positive,3,0
3754189,Premier League 2015/2016,Watford,85,0,1,5,2,76-90+,Left Defensive Midfield,MF,0.072,0.289,-0.217,1,76,17,0.0343,0.0337,0.0006,0.2176,Positive,3,1
3754180,Premier League 2015/2016,Sunderland,66,0,1,24,1,61-75,Center Forward,FW,0.4494,0.3805,0.0689,4,78,30,0.0422,0.3677,-0.3255,-0.3944,Negative,2,0
3754180,Premier League 2015/2016,Swansea City,75,0,0,15,1,61-75,Center Forward,FW,0.2574,0.3761,-0.1187,4,76,34,0.2803,0.1524,0.1279,0.2466,Positive,2,0
3754180,Premier League 2015/2016,Sunderland,85,0,1,5,2,76-90+,Left Midfield,MF,0.0422,0.3083,-0.2661,1,47,31,0.2554,0.1402,0.1152,0.3813,Positive,3,1
3754059,Premier League 2015/2016,Chelsea,55,2,0,35,1,31-60,Center Attacking Midfield,MF,0.1935,0.0,0.1935,3,97,20,0.1523,0.318,-0.1657,-0.3592,Negative,1,1
3754059,Premier League 2015/2016,West Bromwich Albion,59,-1,1,31,1,31-60,Left Midfield,MF,0.2371,0.1347,0.1024,3,54,22,0.1751,0.096,0.0791,-0.0233,Neutral,1,1
3754059,Premier League 2015/2016,Chelsea,77,1,0,13,2,76-90+,Center Forward,FW,0.1691,0.2061,-0.037,2,55,21,0.3857,0.1425,0.2432,0.2802,Positive,3,0
3754059,Premier League 2015/2016,West Bromwich Albion,77,-1,1,13,2,76-90+,Right Midfield,MF,0.2061,0.1691,0.037,4,85,24,0.1425,0.3857,-0.2432,-0.2802,Negative,3,1
3754059,Premier League 2015/2016,Chelsea,83,1,0,7,3,76-90+,Right Wing,FW,0.1583,0.1328,0.0255,2,70,22,0.3005,0.3047,-0.0042,-0.0297,Neutral,3,0
3754064,Premier League 2015/2016,Liverpool,45,2,0,45,1,31-60,Right Center Back,DF,0.0735,0.2251,-0.1516,1,85,43,0.2757,0.9643,-0.6886,-0.537,Negative,1,2
3754064,Premier League 2015/2016,Southampton,45,-2,1,45,1,31-60,Left Midfield,MF,0.2251,0.0735,0.1516,2,80,37,0.9643,0.2757,0.6886,0.537,Positive,1,1
3754064,Premier League 2015/2016,Southampton,45,-2,1,45,2,31-60,Left Defensive Midfield,MF,0.2251,0.0735,0.1516,2,80,37,0.9643,0.2757,0.6886,0.537,Positive,1,1
3754064,Premier League 2015/2016,Southampton,68,-1,1,22,3,61-75,Left Center Midfield,MF,0.2435,0.3009,-0.0574,4,101,27,0.0704,0.1551,-0.0847,-0.0273,Neutral,2,1
3754064,Premier League 2015/2016,Liverpool,69,1,0,21,2,61-75,Right Center Forward,FW,0.3009,0.2435,0.0574,2,58,45,0.1551,0.0704,0.0847,0.0273,Neutral,2,0
3754065,Premier League 2015/2016,Leicester City,70,0,0,20,1,61-75,Left Center Forward,FW,0.0,0.5971,-0.5971,0,42,31,0.5668,0.4587,0.1081,0.7052,Positive,2,0
3754065,Premier League 2015/2016,Tottenham Hotspur,70,0,1,20,1,61-75,Center Attacking Midfield,MF,0.5971,0.0,0.5971,6,87,15,0.4587,0.5668,-0.1081,-0.7052,Negative,2,1
3754065,Premier League 2015/2016,Leicester City,76,0,0,14,2,76-90+,Right Center Forward,FW,0.5349,0.7114,-0.1765,3,60,34,0.032,0.2343,-0.2023,-0.0258,Neutral,3,0
3754065,Premier League 2015/2016,Tottenham Hotspur,81,0,1,9,2,76-90+,Left Defensive Midfield,MF,0.4587,0.5349,-0.0762,3,94,30,0.0225,0.032,-0.0095,0.0667,Neutral,3,1
3754173,Premier League 2015/2016,AFC Bournemouth,45,-1,0,45,1,31-60,Left Midfield,MF,0.0,0.8767,-0.8767,0,46,41,0.0393,0.0,0.0393,0.916,Positive,1,1
3754173,Premier League 2015/2016,AFC Bournemouth,60,-1,0,30,2,31-60,Right Center Midfield,MF,0.0393,0.0,0.0393,2,122,34,0.0291,0.4705,-0.4414,-0.4807,Negative,1,1
3754173,Premier League 2015/2016,AFC Bournemouth,79,-2,0,11,3,76-90+,Right Center Forward,FW,0.0518,0.3948,-0.343,2,101,30,0.1555,0.1229,0.0326,0.3756,Positive,3,0
3754173,Premier League 2015/2016,Arsenal,79,2,1,11,1,76-90+,Center Forward,FW,0.3948,0.0518,0.343,4,81,14,0.1229,0.1555,-0.0326,-0.3756,Negative,3,0
3754173,Premier League 2015/2016,Arsenal,81,2,1,9,2,76-90+,Left Back,DF,0.3823,0.0915,0.2908,3,69,15,0.1229,0.1158,0.0071,-0.2837,Negative,3,2
3754175,Premier League 2015/2016,West Bromwich Albion,70,0,0,20,1,61-75,Left Midfield,MF,0.0,0.2052,-0.2052,0,48,18,0.0,0.0692,-0.0692,0.136,Positive,2,1
3754175,Premier League 2015/2016,West Bromwich Albion,78,0,0,12,2,76-90+,Left Center Forward,FW,0.0,0.0302,-0.0302,0,51,16,0.0432,0.3911,-0.3479,-0.3177,Negative,3,0
3754175,Premier League 2015/2016,West Bromwich Albion,81,0,0,9,3,76-90+,Center Forward,FW,0.0,0.0302,-0.0302,0,45,16,0.0432,0.544,-0.5008,-0.4706,Negative,3,0
3754175,Premier League 2015/2016,Sunderland,81,0,1,9,1,76-90+,Left Midfield,MF,0.0302,0.0,0.0302,1,62,20,0.544,0.0432,0.5008,0.4706,Positive,3,1
3753973,Premier League 2015/2016,Chelsea,45,-1,1,45,1,31-60,Left Wing,FW,0.0367,0.0788,-0.0421,1,72,20,0.2646,0.0163,0.2483,0.2904,Positive,1,0
3753973,Premier League 2015/2016,West Ham United,59,0,0,31,1,31-60,Center Forward,FW,0.0163,0.2646,-0.2483,1,71,24,0.2569,0.7423,-0.4854,-0.2371,Negative,1,0
3753973,Premier League 2015/2016,Chelsea,62,-1,1,28,2,61-75,Center Forward,FW,0.3082,0.2573,0.0509,4,109,19,0.779,0.0159,0.7631,0.7122,Positive,2,0
3753973,Premier League 2015/2016,West Ham United,74,1,0,16,2,61-75,Right Midfield,MF,0.2569,0.7423,-0.4854,2,51,28,0.2583,1.0294,-0.7711,-0.2857,Negative,2,1
3753973,Premier League 2015/2016,West Ham United,81,1,0,9,3,76-90+,Left Center Midfield,MF,0.1489,0.7582,-0.6093,2,45,26,0.1546,0.9714,-0.8168,-0.2075,Negative,3,1
3753973,Premier League 2015/2016,Chelsea,83,-1,1,7,3,76-90+,Center Attacking Midfield,MF,0.5044,0.1489,0.3555,7,102,18,0.8995,0.1546,0.7449,0.3894,Positive,3,1
3753975,Premier League 2015/2016,AFC Bournemouth,56,0,0,34,1,31-60,Left Midfield,MF,0.1052,0.1879,-0.0827,1,124,33,0.0687,0.0881,-0.0194,0.0633,Neutral,1,1
3753975,Premier League 2015/2016,AFC Bournemouth,64,0,0,26,2,61-75,Center Forward,FW,0.0452,0.1382,-0.093,1,93,19,0.0235,0.1204,-0.0969,-0.0039,Neutral,2,0
3753975,Premier League 2015/2016,Sunderland,65,0,1,25,1,61-75,Left Wing,FW,0.1382,0.0452,0.093,3,62,24,0.1204,0.0692,0.0512,-0.0418,Neutral,2,0
3753976,Premier League 2015/2016,Swansea City,45,0,0,45,1,31-60,Left Center Midfield,MF,0.2818,0.2276,0.0542,1,46,28,0.0611,0.0897,-0.0286,-0.0828,Neutral,1,1
3753976,Premier League 2015/2016,Arsenal,63,0,1,27,1,61-75,Right Wing,FW,0.0897,0.0857,0.004,2,92,33,0.0796,0.6929,-0.6133,-0.6173,Negative,2,0
3753976,Premier League 2015/2016,Swansea City,70,0,0,20,2,61-75,Right Center Midfield,MF,0.2155,0.1093,0.1062,2,61,14,0.5019,0.1307,0.3712,0.265,Positive,2,1
3753976,Premier League 2015/2016,Arsenal,74,-1,1,16,2,61-75,Left Wing,FW,0.0467,0.7174,-0.6707,1,84,38,0.1973,0.0,0.1973,0.868,Positive,2,0
3753977,Premier League 2015/2016,Watford,54,-2,1,36,1,31-60,Right Midfield,MF,0.1586,0.2802,-0.1216,2,79,30,0.0,0.1973,-0.1973,-0.0757,Neutral,1,1
3753977,Premier League 2015/2016,Watford,54,-2,1,36,2,31-60,Right Defensive Midfield,MF,0.1586,0.2802,-0.1216,2,79,30,0.0,0.1973,-0.1973,-0.0757,Neutral,1,1
3753977,Premier League 2015/2016,Watford,75,-2,1,15,3,61-75,Left Back,DF,0.0359,0.0,0.0359,1,117,22,0.277,0.4364,-0.1594,-0.1953,Negative,2,2
3753977,Premier League 2015/2016,Stoke City,83,2,0,7,1,76-90+,Left Wing,FW,0.4364,0.1346,0.3018,1,63,27,0.0,0.1783,-0.1783,-0.4801,Negative,3,0
3753977,Premier League 2015/2016,Stoke City,83,2,0,7,2,76-90+,Center Attacking Midfield,MF,0.4364,0.1346,0.3018,1,63,27,0.0,0.1783,-0.1783,-0.4801,Negative,3,1
3753980,Premier League 2015/2016,Everton,45,-2,1,45,1,31-60,Left Center Midfield,MF,0.0546,0.4613,-0.4067,2,87,33,0.0,0.064,-0.064,0.3427,Positive,1,1
3753980,Premier League 2015/2016,Everton,72,-2,1,18,2,61-75,Center Attacking Midfield,MF,0.1805,0.0,0.1805,2,102,28,0.0,0.0166,-0.0166,-0.1971,Negative,2,1
3753980,Premier League 2015/2016,Arsenal,74,2,0,16,1,61-75,Center Attacking Midfield,MF,0.0,0.1805,-0.1805,0,30,35,0.0166,0.1003,-0.0837,0.0968,Neutral,2,1
3753980,Premier League 2015/2016,Arsenal,74,2,0,16,2,61-75,Center Forward,FW,0.0,0.1805,-0.1805,0,30,35,0.0166,0.1003,-0.0837,0.0968,Neutral,2,0
3753980,Premier League 2015/2016,Arsenal,85,2,0,5,3,76-90+,Center Attacking Midfield,MF,0.0166,0.0685,-0.0519,1,45,23,0.0802,0.1003,-0.0201,0.0318,Neutral,3,1
3753981,Premier League 2015/2016,Crystal Palace,45,0,0,45,1,31-60,Left Center Midfield,MF,0.0,0.1208,-0.1208,0,79,33,0.0355,0.2325,-0.197,-0.0762,Neutral,1,1
3753981,Premier League 2015/2016,Crystal Palace,61,0,0,29,2,61-75,Right Wing,FW,0.0074,0.2325,-0.2251,1,60,41,0.0393,0.0,0.0393,0.2644,Positive,2,0
3753981,Premier League 2015/2016,Crystal Palace,77,0,0,13,3,76-90+,Right Center Midfield,MF,0.0393,0.0,0.0393,2,93,34,0.1634,0.2034,-0.04,-0.0793,Neutral,3,1
3753982,Premier League 2015/2016,Southampton,45,-1,0,45,1,31-60,Left Wing Back,FW,0.1945,0.1538,0.0407,3,97,14,0.0,0.0,0.0,-0.0407,Neutral,1,0
3753982,Premier League 2015/2016,Leicester City,63,1,1,27,1,61-75,Right Center Forward,FW,0.0,0.0911,-0.0911,0,39,50,0.7065,0.1042,0.6023,0.6934,Positive,2,0
3753982,Premier League 2015/2016,Southampton,72,-1,0,18,2,61-75,Right Midfield,MF,0.1312,0.5783,-0.4471,3,108,24,0.064,0.2727,-0.2087,0.2384,Positive,2,1
3753982,Premier League 2015/2016,Southampton,72,-1,0,18,3,61-75,Right Center Midfield,MF,0.1312,0.5783,-0.4471,3,108,24,0.064,0.2727,-0.2087,0.2384,Positive,2,1
3753982,Premier League 2015/2016,Leicester City,78,1,1,12,2,76-90+,Right Midfield,MF,0.7065,0.1042,0.6023,3,51,34,0.1445,0.0,0.1445,-0.4578,Negative,3,1
3753986,Premier League 2015/2016,Liverpool,45,1,1,45,1,31-60,Right Midfield,MF,0.6422,0.1266,0.5156,1,56,24,0.5319,0.1647,0.3672,-0.1484,Negative,1,1
3753986,Premier League 2015/2016,Liverpool,62,2,1,28,2,61-75,Center Attacking Midfield,MF,0.9708,0.1647,0.8061,5,63,18,0.0303,0.0175,0.0128,-0.7933,Negative,2,1
3753986,Premier League 2015/2016,Stoke City,70,-3,0,20,1,61-75,Right Wing,FW,0.0175,0.6872,-0.6697,1,57,18,0.0,0.0,0.0,0.6697,Positive,2,0
3753986,Premier League 2015/2016,Stoke City,71,-3,0,19,2,61-75,Center Attacking Midfield,MF,0.0175,0.6872,-0.6697,1,49,16,0.0,0.0,0.0,0.6697,Positive,2,1
3753986,Premier League 2015/2016,Liverpool,77,3,1,13,3,76-90+,Left Midfield,MF,0.0303,0.0175,0.0128,2,95,13,0.1155,0.0517,0.0638,0.051,Neutral,3,1
3753986,Premier League 2015/2016,Stoke City,81,-3,0,9,3,76-90+,Left Back,DF,0.0,0.0,0.0,0,73,31,0.0517,0.1155,-0.0638,-0.0638,Neutral,3,2
3753988,Premier League 2015/2016,AFC Bournemouth,45,0,1,45,1,31-60,Right Defensive Midfield,MF,0.0671,0.1314,-0.0643,1,68,44,0.1566,0.0332,0.1234,0.1877,Positive,1,1
3753988,Premier League 2015/2016,Swansea City,59,-1,0,31,1,31-60,Left Wing,FW,0.0332,0.0854,-0.0522,1,111,23,1.1658,0.0712,1.0946,1.1468,Positive,1,0
3753988,Premier League 2015/2016,AFC Bournemouth,64,0,1,26,2,61-75,Right Center Forward,FW,0.1566,0.7186,-0.562,2,53,35,0.3217,0.5062,-0.1845,0.3775,Positive,2,0
3753988,Premier League 2015/2016,AFC Bournemouth,75,0,1,15,3,61-75,Left Midfield,MF,0.0,1.1658,-1.1658,0,64,49,0.374,0.04,0.334,1.4998,Positive,2,1
3753988,Premier League 2015/2016,Swansea City,79,-1,0,11,2,76-90+,Right Midfield,MF,0.5062,0.3217,0.1845,3,84,25,0.0143,0.0523,-0.038,-0.2225,Negative,3,1
3753988,Premier League 2015/2016,Swansea City,83,-1,0,7,3,76-90+,Left Defensive Midfield,MF,0.0258,0.374,-0.3482,1,67,31,0.0143,0.0,0.0143,0.3625,Positive,3,1
3753989,Premier League 2015/2016,Everton,45,-2,0,45,1,31-60,Center Attacking Midfield,MF,0.0,0.5107,-0.5107,0,67,24,0.1087,1.1594,-1.0507,-0.54,Negative,1,1
3753989,Premier League 2015/2016,Sunderland,69,3,1,21,1,61-75,Center Defensive Midfield,MF,0.9782,0.1427,0.8355,3,40,11,0.0,0.2977,-0.2977,-1.1332,Negative,2,1
3753989,Premier League 2015/2016,Sunderland,78,3,1,12,2,76-90+,Right Center Midfield,MF,0.0703,0.4404,-0.3701,1,31,17,0.1217,0.2034,-0.0817,0.2884,Positive,3,1
3753989,Premier League 2015/2016,Everton,83,-3,0,7,2,76-90+,Right Wing,FW,0.2977,0.0,0.2977,4,87,15,0.5503,0.1217,0.4286,0.1309,Positive,3,0
3753989,Premier League 2015/2016,Sunderland,85,3,1,5,3,76-90+,Left Midfield,MF,0.0095,0.2977,-0.2882,1,53,20,0.1122,0.5503,-0.4381,-0.1499,Negative,3,1
3753990,Premier League 2015/2016,Arsenal,70,0,0,20,1,61-75,Left Wing,FW,0.1544,0.0651,0.0893,4,105,17,0.1067,0.0,0.1067,0.0174,Neutral,2,0
3753990,Premier League 2015/2016,Arsenal,70,0,0,20,2,61-75,Center Forward,FW,0.1544,0.0651,0.0893,4,105,17,0.1067,0.0,0.1067,0.0174,Neutral,2,0
3753990,Premier League 2015/2016,Sunderland,73,0,1,17,1,61-75,Right Midfield,MF,0.0651,0.0569,0.0082,1,50,18,0.0,0.1501,-0.1501,-0.1583,Negative,2,1
3753990,Premier League 2015/2016,Sunderland,77,0,1,13,2,76-90+,Center Defensive Midfield,MF,0.0651,0.0741,-0.009,1,48,19,0.0706,0.0991,-0.0285,-0.0195,Neutral,3,1
3753990,Premier League 2015/2016,Arsenal,83,0,0,7,3,76-90+,Center Attacking Midfield,MF,0.1067,0.0,0.1067,3,84,21,0.0433,0.0706,-0.0273,-0.134,Negative,3,1
3753991,Premier League 2015/2016,Manchester City,45,-2,0,45,1,31-60,Left Wing,FW,0.0,0.361,-0.361,0,102,32,0.1076,0.5507,-0.4431,-0.0821,Neutral,1,0
3753991,Premier League 2015/2016,Manchester City,54,-2,0,36,2,31-60,Left Defensive Midfield,MF,0.1076,0.354,-0.2464,1,117,44,0.0,0.5523,-0.5523,-0.3059,Negative,1,1
3753991,Premier League 2015/2016,Liverpool,68,3,1,22,1,61-75,Center Forward,FW,0.5523,0.0,0.5523,3,60,50,0.0,0.0,0.0,-0.5523,Negative,2,0
3753991,Premier League 2015/2016,Manchester City,74,-3,0,16,3,61-75,Left Back,DF,0.0,0.066,-0.066,0,65,19,0.0,0.0664,-0.0664,-0.0004,Neutral,2,2
3753991,Premier League 2015/2016,Liverpool,74,3,1,16,2,61-75,Center Attacking Midfield,MF,0.066,0.0,0.066,2,66,47,0.0664,0.0,0.0664,0.0004,Neutral,2,1
3753992,Premier League 2015/2016,Southampton,57,0,0,33,1,31-60,Left Defensive Midfield,MF,0.1752,0.322,-0.1468,1,67,38,0.1169,0.1315,-0.0146,0.1322,Positive,1,1
3753992,Premier League 2015/2016,Tottenham Hotspur,64,0,1,26,1,61-75,Left Wing,FW,0.0821,0.2267,-0.1446,2,115,14,0.1036,0.0654,0.0382,0.1828,Positive,2,0
3753992,Premier League 2015/2016,Southampton,64,0,0,26,2,61-75,Right Wing,FW,0.2267,0.0821,0.1446,3,34,28,0.0654,0.1036,-0.0382,-0.1828,Negative,2,0
3753992,Premier League 2015/2016,Tottenham Hotspur,77,-1,1,13,2,76-90+,Left Defensive Midfield,MF,0.1614,0.0654,0.096,4,68,15,0.1149,0.0623,0.0526,-0.0434,Neutral,3,1
3753992,Premier League 2015/2016,Southampton,85,1,0,5,3,76-90+,Right Wing,FW,0.1277,0.1508,-0.0231,2,42,18,0.0593,0.4437,-0.3844,-0.3613,Negative,3,0
3753994,Premier League 2015/2016,Southampton,45,1,1,45,1,31-60,Right Center Midfield,MF,0.1942,0.4229,-0.2287,3,54,24,0.2066,0.1282,0.0784,0.3071,Positive,1,1
3753994,Premier League 2015/2016,Crystal Palace,45,-1,0,45,1,31-60,Left Midfield,MF,0.4229,0.1942,0.2287,5,76,18,0.1282,0.2066,-0.0784,-0.3071,Negative,1,1
3753994,Premier League 2015/2016,Southampton,71,1,1,19,2,61-75,Left Wing,FW,0.1547,0.3689,-0.2142,2,86,19,1.1251,0.2846,0.8405,1.0547,Positive,2,0
3753994,Premier League 2015/2016,Crystal Palace,77,-2,0,13,2,76-90+,Right Defensive Midfield,MF,0.5253,0.8146,-0.2893,6,80,23,0.1759,0.5807,-0.4048,-0.1155,Negative,3,1
3753994,Premier League 2015/2016,Crystal Palace,81,-2,0,9,3,76-90+,Right Back,DF,0.4832,1.1251,-0.6419,5,73,21,0.1759,0.2702,-0.0943,0.5476,Positive,3,2
3753994,Premier League 2015/2016,Southampton,82,2,1,8,3,76-90+,Center Forward,FW,1.1251,0.2846,0.8405,5,61,16,0.2702,0.1759,0.0943,-0.7462,Negative,3,0
3753997,Premier League 2015/2016,Aston Villa,70,-1,0,20,1,61-75,Center Attacking Midfield,MF,0.0,0.5314,-0.5314,0,56,24,0.061,0.7353,-0.6743,-0.1429,Negative,2,1
3753997,Premier League 2015/2016,Aston Villa,79,-1,0,11,2,76-90+,Left Center Forward,FW,0.061,0.5859,-0.5249,2,56,30,0.0317,0.6402,-0.6085,-0.0836,Neutral,3,0
3753998,Premier League 2015/2016,West Ham United,45,0,1,45,1,31-60,Left Wing,FW,0.0,0.3364,-0.3364,0,80,21,0.407,0.0468,0.3602,0.6966,Positive,1,0
3753998,Premier League 2015/2016,West Ham United,45,0,1,45,2,31-60,Left Center Midfield,MF,0.0,0.3364,-0.3364,0,80,21,0.407,0.0468,0.3602,0.6966,Positive,1,1
3753998,Premier League 2015/2016,Southampton,68,0,0,22,1,61-75,Right Back,DF,0.0828,0.1203,-0.0375,2,48,26,0.0145,0.6678,-0.6533,-0.6158,Negative,2,2
3753998,Premier League 2015/2016,Southampton,73,-1,0,17,2,61-75,Right Wing,FW,0.036,0.2494,-0.2134,1,47,25,0.0145,0.4185,-0.404,-0.1906,Negative,2,0
3753998,Premier League 2015/2016,Southampton,74,-1,0,16,3,61-75,Left Wing,FW,0.036,0.2494,-0.2134,1,49,25,0.0145,0.4185,-0.404,-0.1906,Negative,2,0
3754002,Premier League 2015/2016,Newcastle United,55,-1,0,35,1,31-60,Right Defensive Midfield,MF,0.0531,0.1539,-0.1008,2,90,25,0.0702,0.0605,0.0097,0.1105,Positive,1,1
3754002,Premier League 2015/2016,Leicester City,64,1,1,26,1,61-75,Left Center Forward,FW,0.1539,0.0966,0.0573,2,78,38,0.0605,0.0,0.0605,0.0032,Neutral,2,0
3754002,Premier League 2015/2016,Newcastle United,70,-1,0,20,2,61-75,Center Attacking Midfield,MF,0.0702,0.0605,0.0097,2,108,12,0.1882,0.0,0.1882,0.1785,Positive,2,1
3754002,Premier League 2015/2016,Leicester City,75,1,1,15,2,61-75,Left Midfield,MF,0.0605,0.0246,0.0359,1,73,27,0.1131,0.1882,-0.0751,-0.111,Negative,2,1
3754004,Premier League 2015/2016,Norwich City,55,-2,0,35,1,31-60,Left Midfield,MF,0.0,1.2661,-1.2661,0,71,32,0.1382,0.1889,-0.0507,1.2154,Positive,1,1
3754004,Premier League 2015/2016,Norwich City,55,-2,0,35,2,31-60,Right Midfield,MF,0.0,1.2661,-1.2661,0,71,32,0.1382,0.1889,-0.0507,1.2154,Positive,1,1
3754004,Premier League 2015/2016,Norwich City,68,-2,0,22,3,61-75,Center Attacking Midfield,MF,0.1382,0.9038,-0.7656,2,74,18,0.1874,0.4025,-0.2151,0.5505,Positive,2,1
3754004,Premier League 2015/2016,AFC Bournemouth,79,3,1,11,1,76-90+,Left Center Midfield,MF,0.499,0.1874,0.3116,4,35,29,0.0,0.0091,-0.0091,-0.3207,Negative,3,1
3754004,Premier League 2015/2016,AFC Bournemouth,83,3,1,7,2,76-90+,Center Forward,FW,0.4025,0.1874,0.2151,2,42,31,0.0,0.0091,-0.0091,-0.2242,Negative,3,0
3754005,Premier League 2015/2016,Stoke City,25,0,1,65,1,0-30,Right Back,DF,0.0221,0.0208,0.0013,2,114,7,0.0,0.0,0.0,-0.0013,Neutral,0,2
3754005,Premier League 2015/2016,Stoke City,68,0,1,22,2,61-75,Center Forward,FW,0.0818,0.0,0.0818,2,56,24,0.0338,0.0,0.0338,-0.048,Neutral,2,0
3754005,Premier League 2015/2016,Stoke City,69,0,1,21,3,61-75,Center Attacking Midfield,MF,0.0447,0.0,0.0447,1,54,24,0.0338,0.0,0.0338,-0.0109,Neutral,2,1
3754005,Premier League 2015/2016,Newcastle United,73,0,0,17,1,61-75,Left Wing,FW,0.0,0.0447,-0.0447,0,79,16,0.0,0.0766,-0.0766,-0.0319,Neutral,2,0
3754005,Premier League 2015/2016,Newcastle United,82,-1,0,8,2,76-90+,Left Center Midfield,MF,0.0,0.0338,-0.0338,0,67,24,0.2557,0.1419,0.1138,0.1476,Positive,3,1
3754005,Premier League 2015/2016,Newcastle United,83,-1,0,7,3,76-90+,Center Forward,FW,0.0,0.0338,-0.0338,0,63,26,0.2557,0.1419,0.1138,0.1476,Positive,3,0
3754009,Premier League 2015/2016,Crystal Palace,45,0,0,45,1,31-60,Left Defensive Midfield,MF,0.1915,0.3973,-0.2058,1,34,28,0.0,0.5781,-0.5781,-0.3723,Negative,1,1
3754009,Premier League 2015/2016,Crystal Palace,63,-1,0,27,2,61-75,Right Center Forward,FW,0.0,0.2885,-0.2885,0,47,33,0.0834,0.6276,-0.5442,-0.2557,Negative,2,0
3754009,Premier League 2015/2016,Arsenal,74,1,1,16,1,61-75,Center Forward,FW,0.4509,0.0,0.4509,6,107,24,0.2258,0.1193,0.1065,-0.3444,Negative,2,0
3754009,Premier League 2015/2016,Crystal Palace,74,-1,0,16,3,61-75,Left Center Forward,FW,0.0,0.4509,-0.4509,0,45,32,0.1193,0.2258,-0.1065,0.3444,Positive,2,0
3754009,Premier League 2015/2016,Arsenal,74,1,1,16,2,61-75,Left Wing,FW,0.4509,0.0,0.4509,6,107,24,0.2258,0.1193,0.1065,-0.3444,Negative,2,0
3754009,Premier League 2015/2016,Arsenal,83,0,1,7,3,76-90+,Right Defensive Midfield,MF,0.2423,0.1137,0.1286,4,117,21,0.0491,0.0056,0.0435,-0.0851,Neutral,3,1
3754012,Premier League 2015/2016,Chelsea,6,0,0,84,1,0-30,Left Wing,FW,0.0,0.0,0.0,0,49,6,0.0521,0.5163,-0.4642,-0.4642,Negative,0,0
3754012,Premier League 2015/2016,Chelsea,45,-1,0,45,2,31-60,Left Back,DF,0.0253,0.4288,-0.4035,1,160,17,0.9139,0.0,0.9139,1.3174,Positive,1,2
3754012,Premier League 2015/2016,Southampton,68,1,1,22,1,61-75,Right Wing,FW,0.0926,0.3094,-0.2168,2,47,20,0.0,0.202,-0.202,0.0148,Neutral,2,0
3754012,Premier League 2015/2016,Southampton,78,0,1,12,2,76-90+,Center Forward,FW,0.0926,0.1531,-0.0605,2,45,14,0.0298,0.19,-0.1602,-0.0997,Neutral,3,0
3754016,Premier League 2015/2016,Newcastle United,39,-2,0,51,1,31-60,Right Back,DF,0.0,0.4707,-0.4707,0,61,24,0.0191,0.0214,-0.0023,0.4684,Positive,1,2
3754016,Premier League 2015/2016,Newcastle United,45,-2,0,45,2,31-60,Right Center Back,DF,0.0,0.3482,-0.3482,0,75,19,0.1497,0.4413,-0.2916,0.0566,Neutral,1,2
3754016,Premier League 2015/2016,Southampton,59,3,1,31,1,31-60,Center Attacking Midfield,MF,0.4413,0.1497,0.2916,4,75,23,0.0822,0.0525,0.0297,-0.2619,Negative,1,1
3754016,Premier League 2015/2016,Newcastle United,69,-2,0,21,3,61-75,Left Wing,FW,0.1831,0.5021,-0.319,3,84,20,0.0,0.0625,-0.0625,0.2565,Positive,2,0
3754016,Premier League 2015/2016,Southampton,76,2,1,14,2,76-90+,Right Center Midfield,MF,0.1448,0.0525,0.0923,3,80,22,0.1893,0.0,0.1893,0.097,Neutral,3,1
3754016,Premier League 2015/2016,Southampton,83,2,1,7,3,76-90+,Left Wing,FW,0.0625,0.0,0.0625,1,68,22,0.1893,0.0,0.1893,0.1268,Positive,3,0
3754018,Premier League 2015/2016,Liverpool,45,-2,0,45,1,31-60,Center Attacking Midfield,MF,0.1472,0.0712,0.076,4,76,32,0.0,0.0,0.0,-0.076,Neutral,1,1
3754018,Premier League 2015/2016,Liverpool,45,-2,0,45,2,31-60,Right Center Midfield,MF,0.1472,0.0712,0.076,4,76,32,0.0,0.0,0.0,-0.076,Neutral,1,1
3754018,Premier League 2015/2016,Swansea City,72,2,1,18,1,61-75,Left Wing,FW,0.1274,0.486,-0.3586,3,79,27,0.1705,0.0068,0.1637,0.5223,Positive,2,0
3754018,Premier League 2015/2016,Liverpool,79,-2,0,11,3,76-90+,Left Midfield,MF,0.4649,0.2353,0.2296,2,70,46,0.0,0.1074,-0.1074,-0.337,Negative,3,1
3754019,Premier League 2015/2016,Chelsea,68,0,0,22,1,61-75,Right Wing,FW,0.2634,0.7085,-0.4451,2,54,30,0.0,0.0197,-0.0197,0.4254,Positive,2,0
3754019,Premier League 2015/2016,Manchester United,69,0,1,21,1,61-75,Left Back,DF,0.7085,0.2634,0.4451,1,112,22,0.0197,0.0,0.0197,-0.4254,Negative,2,2
3754019,Premier League 2015/2016,Manchester United,75,0,1,15,2,61-75,Right Wing,FW,0.0197,0.2634,-0.2437,1,99,24,0.2487,0.0,0.2487,0.4924,Positive,2,0
3754019,Premier League 2015/2016,Manchester United,80,0,1,10,3,76-90+,Left Center Back,DF,0.0197,0.0,0.0197,1,131,33,0.2487,0.0,0.2487,0.229,Positive,3,2
3754021,Premier League 2015/2016,West Ham United,14,0,0,76,1,0-30,Center Forward,FW,0.2093,0.0,0.2093,2,72,21,0.0,0.194,-0.194,-0.4033,Negative,0,0
3754021,Premier League 2015/2016,AFC Bournemouth,48,1,1,42,1,31-60,Right Midfield,MF,0.0,0.273,-0.273,0,73,41,0.0926,0.0099,0.0827,0.3557,Positive,1,1
3754021,Premier League 2015/2016,West Ham United,60,-1,0,30,2,31-60,Right Back,DF,0.027,0.0926,-0.0656,2,105,20,0.2596,0.0222,0.2374,0.303,Positive,1,2
3754021,Premier League 2015/2016,AFC Bournemouth,71,0,1,19,2,61-75,Center Forward,FW,0.091,0.0327,0.0583,2,52,43,0.0654,0.2452,-0.1798,-0.2381,Negative,2,0
3754021,Premier League 2015/2016,West Ham United,76,1,0,14,3,76-90+,Center Attacking Midfield,MF,0.2596,0.0222,0.2374,2,78,29,0.0084,0.0654,-0.057,-0.2944,Negative,3,1
3754021,Premier League 2015/2016,AFC Bournemouth,79,-1,1,11,3,76-90+,Left Center Midfield,MF,0.0222,0.2596,-0.2374,1,67,30,0.1153,0.0084,0.1069,0.3443,Positive,3,1
3754022,Premier League 2015/2016,Norwich City,39,0,0,51,1,31-60,Left Center Back,DF,0.2213,0.0226,0.1987,2,35,18,0.1235,0.1083,0.0152,-0.1835,Negative,1,2
3754022,Premier League 2015/2016,Crystal Palace,64,0,1,26,1,61-75,Right Midfield,MF,0.2473,0.1274,0.1199,2,68,25,0.5974,0.2834,0.314,0.1941,Positive,2,1
3754022,Premier League 2015/2016,Norwich City,65,0,0,25,2,61-75,Center Attacking Midfield,MF,0.1274,0.2473,-0.1199,2,57,24,0.2834,0.6713,-0.3879,-0.268,Negative,2,1
3754022,Premier League 2015/2016,Crystal Palace,75,1,1,15,2,61-75,Right Center Midfield,MF,0.2368,0.2834,-0.0466,4,52,15,0.6132,0.176,0.4372,0.4838,Positive,2,1
3754022,Premier League 2015/2016,Norwich City,75,-1,0,15,3,61-75,Right Midfield,MF,0.2834,0.2368,0.0466,3,62,25,0.176,0.6132,-0.4372,-0.4838,Negative,2,1
3754022,Premier League 2015/2016,Crystal Palace,78,1,1,12,3,76-90+,Center Forward,FW,0.1908,0.2834,-0.0926,4,41,19,0.5202,0.2351,0.2851,0.3777,Positive,3,0
3754024,Premier League 2015/2016,Swansea City,56,-1,0,34,1,31-60,Left Defensive Midfield,MF,0.2624,0.0592,0.2032,4,130,22,0.1585,0.0,0.1585,-0.0447,Neutral,1,1
3754024,Premier League 2015/2016,Newcastle United,65,1,1,25,1,61-75,Right Defensive Midfield,MF,0.0592,0.3058,-0.2466,1,44,28,0.0,0.5574,-0.5574,-0.3108,Negative,2,1
3754024,Premier League 2015/2016,Swansea City,70,-1,0,20,2,61-75,Center Attacking Midfield,MF,0.1737,0.0,0.1737,2,129,18,0.5574,0.2387,0.3187,0.145,Positive,2,1
3754024,Premier League 2015/2016,Newcastle United,72,1,1,18,2,61-75,Left Wing,FW,0.0,0.0768,-0.0768,0,42,32,0.2387,0.4806,-0.2419,-0.1651,Negative,2,0
3754024,Premier League 2015/2016,Newcastle United,79,1,1,11,3,76-90+,Center Forward,FW,0.0,0.5574,-0.5574,0,42,34,0.4306,0.189,0.2416,0.799,Positive,3,0
3754024,Premier League 2015/2016,Swansea City,83,-2,0,7,3,76-90+,Right Center Forward,FW,0.5574,0.2135,0.3439,4,101,25,0.189,0.2172,-0.0282,-0.3721,Negative,3,0
3754026,Premier League 2015/2016,Crystal Palace,45,-1,1,45,1,31-60,Left Defensive Midfield,MF,0.1269,0.0,0.1269,2,88,18,0.7328,0.0717,0.6611,0.5342,Positive,1,1
3754026,Premier League 2015/2016,Crystal Palace,55,0,1,35,2,31-60,Left Defensive Midfield,MF,0.4167,0.0557,0.361,4,87,20,0.3388,0.1052,0.2336,-0.1274,Negative,1,1
3754026,Premier League 2015/2016,Stoke City,64,0,0,26,1,61-75,Right Midfield,MF,0.058,0.3161,-0.2581,2,38,18,0.0957,0.0641,0.0316,0.2897,Positive,2,1
3754026,Premier League 2015/2016,Stoke City,64,0,0,26,2,61-75,Left Center Midfield,MF,0.058,0.3161,-0.2581,2,38,18,0.0957,0.0641,0.0316,0.2897,Positive,2,1
3754026,Premier League 2015/2016,Stoke City,73,-1,0,17,3,61-75,Right Center Midfield,MF,0.1118,0.0227,0.0891,3,60,19,0.4019,0.0851,0.3168,0.2277,Positive,2,1
3754027,Premier League 2015/2016,Sunderland,53,0,0,37,1,31-60,Right Defensive Midfield,MF,0.4474,0.3158,0.1316,3,48,36,0.0,0.311,-0.311,-0.4426,Negative,1,1
3754027,Premier League 2015/2016,Sunderland,57,0,0,33,2,31-60,Left Wing,FW,0.1592,0.285,-0.1258,2,47,35,0.0,0.1981,-0.1981,-0.0723,Neutral,1,0
3754027,Premier League 2015/2016,Tottenham Hotspur,73,2,1,17,1,61-75,Right Wing,FW,0.1981,0.0,0.1981,5,114,25,0.8785,0.0,0.8785,0.6804,Positive,2,0
3754027,Premier League 2015/2016,Sunderland,75,-2,0,15,3,61-75,Right Center Forward,FW,0.0,0.068,-0.068,0,68,27,0.0609,0.8785,-0.8176,-0.7496,Negative,2,0
3754027,Premier League 2015/2016,Tottenham Hotspur,79,3,1,11,2,76-90+,Left Defensive Midfield,MF,0.8515,0.0,0.8515,3,106,23,0.1179,0.0609,0.057,-0.7945,Negative,3,1
3754030,Premier League 2015/2016,Watford,45,0,1,45,1,31-60,Right Midfield,MF,0.2536,0.0289,0.2247,4,55,36,0.0401,0.6854,-0.6453,-0.87,Negative,1,1
3754030,Premier League 2015/2016,Watford,58,-1,1,32,2,31-60,Left Midfield,MF,0.2133,0.6854,-0.4721,5,70,40,0.0113,0.0464,-0.0351,0.437,Positive,1,1
3754030,Premier League 2015/2016,Everton,64,1,0,26,1,61-75,Center Attacking Midfield,MF,0.0912,0.0362,0.055,2,65,24,0.0464,0.0,0.0464,-0.0086,Neutral,2,1
3754030,Premier League 2015/2016,Everton,77,1,0,13,2,76-90+,Right Wing,FW,0.0464,0.0113,0.0351,1,77,25,0.6123,0.032,0.5803,0.5452,Positive,3,0
3754030,Premier League 2015/2016,Watford,81,-1,1,9,3,76-90+,Right Center Midfield,MF,0.0,0.0464,-0.0464,0,51,51,0.093,0.6123,-0.5193,-0.4729,Negative,3,1
3754031,Premier League 2015/2016,Sunderland,14,1,1,76,1,0-30,Center Defensive Midfield,MF,0.5273,0.0,0.5273,3,39,27,0.1033,0.0,0.1033,-0.424,Negative,0,1
3754031,Premier League 2015/2016,Manchester United,37,-1,0,53,1,31-60,Right Back,DF,0.2076,0.0597,0.1479,3,81,22,0.2322,0.2159,0.0163,-0.1316,Negative,1,2
3754031,Premier League 2015/2016,Manchester United,61,0,0,29,2,61-75,Right Wing,FW,0.0285,0.73,-0.7015,1,98,37,0.2853,0.322,-0.0367,0.6648,Positive,2,0
3754031,Premier League 2015/2016,Sunderland,70,0,1,20,2,61-75,Center Forward,FW,0.5196,0.1835,0.3361,5,58,27,0.094,0.1845,-0.0905,-0.4266,Negative,2,0
3754031,Premier League 2015/2016,Sunderland,84,0,1,6,3,76-90+,Right Center Midfield,MF,0.094,0.1845,-0.0905,3,47,20,0.0509,0.1432,-0.0923,-0.0018,Neutral,3,1
3754031,Premier League 2015/2016,Manchester United,85,0,0,5,3,76-90+,Right Defensive Midfield,MF,0.1845,0.094,0.0905,4,63,15,0.1432,0.0509,0.0923,0.0018,Neutral,3,1
3754032,Premier League 2015/2016,Stoke City,55,0,1,35,1,31-60,Center Attacking Midfield,MF,0.5608,0.0317,0.5291,3,135,43,0.0337,0.0,0.0337,-0.4954,Negative,1,1
3754032,Premier League 2015/2016,Norwich City,61,0,0,29,1,61-75,Right Midfield,MF,0.0317,0.4534,-0.4217,1,62,40,0.0456,0.0337,0.0119,0.4336,Positive,2,1
3754032,Premier League 2015/2016,Norwich City,62,0,0,28,2,61-75,Left Midfield,MF,0.0317,0.4534,-0.4217,1,53,34,0.0456,0.0337,0.0119,0.4336,Positive,2,1
3754032,Premier League 2015/2016,Norwich City,74,-1,0,16,3,61-75,Center Forward,FW,0.0456,0.0337,0.0119,1,66,23,0.0,0.3127,-0.3127,-0.3246,Negative,2,0
3754032,Premier League 2015/2016,Stoke City,75,1,1,15,2,61-75,Left Wing,FW,0.0337,0.0456,-0.0119,1,104,32,0.3707,0.0,0.3707,0.3826,Positive,2,0
3754032,Premier League 2015/2016,Stoke City,82,1,1,8,3,76-90+,Center Forward,FW,0.0,0.0456,-0.0456,0,114,27,0.3869,0.0,0.3869,0.4325,Positive,3,0
3754033,Premier League 2015/2016,Leicester City,61,2,1,29,1,61-75,Right Center Forward,FW,0.2138,0.1333,0.0805,3,73,24,2.0683,0.1955,1.8728,1.7923,Positive,2,0
3754033,Premier League 2015/2016,Everton,61,-2,0,29,1,61-75,Left Midfield,MF,0.1333,0.2138,-0.0805,1,97,28,0.1955,2.0683,-1.8728,-1.7923,Negative,2,1
3754033,Premier League 2015/2016,Everton,62,-2,0,28,2,61-75,Right Defensive Midfield,MF,0.1333,0.2138,-0.0805,1,91,28,0.1955,2.0683,-1.8728,-1.7923,Negative,2,1
3754033,Premier League 2015/2016,Leicester City,66,3,1,24,2,61-75,Left Midfield,MF,0.9973,0.1333,0.864,4,52,13,1.4739,0.1955,1.2784,0.4144,Positive,2,1
3754033,Premier League 2015/2016,Everton,80,-3,0,10,3,76-90+,Center Attacking Midfield,MF,0.1955,1.4739,-1.2784,2,69,12,0.3451,0.7622,-0.4171,0.8613,Positive,3,1
3754035,Premier League 2015/2016,West Bromwich Albion,20,0,0,70,1,0-30,Center Forward,FW,0.1704,0.7835,-0.6131,2,45,6,0.2037,0.1784,0.0253,0.6384,Positive,0,0
3754035,Premier League 2015/2016,Manchester City,59,0,1,31,1,31-60,Left Center Forward,FW,0.0924,0.0271,0.0653,3,113,13,0.8017,0.6695,0.1322,0.0669,Neutral,1,0
3754035,Premier League 2015/2016,Manchester City,59,0,1,31,2,31-60,Left Defensive Midfield,MF,0.0924,0.0271,0.0653,3,113,13,0.8017,0.6695,0.1322,0.0669,Neutral,1,1
3754035,Premier League 2015/2016,West Bromwich Albion,79,-1,0,11,2,76-90+,Right Midfield,MF,0.7118,0.9171,-0.2053,4,73,7,0.0715,0.0898,-0.0183,0.187,Positive,3,1
3754036,Premier League 2015/2016,Sunderland,55,0,1,35,1,31-60,Right Wing,FW,0.0979,0.0574,0.0405,2,77,28,0.1617,0.0772,0.0845,0.044,Neutral,1,0
3754036,Premier League 2015/2016,Aston Villa,56,0,0,34,1,31-60,Left Wing,FW,0.0574,0.0979,-0.0405,1,79,33,0.0772,0.1617,-0.0845,-0.044,Neutral,1,0
3754036,Premier League 2015/2016,Aston Villa,75,0,0,15,2,61-75,Right Back,DF,0.071,0.1922,-0.1212,1,66,24,0.0179,0.287,-0.2691,-0.1479,Negative,2,2
3754036,Premier League 2015/2016,Sunderland,79,0,1,11,2,76-90+,Left Wing,FW,0.1527,0.0,0.1527,2,73,18,0.4974,0.0179,0.4795,0.3268,Positive,3,0
3754061,Premier League 2015/2016,Chelsea,62,1,1,28,1,61-75,Left Wing,FW,0.2379,0.3299,-0.092,3,55,25,0.0728,0.0918,-0.019,0.073,Neutral,2,0
3754061,Premier League 2015/2016,Chelsea,67,1,1,23,2,61-75,Center Forward,FW,0.252,0.307,-0.055,3,55,30,0.1888,0.0439,0.1449,0.1999,Positive,2,0
3754061,Premier League 2015/2016,Stoke City,74,-1,0,16,1,61-75,Right Defensive Midfield,MF,0.1196,0.2893,-0.1697,3,56,27,0.2076,0.2378,-0.0302,0.1395,Positive,2,1
3754061,Premier League 2015/2016,Chelsea,81,1,1,9,3,76-90+,Left Defensive Midfield,MF,0.1888,0.0439,0.1449,2,70,30,0.1407,0.4008,-0.2601,-0.405,Negative,3,1
3754061,Premier League 2015/2016,Stoke City,85,0,0,5,2,76-90+,Center Forward,FW,0.2076,0.1888,0.0188,1,83,28,0.1932,0.1407,0.0525,0.0337,Neutral,3,0
3754062,Premier League 2015/2016,West Bromwich Albion,6,0,0,84,1,0-30,Left Center Midfield,MF,0.1088,0.1017,0.0071,1,38,15,0.2073,0.9205,-0.7132,-0.7203,Negative,0,1
3754062,Premier League 2015/2016,Chelsea,45,0,1,45,1,31-60,Left Wing,FW,0.1621,0.098,0.0641,2,88,26,0.0913,0.2208,-0.1295,-0.1936,Negative,1,0
3754062,Premier League 2015/2016,West Bromwich Albion,59,0,0,31,2,31-60,Center Defensive Midfield,MF,0.2208,0.0913,0.1295,1,60,37,0.0983,0.039,0.0593,-0.0702,Neutral,1,1
3754062,Premier League 2015/2016,West Bromwich Albion,67,0,0,23,3,61-75,Center Forward,FW,0.0367,0.1303,-0.0936,1,55,25,0.0809,0.0726,0.0083,0.1019,Positive,2,0
3754062,Premier League 2015/2016,Chelsea,77,0,1,13,2,76-90+,Right Center Midfield,MF,0.0673,0.0983,-0.031,3,101,20,0.0443,0.1039,-0.0596,-0.0286,Neutral,3,1
3754063,Premier League 2015/2016,Watford,56,-1,1,34,1,31-60,Right Back,DF,0.113,0.191,-0.078,3,126,22,0.1235,0.3287,-0.2052,-0.1272,Negative,1,2
3754063,Premier League 2015/2016,Watford,70,-1,1,20,2,61-75,Left Midfield,MF,0.1309,0.3287,-0.1978,3,85,27,0.1284,0.0,0.1284,0.3262,Positive,2,1
3754063,Premier League 2015/2016,Aston Villa,78,1,0,12,1,76-90+,Right Center Forward,FW,0.2138,0.152,0.0618,2,43,18,0.0,0.3818,-0.3818,-0.4436,Negative,3,0
3754069,Premier League 2015/2016,Arsenal,67,0,1,23,1,61-75,Right Wing,FW,0.1023,0.1537,-0.0514,2,79,25,0.7452,0.1352,0.61,0.6614,Positive,2,0
3754069,Premier League 2015/2016,Newcastle United,78,-1,0,12,1,76-90+,Right Center Midfield,MF,0.1811,0.6106,-0.4295,3,64,16,0.204,0.5847,-0.3807,0.0488,Neutral,3,1
3754069,Premier League 2015/2016,Arsenal,80,1,1,10,2,76-90+,Right Wing,FW,0.7793,0.0274,0.7519,4,70,21,0.416,0.2874,0.1286,-0.6233,Negative,3,0
3754070,Premier League 2015/2016,Newcastle United,51,0,0,39,1,31-60,Center Forward,FW,0.0756,0.0,0.0756,1,63,25,0.2841,0.0,0.2841,0.2085,Positive,1,0
3754070,Premier League 2015/2016,Newcastle United,66,0,0,24,2,61-75,Right Defensive Midfield,MF,0.2841,0.0,0.2841,1,100,30,0.2233,0.0,0.2233,-0.0608,Neutral,2,1
3754071,Premier League 2015/2016,Swansea City,41,1,1,49,1,31-60,Right Center Midfield,MF,0.1571,0.0,0.1571,3,73,17,0.0244,0.0601,-0.0357,-0.1928,Negative,1,1
3754071,Premier League 2015/2016,Sunderland,71,0,0,19,1,61-75,Right Defensive Midfield,MF,0.2783,0.0239,0.2544,2,61,26,0.9075,0.0416,0.8659,0.6115,Positive,2,1
3754071,Premier League 2015/2016,Swansea City,76,0,1,14,2,76-90+,Left Wing,FW,0.0654,0.0,0.0654,2,72,15,0.0,0.9075,-0.9075,-0.9729,Negative,3,0
3754071,Premier League 2015/2016,Sunderland,82,0,0,8,2,76-90+,Left Wing,FW,0.0,0.0416,-0.0416,0,73,26,0.9075,0.032,0.8755,0.9171,Positive,3,0
3754071,Premier League 2015/2016,Sunderland,85,1,0,5,3,76-90+,Center Attacking Midfield,MF,0.9075,0.0416,0.8659,1,59,25,0.0,0.032,-0.032,-0.8979,Negative,3,1
3754075,Premier League 2015/2016,Chelsea,22,0,0,68,1,0-30,Center Forward,FW,0.0378,0.1879,-0.1501,1,83,19,0.2263,0.3416,-0.1153,0.0348,Neutral,0,0
3754075,Premier League 2015/2016,Chelsea,45,1,0,45,2,31-60,Left Wing,FW,0.1781,0.477,-0.2989,2,59,25,1.6485,0.0206,1.6279,1.9268,Positive,1,0
3754075,Premier League 2015/2016,Aston Villa,65,-4,1,25,1,61-75,Right Wing,FW,0.0,0.6143,-0.6143,0,78,48,0.1764,0.0085,0.1679,0.7822,Positive,2,0
3754075,Premier League 2015/2016,Aston Villa,66,-4,1,24,2,61-75,Center Defensive Midfield,MF,0.0,0.6143,-0.6143,0,79,46,0.1764,0.0085,0.1679,0.7822,Positive,2,1
3754075,Premier League 2015/2016,Chelsea,73,4,0,17,3,61-75,Right Wing,FW,0.6143,0.1764,0.4379,2,108,25,0.1559,0.1071,0.0488,-0.3891,Negative,2,0
3754075,Premier League 2015/2016,Aston Villa,81,-4,1,9,3,76-90+,Center Defensive Midfield,MF,0.1764,0.0085,0.1679,3,86,22,0.1071,0.1474,-0.0403,-0.2082,Negative,3,1
3754080,Premier League 2015/2016,Watford,45,0,0,45,1,31-60,Right Defensive Midfield,MF,0.0152,0.3141,-0.2989,1,51,30,0.0,0.148,-0.148,0.1509,Positive,1,1
3754080,Premier League 2015/2016,Watford,45,0,0,45,2,31-60,Right Wing,FW,0.0152,0.3141,-0.2989,1,51,30,0.0,0.148,-0.148,0.1509,Positive,1,0
3754080,Premier League 2015/2016,Watford,53,0,0,37,3,31-60,Left Center Back,DF,0.0,0.1833,-0.1833,0,62,29,0.0,0.8451,-0.8451,-0.6618,Negative,1,2
3754080,Premier League 2015/2016,Tottenham Hotspur,60,0,1,30,1,31-60,Right Wing,FW,0.148,0.0,0.148,4,130,12,0.9532,0.0,0.9532,0.8052,Positive,1,0
3754080,Premier League 2015/2016,Tottenham Hotspur,71,1,1,19,2,61-75,Right Wing,FW,0.8766,0.0,0.8766,6,99,25,0.4702,0.0268,0.4434,-0.4332,Negative,2,0
3754081,Premier League 2015/2016,West Bromwich Albion,55,0,1,35,1,31-60,Right Back,DF,0.0124,0.0797,-0.0673,1,74,26,0.2698,0.119,0.1508,0.2181,Positive,1,2
3754081,Premier League 2015/2016,Manchester United,61,0,0,29,1,61-75,Left Center Midfield,MF,0.1988,0.0928,0.106,4,80,27,0.0,0.1771,-0.1771,-0.2831,Negative,2,1
3754081,Premier League 2015/2016,West Bromwich Albion,68,1,1,22,2,61-75,Left Midfield,MF,0.2698,0.1299,0.1399,3,79,23,0.0,0.0,0.0,-0.1399,Negative,2,1
3754081,Premier League 2015/2016,Manchester United,74,-1,0,16,2,61-75,Right Midfield,MF,0.0367,0.2492,-0.2125,1,63,28,0.0,0.0,0.0,0.2125,Positive,2,1
3754081,Premier League 2015/2016,Manchester United,82,-1,0,8,3,76-90+,Right Back,DF,0.0,0.0,0.0,0,87,18,0.0193,0.0,0.0193,0.0193,Neutral,3,2
3754084,Premier League 2015/2016,West Bromwich Albion,63,0,1,27,1,61-75,Center Attacking Midfield,MF,0.1756,0.0201,0.1555,2,78,35,0.0,0.1711,-0.1711,-0.3266,Negative,2,1
3754084,Premier League 2015/2016,Aston Villa,63,0,0,27,1,61-75,Center Forward,FW,0.0201,0.1756,-0.1555,1,95,22,0.1711,0.0,0.1711,0.3266,Positive,2,0
3754084,Premier League 2015/2016,West Bromwich Albion,63,0,1,27,2,61-75,Center Forward,FW,0.1756,0.0201,0.1555,2,78,35,0.0,0.1711,-0.1711,-0.3266,Negative,2,0
3754084,Premier League 2015/2016,West Bromwich Albion,73,0,1,17,3,61-75,Right Midfield,MF,0.0,0.1913,-0.1913,0,62,34,0.0,0.2296,-0.2296,-0.0383,Neutral,2,1
3754084,Premier League 2015/2016,Aston Villa,79,0,0,11,2,76-90+,Center Forward,FW,0.2401,0.0,0.2401,4,82,14,0.1885,0.0,0.1885,-0.0516,Neutral,3,0
3754086,Premier League 2015/2016,Watford,55,-3,0,35,1,31-60,Right Center Forward,FW,0.3464,2.2157,-1.8693,1,74,29,0.0822,0.1829,-0.1007,1.7686,Positive,1,0
3754086,Premier League 2015/2016,Watford,56,-3,0,34,2,31-60,Right Midfield,MF,0.3464,2.1751,-1.8287,1,74,28,0.0822,0.1829,-0.1007,1.728,Positive,1,1
3754086,Premier League 2015/2016,Watford,75,-2,0,15,3,61-75,Left Midfield,MF,0.0822,0.092,-0.0098,2,43,25,0.0,0.5246,-0.5246,-0.5148,Negative,2,1
3754086,Premier League 2015/2016,West Ham United,77,2,1,13,1,76-90+,Right Wing,FW,0.092,0.0822,0.0098,2,85,14,0.5246,0.7835,-0.2589,-0.2687,Negative,3,0
3754087,Premier League 2015/2016,Tottenham Hotspur,65,0,0,25,1,61-75,Right Wing,FW,0.7205,0.3633,0.3572,5,83,14,0.0231,0.1486,-0.1255,-0.4827,Negative,2,0
3754087,Premier League 2015/2016,Liverpool,71,0,1,19,1,61-75,Center Forward,FW,0.2206,0.6352,-0.4146,2,50,41,0.2529,0.0417,0.2112,0.6258,Positive,2,0
3754087,Premier League 2015/2016,Liverpool,81,0,1,9,2,76-90+,Center Attacking Midfield,MF,0.1486,0.0,0.1486,3,71,21,0.1289,0.1929,-0.064,-0.2126,Negative,3,1
3754088,Premier League 2015/2016,Manchester United,63,1,0,27,1,61-75,Left Wing,FW,0.3886,0.3693,0.0193,1,93,36,0.0,1.255,-1.255,-1.2743,Negative,2,0
3754088,Premier League 2015/2016,Manchester United,73,0,0,17,2,61-75,Center Attacking Midfield,MF,0.0,1.2512,-1.2512,0,47,30,0.2871,0.0573,0.2298,1.481,Positive,2,1
3754088,Premier League 2015/2016,Newcastle United,80,-1,1,10,1,76-90+,Left Center Midfield,MF,1.2237,0.1315,1.0922,6,76,16,0.052,0.1556,-0.1036,-1.1958,Negative,3,1
3754088,Premier League 2015/2016,Newcastle United,84,-1,1,6,2,76-90+,Right Center Midfield,MF,0.4402,0.2871,0.1531,5,96,25,0.052,0.0,0.052,-0.1011,Negative,3,1
3754089,Premier League 2015/2016,Crystal Palace,45,0,1,45,1,31-60,Left Defensive Midfield,MF,0.2006,0.0784,0.1222,3,84,24,0.1153,0.4099,-0.2946,-0.4168,Negative,1,1
3754089,Premier League 2015/2016,Crystal Palace,57,-1,1,33,2,31-60,Center Forward,FW,0.2515,0.4099,-0.1584,4,93,23,0.1148,0.0361,0.0787,0.2371,Positive,1,0
3754089,Premier League 2015/2016,Crystal Palace,67,-1,1,23,3,61-75,Left Wing,FW,0.1106,0.357,-0.2464,2,72,28,0.1231,0.0361,0.087,0.3334,Positive,2,0
3754089,Premier League 2015/2016,AFC Bournemouth,74,1,0,16,1,61-75,Center Forward,FW,0.0361,0.1911,-0.155,1,58,25,0.0,0.2176,-0.2176,-0.0626,Neutral,2,0
3754089,Premier League 2015/2016,AFC Bournemouth,84,1,0,6,2,76-90+,Right Midfield,MF,0.0361,0.3317,-0.2956,1,44,23,0.0,0.1097,-0.1097,0.1859,Positive,3,1
3754092,Premier League 2015/2016,Chelsea,45,-2,1,45,1,31-60,Left Wing,FW,0.1514,1.6554,-1.504,3,69,27,0.1067,0.102,0.0047,1.5087,Positive,1,0
3754092,Premier League 2015/2016,Tottenham Hotspur,64,1,0,26,1,61-75,Right Wing,FW,0.0663,0.2058,-0.1395,2,84,32,0.3562,0.0474,0.3088,0.4483,Positive,2,0
3754092,Premier League 2015/2016,Chelsea,77,-1,1,13,2,76-90+,Left Defensive Midfield,MF,0.0474,0.3562,-0.3088,1,65,27,0.1356,0.0,0.1356,0.4444,Positive,3,1
3754092,Premier League 2015/2016,Tottenham Hotspur,81,1,0,9,2,76-90+,Left Back,DF,0.3101,0.0474,0.2627,2,58,26,0.0,0.1725,-0.1725,-0.4352,Negative,3,2
3754094,Premier League 2015/2016,Stoke City,29,-2,0,61,1,0-30,Right Center Back,DF,0.1715,0.2337,-0.0622,2,87,25,0.2625,0.6558,-0.3933,-0.3311,Negative,0,2
3754094,Premier League 2015/2016,Stoke City,59,-3,0,31,2,31-60,Center Attacking Midfield,MF,0.09,0.9192,-0.8292,2,111,13,0.0453,0.0,0.0453,0.8745,Positive,1,1
3754094,Premier League 2015/2016,Manchester United,78,3,1,12,1,76-90+,Left Wing,FW,0.0149,0.0453,-0.0304,1,83,25,0.0,0.0,0.0,0.0304,Neutral,3,0
3754094,Premier League 2015/2016,Manchester United,79,3,1,11,2,76-90+,Right Defensive Midfield,MF,0.0149,0.0453,-0.0304,1,79,25,0.0,0.0,0.0,0.0304,Neutral,3,1
3754095,Premier League 2015/2016,Manchester City,45,1,0,45,1,31-60,Right Center Forward,FW,0.0213,0.7459,-0.7246,1,58,24,0.0,0.0,0.0,0.7246,Positive,1,0
3754095,Premier League 2015/2016,Sunderland,45,-1,1,45,1,31-60,Right Midfield,MF,0.7459,0.0213,0.7246,4,71,24,0.0,0.0,0.0,-0.7246,Negative,1,1
3754095,Premier League 2015/2016,Sunderland,74,-1,1,16,2,61-75,Left Center Midfield,MF,0.0389,0.0404,-0.0015,1,56,29,0.2974,0.0,0.2974,0.2989,Positive,2,1
3754095,Premier League 2015/2016,Manchester City,75,1,0,15,2,61-75,Right Midfield,MF,0.0404,0.0389,0.0015,1,52,7,0.0,0.2974,-0.2974,-0.2989,Negative,2,1
3754095,Premier League 2015/2016,Manchester City,78,1,0,12,3,76-90+,Center Attacking Midfield,MF,0.0,0.1311,-0.1311,0,43,10,0.0,0.2546,-0.2546,-0.1235,Negative,3,1
3754095,Premier League 2015/2016,Sunderland,81,-1,1,9,3,76-90+,Right Midfield,MF,0.1703,0.0,0.1703,3,59,19,0.2154,0.0,0.2154,0.0451,Neutral,3,1
3754100,Premier League 2015/2016,Newcastle United,61,-1,1,29,1,61-75,Left Back,DF,0.4713,0.1403,0.331,4,80,35,0.2175,0.0,0.2175,-0.1135,Negative,2,2
3754100,Premier League 2015/2016,Newcastle United,70,-1,1,20,2,61-75,Right Back,DF,0.0583,0.1122,-0.0539,1,85,21,0.3118,0.0,0.3118,0.3657,Positive,2,2
3754100,Premier League 2015/2016,Sunderland,72,1,0,18,1,61-75,Left Center Back,DF,0.1122,0.0928,0.0194,3,51,23,0.0,0.2773,-0.2773,-0.2967,Negative,2,2
3754100,Premier League 2015/2016,Sunderland,74,1,0,16,2,61-75,Left Midfield,MF,0.0281,0.1523,-0.1242,1,45,35,0.0,0.2177,-0.2177,-0.0935,Neutral,2,1
3754100,Premier League 2015/2016,Newcastle United,75,-1,1,15,3,61-75,Right Wing,FW,0.2175,0.0,0.2175,5,107,8,0.1526,0.0,0.1526,-0.0649,Neutral,2,0
3754100,Premier League 2015/2016,Sunderland,83,0,0,7,3,76-90+,Center Defensive Midfield,MF,0.0,0.2868,-0.2868,0,45,39,0.0,0.025,-0.025,0.2618,Positive,3,1
3754101,Premier League 2015/2016,Norwich City,62,0,1,28,1,61-75,Right Midfield,MF,0.0534,0.0,0.0534,1,82,30,0.2613,0.1108,0.1505,0.0971,Neutral,2,1
3754101,Premier League 2015/2016,Southampton,79,-1,0,11,1,76-90+,Left Defensive Midfield,MF,0.1108,0.2613,-0.1505,1,74,17,0.0,0.0,0.0,0.1505,Positive,3,1
3754101,Premier League 2015/2016,Southampton,79,-1,0,11,2,76-90+,Left Wing,FW,0.1108,0.2613,-0.1505,1,74,17,0.0,0.0,0.0,0.1505,Positive,3,0
3754101,Premier League 2015/2016,Norwich City,80,1,1,10,2,76-90+,Center Forward,FW,0.2613,0.1108,0.1505,5,57,16,0.0,0.0,0.0,-0.1505,Negative,3,0
3754101,Premier League 2015/2016,Norwich City,81,1,1,9,3,76-90+,Left Midfield,MF,0.2613,0.1108,0.1505,5,50,16,0.0,0.0,0.0,-0.1505,Negative,3,1
3754103,Premier League 2015/2016,Watford,63,0,1,27,1,61-75,Center Attacking Midfield,MF,0.1018,0.1716,-0.0698,2,106,36,0.0,0.1527,-0.1527,-0.0829,Neutral,2,1
3754103,Premier League 2015/2016,Watford,67,0,1,23,2,61-75,Right Back,DF,0.0,0.1486,-0.1486,0,104,41,0.0,0.1527,-0.1527,-0.0041,Neutral,2,2
3754103,Premier League 2015/2016,Chelsea,72,0,0,18,1,61-75,Left Defensive Midfield,MF,0.0641,0.0,0.0641,2,112,28,0.2576,0.0,0.2576,0.1935,Positive,2,1
3754108,Premier League 2015/2016,Sunderland,54,-1,1,36,1,31-60,Right Center Back,DF,0.2046,0.6044,-0.3998,4,55,37,0.1475,0.2489,-0.1014,0.2984,Positive,1,2
3754108,Premier League 2015/2016,Sunderland,63,-1,1,27,2,61-75,Center Defensive Midfield,MF,0.1995,0.4721,-0.2726,3,52,35,0.245,0.0692,0.1758,0.4484,Positive,2,1
3754108,Premier League 2015/2016,Chelsea,67,0,0,23,1,61-75,Right Back,DF,0.2489,0.1475,0.1014,1,86,28,0.0692,0.1449,-0.0757,-0.1771,Negative,2,2
3754108,Premier League 2015/2016,Sunderland,70,1,1,20,3,61-75,Center Defensive Midfield,MF,0.2924,0.2489,0.0435,4,68,35,0.0,0.0692,-0.0692,-0.1127,Negative,2,1
3754108,Premier League 2015/2016,Chelsea,79,-1,0,11,2,76-90+,Right Wing,FW,0.0692,0.2062,-0.137,1,83,17,0.0816,0.0248,0.0568,0.1938,Positive,3,0
3754108,Premier League 2015/2016,Chelsea,82,-1,0,8,3,76-90+,Right Defensive Midfield,MF,0.0692,0.1449,-0.0757,1,84,11,0.091,0.0248,0.0662,0.1419,Positive,3,1
3754110,Premier League 2015/2016,West Ham United,12,0,1,78,1,0-30,Right Back,DF,0.0861,0.9468,-0.8607,1,36,18,0.0,0.0,0.0,0.8607,Positive,0,2
3754110,Premier League 2015/2016,West Ham United,64,1,1,26,2,61-75,Right Wing,FW,0.4401,0.113,0.3271,2,73,13,0.0264,0.0828,-0.0564,-0.3835,Negative,2,0
3754110,Premier League 2015/2016,Manchester City,66,-1,0,24,1,61-75,Right Wing,FW,0.113,0.3797,-0.2667,4,89,14,0.4096,0.0077,0.4019,0.6686,Positive,2,0
3754110,Premier League 2015/2016,Manchester City,75,-1,0,15,2,61-75,Left Defensive Midfield,MF,0.041,0.0187,0.0223,1,65,20,0.5286,0.1745,0.3541,0.3318,Positive,2,1
3754110,Premier League 2015/2016,Manchester City,82,0,0,8,3,76-90+,Left Defensive Midfield,MF,0.4434,0.0077,0.4357,4,93,21,0.2749,0.2405,0.0344,-0.4013,Negative,3,1
3754111,Premier League 2015/2016,Arsenal,20,0,1,70,1,0-30,Center Forward,FW,0.2396,0.419,-0.1794,2,89,20,0.0,0.4351,-0.4351,-0.2557,Negative,0,0
3754111,Premier League 2015/2016,Arsenal,56,-1,1,34,2,31-60,Right Wing,FW,0.317,0.1948,0.1222,1,83,31,0.2156,0.0311,0.1845,0.0623,Neutral,1,0
3754111,Premier League 2015/2016,Chelsea,68,1,0,22,1,61-75,Center Forward,FW,0.0839,0.2156,-0.1317,1,100,27,0.0311,0.0,0.0311,0.1628,Positive,2,0
3754111,Premier League 2015/2016,Arsenal,74,-1,1,16,3,61-75,Right Wing,FW,0.2156,0.0311,0.1845,2,63,19,0.2484,0.0,0.2484,0.0639,Neutral,2,0
3754111,Premier League 2015/2016,Chelsea,76,1,0,14,2,76-90+,Left Wing,FW,0.0311,0.2156,-0.1845,1,87,17,0.0,0.2484,-0.2484,-0.0639,Neutral,3,0
3754114,Premier League 2015/2016,Chelsea,15,0,0,75,1,0-30,Left Wing,FW,0.0214,0.0297,-0.0083,1,103,23,0.8453,0.4055,0.4398,0.4481,Positive,0,0
3754114,Premier League 2015/2016,Crystal Palace,66,-3,1,24,1,61-75,Center Forward,FW,0.3933,0.7495,-0.3562,2,44,27,0.0,0.0285,-0.0285,0.3277,Positive,2,0
3754114,Premier League 2015/2016,Crystal Palace,66,-3,1,24,2,61-75,Left Defensive Midfield,MF,0.3933,0.7495,-0.3562,2,44,27,0.0,0.0285,-0.0285,0.3277,Positive,2,1
3754114,Premier League 2015/2016,Crystal Palace,79,-3,1,11,3,76-90+,Left Wing,FW,0.0,0.6186,-0.6186,0,85,22,0.0711,0.1048,-0.0337,0.5849,Positive,3,0
3754116,Premier League 2015/2016,Chelsea,45,-1,0,45,1,31-60,Right Center Back,DF,0.0,0.1292,-0.1292,0,105,22,1.1832,0.5738,0.6094,0.7386,Positive,1,2
3754116,Premier League 2015/2016,Chelsea,63,-1,0,27,2,61-75,Center Forward,FW,0.7414,0.5738,0.1676,1,136,29,0.0852,0.6626,-0.5774,-0.745,Negative,2,0
3754116,Premier League 2015/2016,Swansea City,66,1,1,24,1,61-75,Right Wing,FW,0.5533,0.7414,-0.1881,4,73,41,0.6626,0.0852,0.5774,0.7655,Positive,2,0
3754116,Premier League 2015/2016,Swansea City,74,1,1,16,2,61-75,Center Forward,FW,0.0829,0.0852,-0.0023,2,47,35,0.6626,0.255,0.4076,0.4099,Positive,2,0
3754116,Premier League 2015/2016,Chelsea,75,-1,0,15,3,61-75,Center Attacking Midfield,MF,0.0852,0.0,0.0852,1,111,22,0.255,0.6626,-0.4076,-0.4928,Negative,2,1
3754116,Premier League 2015/2016,Swansea City,83,1,1,7,3,76-90+,Left Wing,FW,0.6626,0.1567,0.5059,1,50,32,0.0987,0.1835,-0.0848,-0.5907,Negative,3,0
3754118,Premier League 2015/2016,Watford,40,-2,0,50,1,31-60,Left Midfield,MF,0.0,0.217,-0.217,0,67,17,0.0083,0.6437,-0.6354,-0.4184,Negative,1,1
3754118,Premier League 2015/2016,Watford,45,-2,0,45,2,31-60,Right Center Forward,FW,0.0,0.217,-0.217,0,68,16,0.18,0.6437,-0.4637,-0.2467,Negative,1,0
3754118,Premier League 2015/2016,Arsenal,68,3,1,22,1,61-75,Center Forward,FW,0.1127,0.18,-0.0673,2,176,9,0.0691,0.1998,-0.1307,-0.0634,Neutral,2,0
3754118,Premier League 2015/2016,Watford,68,-3,0,22,3,61-75,Right Midfield,MF,0.18,0.1127,0.0673,3,42,18,0.1998,0.0691,0.1307,0.0634,Neutral,2,1
3754118,Premier League 2015/2016,Arsenal,72,3,1,18,2,61-75,Left Wing,FW,0.0,0.1998,-0.1998,0,185,7,0.0691,0.0116,0.0575,0.2573,Positive,2,0
3754118,Premier League 2015/2016,Arsenal,78,3,1,12,3,76-90+,Left Wing,FW,0.0691,0.1998,-0.1307,1,119,10,0.4796,0.0116,0.468,0.5987,Positive,3,0
3754120,Premier League 2015/2016,Southampton,55,1,1,35,1,31-60,Right Attacking Midfield,MF,0.0,0.0704,-0.0704,0,53,25,0.0791,0.0106,0.0685,0.1389,Positive,1,1
3754120,Premier League 2015/2016,West Ham United,60,-1,0,30,1,31-60,Right Center Forward,FW,0.0227,0.0,0.0227,2,121,18,0.1687,0.0791,0.0896,0.0669,Neutral,1,0
3754120,Premier League 2015/2016,West Ham United,60,-1,0,30,2,31-60,Right Center Back,DF,0.0227,0.0,0.0227,2,121,18,0.1687,0.0791,0.0896,0.0669,Neutral,1,2
3754120,Premier League 2015/2016,Southampton,71,1,1,19,2,61-75,Center Forward,FW,0.0791,0.0359,0.0432,1,36,12,0.0412,0.2986,-0.2574,-0.3006,Negative,2,0
3754120,Premier League 2015/2016,West Ham United,72,-1,0,18,3,61-75,Right Wing Back,FW,0.0887,0.0791,0.0096,3,97,22,0.2458,0.0412,0.2046,0.195,Positive,2,0
3754121,Premier League 2015/2016,AFC Bournemouth,22,0,0,68,1,0-30,Left Midfield,MF,0.0184,0.3134,-0.295,1,57,22,0.0,0.0182,-0.0182,0.2768,Positive,0,1
3754121,Premier League 2015/2016,Watford,56,0,1,34,1,31-60,Right Center Midfield,MF,0.0301,0.4501,-0.42,1,74,32,0.2885,0.1972,0.0913,0.5113,Positive,1,1
3754121,Premier League 2015/2016,AFC Bournemouth,73,0,0,17,2,61-75,Left Center Forward,FW,0.1972,0.2885,-0.0913,3,68,22,0.3912,0.1729,0.2183,0.3096,Positive,2,0
3754121,Premier League 2015/2016,Watford,82,0,1,8,2,76-90+,Center Attacking Midfield,MF,0.2431,0.3769,-0.1338,4,26,24,0.0199,0.1544,-0.1345,-0.0007,Neutral,3,1
3754121,Premier League 2015/2016,AFC Bournemouth,84,0,0,6,3,76-90+,Right Midfield,MF,0.3937,0.1898,0.2039,4,70,14,0.1377,0.0199,0.1178,-0.0861,Neutral,3,1
3754122,Premier League 2015/2016,Stoke City,63,-1,0,27,1,61-75,Center Forward,FW,0.1044,0.3395,-0.2351,1,91,25,0.0,0.0523,-0.0523,0.1828,Positive,2,0
3754122,Premier League 2015/2016,Stoke City,67,-1,0,23,2,61-75,Right Defensive Midfield,MF,0.0,0.3395,-0.3395,0,71,27,0.3106,0.0523,0.2583,0.5978,Positive,2,1
3754122,Premier League 2015/2016,Stoke City,84,0,0,6,3,76-90+,Right Wing,FW,0.3106,0.0523,0.2583,1,73,18,0.0071,1.2411,-1.234,-1.4923,Negative,3,0
3754122,Premier League 2015/2016,West Bromwich Albion,84,0,1,6,1,76-90+,Left Center Midfield,MF,0.0523,0.3106,-0.2583,1,36,18,1.2411,0.0071,1.234,1.4923,Positive,3,1
3754123,Premier League 2015/2016,Norwich City,9,0,0,81,1,0-30,Left Back,DF,0.0,0.0931,-0.0931,0,53,8,0.1082,0.3565,-0.2483,-0.1552,Negative,0,2
3754123,Premier League 2015/2016,Everton,28,1,1,62,1,0-30,Right Back,DF,0.1623,0.1006,0.0617,2,89,26,0.2558,0.3506,-0.0948,-0.1565,Negative,0,2
3754123,Premier League 2015/2016,Norwich City,48,-3,0,42,2,31-60,Left Center Back,DF,0.3506,1.4004,-1.0498,4,97,21,0.0,0.0183,-0.0183,1.0315,Positive,1,2
3754123,Premier League 2015/2016,Everton,52,3,1,38,2,31-60,Right Defensive Midfield,MF,1.4004,0.3129,1.0875,3,65,16,0.0183,0.1538,-0.1355,-1.223,Negative,1,1
3754123,Premier League 2015/2016,Everton,68,3,1,22,3,61-75,Center Attacking Midfield,MF,0.0183,0.1538,-0.1355,1,88,23,0.0478,0.1303,-0.0825,0.053,Neutral,2,1
3754123,Premier League 2015/2016,Norwich City,70,-3,0,20,3,61-75,Left Midfield,MF,0.1538,0.0183,0.1355,3,78,32,0.1303,0.0478,0.0825,-0.053,Neutral,2,1
3754124,Premier League 2015/2016,Manchester City,25,-1,1,65,1,0-30,Left Wing,FW,0.2301,0.3144,-0.0843,3,70,28,0.1335,0.0,0.1335,0.2178,Positive,0,0
3754124,Premier League 2015/2016,Manchester City,49,-1,1,41,2,31-60,Goalkeeper,GK,0.4819,0.0,0.4819,3,52,27,0.3913,0.2096,0.1817,-0.3002,Negative,1,3
3754124,Premier League 2015/2016,Manchester City,52,-1,1,38,3,31-60,Right Center Back,DF,0.3822,0.0214,0.3608,1,44,34,0.4713,0.1882,0.2831,-0.0777,Neutral,1,2
3754124,Premier League 2015/2016,Manchester United,61,1,0,29,1,61-75,Left Back,DF,0.2096,0.0841,0.1255,3,72,32,0.0,0.755,-0.755,-0.8805,Negative,2,2
3754124,Premier League 2015/2016,Manchester United,69,1,0,21,2,61-75,Right Wing,FW,0.16,0.4263,-0.2663,1,82,43,0.0,0.3887,-0.3887,-0.1224,Negative,2,0
3754124,Premier League 2015/2016,Manchester United,82,1,0,8,3,76-90+,Left Back,DF,0.0,0.4131,-0.4131,0,43,47,0.0,0.2284,-0.2284,0.1847,Positive,3,2
3754125,Premier League 2015/2016,Chelsea,54,0,1,36,1,31-60,Left Defensive Midfield,MF,0.0,0.1755,-0.1755,0,75,50,1.2408,0.0835,1.1573,1.3328,Positive,1,1
3754125,Premier League 2015/2016,Chelsea,66,1,1,24,2,61-75,Left Wing,FW,1.2408,0.2241,1.0167,6,79,30,0.5016,0.2899,0.2117,-0.805,Negative,2,0
3754125,Premier League 2015/2016,Everton,70,-1,0,20,1,61-75,Right Back,DF,0.0835,1.2408,-1.1573,1,36,16,0.2899,0.5183,-0.2284,0.9289,Positive,2,2
3754125,Premier League 2015/2016,Everton,79,-1,0,11,2,76-90+,Right Wing,FW,0.2899,0.6222,-0.3323,1,50,14,0.4926,0.0371,0.4555,0.7878,Positive,3,0
3754125,Premier League 2015/2016,Chelsea,79,1,1,11,3,76-90+,Center Forward,FW,0.6222,0.2899,0.3323,4,85,19,0.0371,0.4926,-0.4555,-0.7878,Negative,3,0
3754125,Premier League 2015/2016,Everton,80,-1,0,10,3,76-90+,Center Attacking Midfield,MF,0.2899,0.5819,-0.292,1,46,12,0.4926,0.0666,0.426,0.718,Positive,3,1
3754127,Premier League 2015/2016,Stoke City,61,-3,1,29,1,61-75,Right Center Midfield,MF,0.083,0.2823,-0.1993,2,128,28,0.206,0.5163,-0.3103,-0.111,Negative,2,1
3754127,Premier League 2015/2016,Stoke City,61,-3,1,29,2,61-75,Right Wing,FW,0.083,0.2823,-0.1993,2,128,28,0.206,0.5163,-0.3103,-0.111,Negative,2,0
3754127,Premier League 2015/2016,Everton,75,3,0,15,1,61-75,Center Forward,FW,0.5163,0.206,0.3103,6,51,19,0.595,0.0912,0.5038,0.1935,Positive,2,0
3754127,Premier League 2015/2016,Stoke City,75,-3,1,15,3,61-75,Left Wing,FW,0.206,0.5163,-0.3103,3,115,40,0.0912,0.595,-0.5038,-0.1935,Negative,2,0
3754132,Premier League 2015/2016,Stoke City,55,1,1,35,1,31-60,Left Wing,FW,0.1953,0.1755,0.0198,1,72,19,0.0079,0.0666,-0.0587,-0.0785,Neutral,1,0
3754132,Premier League 2015/2016,Sunderland,59,-1,0,31,1,31-60,Right Midfield,MF,0.0823,0.1953,-0.113,2,51,23,0.0,0.0079,-0.0079,0.1051,Positive,1,1
3754132,Premier League 2015/2016,Sunderland,59,-1,0,31,2,31-60,Left Midfield,MF,0.0823,0.1953,-0.113,2,51,23,0.0,0.0079,-0.0079,0.1051,Positive,1,1
3754132,Premier League 2015/2016,Sunderland,76,-1,0,14,3,76-90+,Center Defensive Midfield,MF,0.0,0.0338,-0.0338,0,53,25,0.2169,0.0222,0.1947,0.2285,Positive,3,1
3754132,Premier League 2015/2016,Stoke City,77,1,1,13,2,76-90+,Right Wing,FW,0.0338,0.0907,-0.0569,2,69,13,0.1033,0.1848,-0.0815,-0.0246,Neutral,3,0
3754132,Premier League 2015/2016,Stoke City,85,1,1,5,3,76-90+,Center Attacking Midfield,MF,0.026,0.1803,-0.1543,1,65,22,0.1033,0.8787,-0.7754,-0.6211,Negative,3,1
3754134,Premier League 2015/2016,Manchester United,45,-1,0,45,1,31-60,Center Defensive Midfield,MF,0.0,0.2357,-0.2357,0,101,23,0.7911,0.2871,0.504,0.7397,Positive,1,1
3754134,Premier League 2015/2016,Manchester United,82,-1,0,8,2,76-90+,Right Center Midfield,MF,0.0177,0.4636,-0.4459,1,64,20,0.0,0.1135,-0.1135,0.3324,Positive,3,1
3754134,Premier League 2015/2016,West Ham United,83,1,1,7,1,76-90+,Right Midfield,MF,0.4636,0.0177,0.4459,4,52,18,0.1135,0.0,0.1135,-0.3324,Negative,3,1
3754134,Premier League 2015/2016,West Ham United,84,1,1,6,2,76-90+,Right Center Forward,FW,0.4636,0.0177,0.4459,4,50,11,0.1135,0.0,0.1135,-0.3324,Negative,3,0
3754137,Premier League 2015/2016,Southampton,37,0,0,53,1,31-60,Right Center Back,DF,0.0378,0.0431,-0.0053,2,80,9,0.3435,0.0,0.3435,0.3488,Positive,1,2
3754137,Premier League 2015/2016,Everton,53,0,1,37,1,31-60,Right Back,DF,0.0,0.3435,-0.3435,0,70,20,0.14,0.2736,-0.1336,0.2099,Positive,1,2
3754137,Premier League 2015/2016,Everton,63,0,1,27,2,61-75,Right Wing,FW,0.0549,0.4385,-0.3836,1,52,10,0.085,0.3086,-0.2236,0.16,Positive,2,0
3754137,Premier League 2015/2016,Southampton,63,0,0,27,2,61-75,Left Center Forward,FW,0.4385,0.0549,0.3836,3,68,12,0.3086,0.085,0.2236,-0.16,Negative,2,0
3754137,Premier League 2015/2016,Southampton,71,-1,0,19,3,61-75,Right Defensive Midfield,MF,0.2736,0.14,0.1336,1,55,7,0.5506,0.0639,0.4867,0.3531,Positive,2,1
3754137,Premier League 2015/2016,Everton,82,0,1,8,3,76-90+,Center Defensive Midfield,MF,0.085,0.5506,-0.4656,2,34,13,0.0639,0.0,0.0639,0.5295,Positive,3,1
3754139,Premier League 2015/2016,Swansea City,60,0,1,30,1,31-60,Left Wing,FW,0.0333,0.3385,-0.3052,2,74,21,0.0677,0.2472,-0.1795,0.1257,Positive,1,0
3754139,Premier League 2015/2016,Southampton,62,0,0,28,1,61-75,Left Center Midfield,MF,0.3615,0.0333,0.3282,3,88,14,0.2242,0.0677,0.1565,-0.1717,Negative,2,1
3754139,Premier League 2015/2016,Swansea City,66,0,1,24,2,61-75,Right Back,DF,0.101,0.0819,0.0191,3,59,13,0.0576,0.2242,-0.1666,-0.1857,Negative,2,2
3754139,Premier League 2015/2016,Swansea City,72,-1,1,18,3,61-75,Left Defensive Midfield,MF,0.0731,0.2472,-0.1741,2,82,15,0.2013,0.0,0.2013,0.3754,Positive,2,1
3754139,Premier League 2015/2016,Southampton,73,1,0,17,2,61-75,Left Center Forward,FW,0.2472,0.0731,0.1741,3,69,17,0.0,0.2013,-0.2013,-0.3754,Negative,2,0
3754139,Premier League 2015/2016,Southampton,85,1,0,5,3,76-90+,Left Wing Back,FW,0.0,0.2013,-0.2013,0,48,26,0.0546,0.1011,-0.0465,0.1548,Positive,3,0
3754140,Premier League 2015/2016,Everton,59,0,1,31,1,31-60,Left Wing,FW,0.0407,0.2884,-0.2477,1,97,29,0.0787,0.0406,0.0381,0.2858,Positive,1,0
3754140,Premier League 2015/2016,Everton,59,0,1,31,2,31-60,Right Wing,FW,0.0407,0.2884,-0.2477,1,97,29,0.0787,0.0406,0.0381,0.2858,Positive,1,0
3754140,Premier League 2015/2016,Tottenham Hotspur,68,0,0,22,1,61-75,Right Wing,FW,0.0621,0.024,0.0381,1,97,22,0.0406,0.2301,-0.1895,-0.2276,Negative,2,0
3754140,Premier League 2015/2016,Tottenham Hotspur,82,0,0,8,2,76-90+,Center Attacking Midfield,MF,0.0406,0.2301,-0.1895,1,74,15,0.0761,0.1615,-0.0854,0.1041,Positive,3,1
3754142,Premier League 2015/2016,Everton,70,0,0,20,1,61-75,Right Wing,FW,0.0,0.4644,-0.4644,0,73,54,0.0671,0.2443,-0.1772,0.2872,Positive,2,0
3754142,Premier League 2015/2016,Everton,70,0,0,20,2,61-75,Left Wing,FW,0.0,0.4644,-0.4644,0,73,54,0.0671,0.2443,-0.1772,0.2872,Positive,2,0
3754142,Premier League 2015/2016,Manchester City,73,0,1,17,1,61-75,Right Center Forward,FW,0.5409,0.0,0.5409,8,116,13,0.1678,0.0671,0.1007,-0.4402,Negative,2,0
3754144,Premier League 2015/2016,AFC Bournemouth,45,-3,1,45,1,31-60,Left Center Forward,FW,0.2703,0.0982,0.1721,3,96,32,0.0,0.0845,-0.0845,-0.2566,Negative,1,0
3754144,Premier League 2015/2016,Manchester City,56,3,0,34,1,31-60,Center Attacking Midfield,MF,0.0845,0.0,0.0845,2,118,24,0.0,0.1153,-0.1153,-0.1998,Negative,1,1
3754144,Premier League 2015/2016,Manchester City,65,3,0,25,2,61-75,Center Attacking Midfield,MF,0.0,0.0,0.0,0,113,12,0.0958,0.1498,-0.054,-0.054,Neutral,2,1
3754144,Premier League 2015/2016,AFC Bournemouth,67,-3,1,23,2,61-75,Right Back,DF,0.0,0.0,0.0,0,64,23,0.1498,0.0958,0.054,0.054,Neutral,2,2
3754144,Premier League 2015/2016,Manchester City,78,3,0,12,3,76-90+,Center Forward,FW,0.0958,0.1498,-0.054,1,55,16,0.0156,0.0565,-0.0409,0.0131,Neutral,3,0
3754144,Premier League 2015/2016,AFC Bournemouth,83,-3,1,7,3,76-90+,Right Midfield,MF,0.1498,0.0958,0.054,2,81,17,0.0565,0.0156,0.0409,-0.0131,Neutral,3,1
3754147,Premier League 2015/2016,Manchester City,65,-1,1,25,1,61-75,Right Defensive Midfield,MF,0.2984,0.7835,-0.4851,5,98,22,0.2552,0.0,0.2552,0.7403,Positive,2,1
3754147,Premier League 2015/2016,Tottenham Hotspur,71,1,0,19,1,61-75,Right Wing,FW,0.0,0.1787,-0.1787,0,80,56,0.4233,0.301,0.1223,0.301,Positive,2,0
3754147,Premier League 2015/2016,Manchester City,74,0,1,16,2,61-75,Left Back,DF,0.4233,0.0,0.4233,4,106,36,0.0565,0.4233,-0.3668,-0.7901,Negative,2,2
3754147,Premier League 2015/2016,Tottenham Hotspur,80,0,0,10,2,76-90+,Left Wing,FW,0.0,0.2552,-0.2552,0,110,39,0.4233,0.7086,-0.2853,-0.0301,Neutral,3,0
3754149,Premier League 2015/2016,Swansea City,57,0,1,33,1,31-60,Right Wing,FW,0.0772,0.1709,-0.0937,2,84,32,0.0748,0.2503,-0.1755,-0.0818,Neutral,1,0
3754149,Premier League 2015/2016,Manchester City,71,0,0,19,1,61-75,Right Center Forward,FW,0.1139,0.0748,0.0391,2,103,25,0.1364,0.0,0.1364,0.0973,Neutral,2,0
3754149,Premier League 2015/2016,Swansea City,82,0,1,8,2,76-90+,Left Wing,FW,0.0,0.1364,-0.1364,0,67,30,0.0,0.0,0.0,0.1364,Positive,3,0
3754151,Premier League 2015/2016,Norwich City,25,0,0,65,1,0-30,Left Back,DF,0.0,0.0666,-0.0666,0,55,12,0.0,0.0,0.0,0.0666,Neutral,0,2
3754151,Premier League 2015/2016,Swansea City,45,0,1,45,1,31-60,Center Forward,FW,0.0,0.0484,-0.0484,0,90,15,0.1973,0.0,0.1973,0.2457,Positive,1,0
3754151,Premier League 2015/2016,Swansea City,54,0,1,36,2,31-60,Left Defensive Midfield,MF,0.0386,0.0484,-0.0098,1,78,11,0.3182,0.0,0.3182,0.328,Positive,1,1
3754151,Premier League 2015/2016,Norwich City,63,-1,0,27,2,61-75,Left Midfield,MF,0.0,0.2497,-0.2497,0,46,15,0.0,0.0685,-0.0685,0.1812,Positive,2,1
3754151,Premier League 2015/2016,Norwich City,63,-1,0,27,3,61-75,Center Forward,FW,0.0,0.2497,-0.2497,0,46,15,0.0,0.0685,-0.0685,0.1812,Positive,2,0
3754151,Premier League 2015/2016,Swansea City,81,1,1,9,3,76-90+,Center Forward,FW,0.0685,0.0598,0.0087,2,86,16,0.0246,0.5674,-0.5428,-0.5515,Negative,3,0
3754152,Premier League 2015/2016,Leicester City,61,0,0,29,1,61-75,Right Center Forward,FW,0.1231,0.2555,-0.1324,2,91,32,0.2141,0.029,0.1851,0.3175,Positive,2,0
3754152,Premier League 2015/2016,Sunderland,67,-1,1,23,1,61-75,Left Midfield,MF,0.0557,0.2646,-0.2089,2,51,32,0.4466,0.0485,0.3981,0.607,Positive,2,1
3754152,Premier League 2015/2016,Sunderland,67,-1,1,23,2,61-75,Right Center Midfield,MF,0.0557,0.2646,-0.2089,2,51,32,0.4466,0.0485,0.3981,0.607,Positive,2,1
3754152,Premier League 2015/2016,Sunderland,75,-1,1,15,3,61-75,Right Midfield,MF,0.029,0.2141,-0.1851,1,66,32,0.4466,0.76,-0.3134,-0.1283,Negative,2,1
3754152,Premier League 2015/2016,Leicester City,80,1,0,10,2,76-90+,Right Midfield,MF,0.2626,0.0953,0.1673,2,49,31,2.1151,0.3513,1.7638,1.5965,Positive,3,1
3754152,Premier League 2015/2016,Leicester City,83,1,0,7,3,76-90+,Left Midfield,MF,0.3619,0.4466,-0.0847,2,52,35,1.8017,0.0,1.8017,1.8864,Positive,3,1
3754154,Premier League 2015/2016,Newcastle United,45,-2,0,45,1,31-60,Left Wing,FW,0.0307,0.0,0.0307,1,67,25,0.2959,0.2917,0.0042,-0.0265,Neutral,1,0
3754154,Premier League 2015/2016,Liverpool,70,0,1,20,1,61-75,Right Back,DF,0.2478,0.0684,0.1794,3,105,39,0.1585,0.0,0.1585,-0.0209,Neutral,2,2
3754154,Premier League 2015/2016,Liverpool,71,0,1,19,2,61-75,Left Center Midfield,MF,0.2478,0.0684,0.1794,3,104,39,0.1585,0.0,0.1585,-0.0209,Neutral,2,1
3754154,Premier League 2015/2016,Newcastle United,74,0,0,16,2,61-75,Center Forward,FW,0.0684,0.0,0.0684,1,62,31,0.0,0.2454,-0.2454,-0.3138,Negative,2,0
3754154,Premier League 2015/2016,Liverpool,82,0,1,8,3,76-90+,Right Wing,FW,0.1341,0.0,0.1341,3,141,27,0.1113,0.0,0.1113,-0.0228,Neutral,3,0
3754154,Premier League 2015/2016,Newcastle United,82,0,0,8,3,76-90+,Right Center Midfield,MF,0.0,0.1341,-0.1341,0,38,33,0.0,0.1113,-0.1113,0.0228,Neutral,3,1
3754155,Premier League 2015/2016,Watford,65,1,0,25,1,61-75,Right Midfield,MF,0.1433,0.1735,-0.0302,2,56,8,0.0952,0.8655,-0.7703,-0.7401,Negative,2,1
3754155,Premier League 2015/2016,West Bromwich Albion,67,-1,1,23,1,61-75,Right Center Forward,FW,0.9003,0.1433,0.757,3,58,13,0.0096,0.0952,-0.0856,-0.8426,Negative,2,0
3754155,Premier League 2015/2016,West Bromwich Albion,67,-1,1,23,2,61-75,Left Back,DF,0.9003,0.1433,0.757,3,58,13,0.0096,0.0952,-0.0856,-0.8426,Negative,2,2
3754155,Premier League 2015/2016,West Bromwich Albion,74,-1,1,16,3,61-75,Left Center Midfield,MF,0.9003,0.0475,0.8528,3,77,12,0.7931,0.071,0.7221,-0.1307,Negative,2,1
3754158,Premier League 2015/2016,West Ham United,58,-3,1,32,1,31-60,Right Wing,FW,0.8505,0.2662,0.5843,6,98,33,1.302,0.2216,1.0804,0.4961,Positive,1,0
3754158,Premier League 2015/2016,Swansea City,69,3,0,21,1,61-75,Left Wing,FW,0.0559,1.2287,-1.1728,1,76,34,0.2037,0.2251,-0.0214,1.1514,Positive,2,0
3754158,Premier League 2015/2016,West Ham United,76,-3,1,14,2,76-90+,Left Defensive Midfield,MF,1.302,0.2037,1.0983,8,75,18,0.121,0.0417,0.0793,-1.019,Negative,3,1
3754158,Premier League 2015/2016,Swansea City,81,3,0,9,2,76-90+,Left Wing,FW,0.2037,1.2742,-1.0705,3,90,21,0.8063,0.0251,0.7812,1.8517,Positive,3,0
3754158,Premier League 2015/2016,West Ham United,83,-3,1,7,3,76-90+,Center Attacking Midfield,MF,0.2525,0.2037,0.0488,4,53,18,0.0251,0.8063,-0.7812,-0.83,Negative,3,1
3754159,Premier League 2015/2016,AFC Bournemouth,65,-1,0,25,1,61-75,Left Midfield,MF,0.0,0.3595,-0.3595,0,53,16,0.0,0.0682,-0.0682,0.2913,Positive,2,1
3754159,Premier League 2015/2016,AFC Bournemouth,66,-1,0,24,2,61-75,Left Center Forward,FW,0.0,0.3595,-0.3595,0,50,15,0.0,0.0682,-0.0682,0.2913,Positive,2,0
3754159,Premier League 2015/2016,Manchester United,75,2,1,15,1,61-75,Right Center Midfield,MF,0.1972,0.0,0.1972,3,105,22,0.5619,0.0833,0.4786,0.2814,Positive,2,1
3754159,Premier League 2015/2016,Manchester United,77,2,1,13,2,76-90+,Center Forward,FW,0.0682,0.0,0.0682,1,137,24,0.5619,0.0833,0.4786,0.4104,Positive,3,0
3754159,Premier League 2015/2016,AFC Bournemouth,78,-2,0,12,3,76-90+,Right Center Forward,FW,0.0,0.0682,-0.0682,0,51,30,0.2434,0.5619,-0.3185,-0.2503,Negative,3,0
3754159,Premier League 2015/2016,Manchester United,83,2,1,7,3,76-90+,Left Midfield,MF,0.0682,0.0,0.0682,1,148,18,0.5619,0.2434,0.3185,0.2503,Positive,3,1
3754161,Premier League 2015/2016,Swansea City,65,1,1,25,1,61-75,Left Center Forward,FW,0.0425,0.1108,-0.0683,1,89,42,0.0112,0.1479,-0.1367,-0.0684,Neutral,2,0
3754161,Premier League 2015/2016,Watford,73,-1,0,17,1,61-75,Right Back,DF,0.1369,0.0537,0.0832,1,51,32,0.0776,0.0,0.0776,-0.0056,Neutral,2,2
3754161,Premier League 2015/2016,Swansea City,80,1,1,10,2,76-90+,Right Center Forward,FW,0.0112,0.1479,-0.1367,1,75,31,0.1121,0.1048,0.0073,0.144,Positive,3,0
3754161,Premier League 2015/2016,Swansea City,85,1,1,5,3,76-90+,Left Center Midfield,MF,0.0,0.0289,-0.0289,0,71,25,0.1121,0.0869,0.0252,0.0541,Neutral,3,1
3754163,Premier League 2015/2016,Everton,10,0,1,80,1,0-30,Left Center Midfield,MF,0.0716,0.0,0.0716,1,50,35,0.0485,0.8215,-0.773,-0.8446,Negative,0,1
3754163,Premier League 2015/2016,Everton,27,-1,1,63,2,0-30,Left Wing,FW,0.1611,0.8215,-0.6604,4,81,26,0.1833,0.1067,0.0766,0.737,Positive,0,0
3754163,Premier League 2015/2016,Everton,66,-2,1,24,3,61-75,Right Back,DF,0.1101,0.1328,-0.0227,3,106,39,0.1457,0.0,0.1457,0.1684,Positive,2,2
3754163,Premier League 2015/2016,Swansea City,75,2,0,15,1,61-75,Right Wing,FW,0.0332,0.1894,-0.1562,1,58,12,0.0,0.2276,-0.2276,-0.0714,Neutral,2,0
3754164,Premier League 2015/2016,Sunderland,58,0,0,32,1,31-60,Center Forward,FW,0.0568,0.0453,0.0115,3,40,24,0.0254,0.2589,-0.2335,-0.245,Negative,1,0
3754164,Premier League 2015/2016,Southampton,64,0,1,26,1,61-75,Left Defensive Midfield,MF,0.0453,0.0822,-0.0369,1,88,27,0.3113,0.0,0.3113,0.3482,Positive,2,1
3754164,Premier League 2015/2016,Southampton,64,0,1,26,2,61-75,Right Wing,FW,0.0453,0.0822,-0.0369,1,88,27,0.3113,0.0,0.3113,0.3482,Positive,2,0
3754164,Premier League 2015/2016,Sunderland,75,0,0,15,2,61-75,Left Midfield,MF,0.0,0.2589,-0.2589,0,37,21,0.5035,0.3099,0.1936,0.4525,Positive,2,1
3754164,Premier League 2015/2016,Southampton,82,0,1,8,3,76-90+,Center Attacking Midfield,MF,0.2483,0.1125,0.1358,3,94,15,0.3916,0.391,0.0006,-0.1352,Negative,3,1
3754165,Premier League 2015/2016,Manchester United,61,0,1,29,1,61-75,Right Midfield,MF,0.1067,0.2675,-0.1608,3,91,32,0.1307,0.1756,-0.0449,0.1159,Positive,2,1
3754165,Premier League 2015/2016,Leicester City,66,0,0,24,1,61-75,Right Center Forward,FW,0.1912,0.0863,0.1049,4,48,39,0.2193,0.4176,-0.1983,-0.3032,Negative,2,0
3754165,Premier League 2015/2016,Manchester United,74,0,1,16,2,61-75,Right Center Midfield,MF,0.1629,0.1311,0.0318,4,100,32,0.3171,0.1603,0.1568,0.125,Positive,2,1
3754165,Premier League 2015/2016,Leicester City,76,0,0,14,2,76-90+,Left Midfield,MF,0.1756,0.1307,0.0449,4,56,32,0.1158,0.3805,-0.2647,-0.3096,Negative,3,1
3754165,Premier League 2015/2016,Manchester United,81,0,1,9,3,76-90+,Center Forward,FW,0.4176,0.2193,0.1983,4,102,39,0.0702,0.0,0.0702,-0.1281,Negative,3,0
3754168,Premier League 2015/2016,West Bromwich Albion,45,-2,0,45,1,31-60,Right Center Midfield,MF,0.0,0.9569,-0.9569,0,67,24,0.1826,0.1736,0.009,0.9659,Positive,1,1
3754168,Premier League 2015/2016,West Bromwich Albion,45,-2,0,45,2,31-60,Left Center Back,DF,0.0,0.9569,-0.9569,0,67,24,0.1826,0.1736,0.009,0.9659,Positive,1,2
3754168,Premier League 2015/2016,Southampton,62,2,1,28,1,61-75,Left Wing,FW,0.1736,0.0682,0.1054,2,78,18,0.0694,0.0385,0.0309,-0.0745,Neutral,2,0
3754168,Premier League 2015/2016,West Bromwich Albion,62,-2,0,28,3,61-75,Center Attacking Midfield,MF,0.0682,0.1736,-0.1054,2,54,28,0.0385,0.0694,-0.0309,0.0745,Neutral,2,1
3754168,Premier League 2015/2016,Southampton,72,3,1,18,2,61-75,Right Wing,FW,0.2139,0.0295,0.1844,2,66,16,0.0,0.0782,-0.0782,-0.2626,Negative,2,0
3754168,Premier League 2015/2016,Southampton,83,3,1,7,3,76-90+,Right Wing Back,FW,0.0694,0.009,0.0604,1,50,19,0.0,0.0692,-0.0692,-0.1296,Negative,3,0
3754170,Premier League 2015/2016,Crystal Palace,59,-1,0,31,1,31-60,Center Attacking Midfield,MF,0.0,0.1073,-0.1073,0,85,34,0.7835,0.0445,0.739,0.8463,Positive,1,1
3754170,Premier League 2015/2016,Newcastle United,71,1,1,19,1,61-75,Center Forward,FW,0.0594,0.7835,-0.7241,2,39,34,0.1234,0.0431,0.0803,0.8044,Positive,2,0
3754170,Premier League 2015/2016,Crystal Palace,73,-1,0,17,2,61-75,Center Attacking Midfield,MF,0.7835,0.0445,0.739,1,89,14,0.0431,0.1234,-0.0803,-0.8193,Negative,2,1
3754170,Premier League 2015/2016,Crystal Palace,73,-1,0,17,3,61-75,Center Forward,FW,0.7835,0.0445,0.739,1,89,14,0.0431,0.1234,-0.0803,-0.8193,Negative,2,0
3754170,Premier League 2015/2016,Newcastle United,79,1,1,11,2,76-90+,Left Wing,FW,0.0445,0.7835,-0.739,1,55,29,0.1234,0.0431,0.0803,0.8193,Positive,3,0
3754172,Premier League 2015/2016,Norwich City,45,-1,1,45,1,31-60,Left Midfield,MF,0.0302,0.8951,-0.8649,1,68,15,0.3971,0.3845,0.0126,0.8775,Positive,1,1
3754172,Premier League 2015/2016,Sunderland,45,1,0,45,1,31-60,Left Midfield,MF,0.8951,0.0302,0.8649,2,44,23,0.3845,0.3971,-0.0126,-0.8775,Negative,1,1
3754172,Premier League 2015/2016,Norwich City,58,-2,1,32,2,31-60,Left Midfield,MF,0.3971,0.3845,0.0126,4,77,14,0.345,0.0197,0.3253,0.3127,Positive,1,1
3754172,Premier League 2015/2016,Sunderland,66,2,0,24,2,61-75,Right Center Midfield,MF,0.3399,0.6996,-0.3597,1,23,18,0.0197,0.0318,-0.0121,0.3476,Positive,2,1
3754172,Premier League 2015/2016,Norwich City,73,-2,1,17,3,61-75,Center Attacking Midfield,MF,0.345,0.0197,0.3253,3,57,6,0.2286,0.0,0.2286,-0.0967,Neutral,2,1
3754172,Premier League 2015/2016,Sunderland,84,2,0,6,3,76-90+,Center Defensive Midfield,MF,0.0197,0.1293,-0.1096,1,42,26,0.4247,0.1088,0.3159,0.4255,Positive,3,1
3754176,Premier League 2015/2016,Crystal Palace,45,-1,0,45,1,31-60,Right Midfield,MF,0.3097,0.5268,-0.2171,1,42,26,0.0,0.0154,-0.0154,0.2017,Positive,1,1
3754176,Premier League 2015/2016,West Ham United,59,1,1,31,1,31-60,Right Wing,FW,0.125,0.0,0.125,2,111,26,0.1125,0.2974,-0.1849,-0.3099,Negative,1,0
3754176,Premier League 2015/2016,West Ham United,68,1,1,22,2,61-75,Right Wing,FW,0.1279,0.0746,0.0533,2,91,11,0.0299,0.581,-0.5511,-0.6044,Negative,2,0
3754176,Premier League 2015/2016,Crystal Palace,70,-1,0,20,2,61-75,Left Center Midfield,MF,0.0746,0.1279,-0.0533,1,37,35,0.581,0.3198,0.2612,0.3145,Positive,2,1
3754176,Premier League 2015/2016,West Ham United,79,0,1,11,3,76-90+,Right Center Midfield,MF,0.0299,0.6556,-0.6257,1,57,15,0.3066,0.1774,0.1292,0.7549,Positive,3,1
3754177,Premier League 2015/2016,Newcastle United,30,0,1,60,1,0-30,Left Back,DF,0.1162,0.0731,0.0431,2,54,42,0.1482,0.0,0.1482,0.1051,Positive,0,2
3754177,Premier League 2015/2016,Newcastle United,45,0,1,45,2,31-60,Center Forward,FW,0.1482,0.0,0.1482,2,86,52,0.0397,0.2958,-0.2561,-0.4043,Negative,1,0
3754177,Premier League 2015/2016,AFC Bournemouth,60,0,0,30,1,31-60,Left Midfield,MF,0.2958,0.0397,0.2561,6,89,41,0.2509,0.2463,0.0046,-0.2515,Negative,1,1
3754177,Premier League 2015/2016,Newcastle United,68,0,1,22,3,61-75,Right Wing,FW,0.2334,0.0588,0.1746,5,73,28,0.4061,0.2509,0.1552,-0.0194,Neutral,2,0
3754177,Premier League 2015/2016,AFC Bournemouth,68,0,0,22,2,61-75,Left Center Forward,FW,0.0588,0.2334,-0.1746,1,63,34,0.2509,0.4061,-0.1552,0.0194,Neutral,2,0
3754179,Premier League 2015/2016,Tottenham Hotspur,55,0,0,35,1,31-60,Left Center Midfield,MF,0.2388,0.0215,0.2173,3,96,21,0.3276,0.2959,0.0317,-0.1856,Negative,1,1
3754179,Premier League 2015/2016,Tottenham Hotspur,74,1,0,16,2,61-75,Left Center Back,DF,0.2974,0.2959,0.0015,4,62,18,0.0864,0.3574,-0.271,-0.2725,Negative,2,2
3754179,Premier League 2015/2016,Crystal Palace,78,-1,1,12,1,76-90+,Center Attacking Midfield,MF,0.2959,0.0119,0.284,3,48,21,0.3574,0.4918,-0.1344,-0.4184,Negative,3,1
3754179,Premier League 2015/2016,Crystal Palace,84,-2,1,6,2,76-90+,Right Center Midfield,MF,0.513,0.0835,0.4295,5,36,22,0.1403,0.5033,-0.363,-0.7925,Negative,3,1
3754181,Premier League 2015/2016,Crystal Palace,45,-1,1,45,1,31-60,Left Back,DF,0.08,0.4308,-0.3508,2,83,24,0.0,0.3301,-0.3301,0.0207,Neutral,1,2
3754181,Premier League 2015/2016,Crystal Palace,45,-1,1,45,2,31-60,Left Center Forward,FW,0.08,0.4308,-0.3508,2,83,24,0.0,0.3301,-0.3301,0.0207,Neutral,1,0
3754181,Premier League 2015/2016,Leicester City,75,1,0,15,1,61-75,Left Center Forward,FW,0.1168,0.1363,-0.0195,1,49,19,0.0426,0.114,-0.0714,-0.0519,Neutral,2,0
3754181,Premier League 2015/2016,Crystal Palace,78,-1,1,12,3,76-90+,Left Center Midfield,MF,0.1421,0.0,0.1421,3,85,14,0.1814,0.0426,0.1388,-0.0033,Neutral,3,1
3754181,Premier League 2015/2016,Leicester City,85,1,0,5,2,76-90+,Right Midfield,MF,0.0426,0.1239,-0.0813,1,32,20,0.0,0.0731,-0.0731,0.0082,Neutral,3,1
3754183,Premier League 2015/2016,Watford,60,-1,0,30,1,31-60,Right Midfield,MF,0.0,0.3513,-0.3513,0,67,32,0.0,0.5018,-0.5018,-0.1505,Negative,1,1
3754183,Premier League 2015/2016,Watford,67,-1,0,23,2,61-75,Right Back,DF,0.0,0.1212,-0.1212,0,90,33,0.0196,0.4711,-0.4515,-0.3303,Negative,2,2
3754183,Premier League 2015/2016,Southampton,70,1,1,20,1,61-75,Center Attacking Midfield,MF,0.4302,0.0,0.4302,4,75,21,0.1621,0.0268,0.1353,-0.2949,Negative,2,1
3754183,Premier League 2015/2016,Watford,71,-1,0,19,3,61-75,Left Center Back,DF,0.0,0.4302,-0.4302,0,70,30,0.0268,0.1621,-0.1353,0.2949,Positive,2,2
3754183,Premier League 2015/2016,Southampton,81,2,1,9,2,76-90+,Right Back,DF,0.5018,0.0196,0.4822,4,67,16,0.0632,0.0072,0.056,-0.4262,Negative,3,2
3754183,Premier League 2015/2016,Southampton,81,2,1,9,3,76-90+,Right Wing,FW,0.5018,0.0196,0.4822,4,67,16,0.0632,0.0072,0.056,-0.4262,Negative,3,0
3754184,Premier League 2015/2016,Arsenal,50,0,1,40,1,31-60,Right Center Back,DF,0.1458,0.3038,-0.158,3,86,33,0.1806,0.0,0.1806,0.3386,Positive,1,2
3754184,Premier League 2015/2016,Arsenal,55,0,1,35,2,31-60,Left Wing,FW,0.0786,0.3038,-0.2252,2,95,35,0.1806,0.0,0.1806,0.4058,Positive,1,0
3754184,Premier League 2015/2016,Norwich City,67,-1,0,23,1,61-75,Center Attacking Midfield,MF,0.0,0.1806,-0.1806,0,33,33,0.1962,0.1833,0.0129,0.1935,Positive,2,1
3754184,Premier League 2015/2016,Norwich City,76,-1,0,14,2,76-90+,Left Midfield,MF,0.0396,0.1226,-0.083,1,48,23,0.2565,0.0929,0.1636,0.2466,Positive,3,1
3754184,Premier League 2015/2016,Arsenal,83,1,1,7,3,76-90+,Left Wing,FW,0.1833,0.1962,-0.0129,3,101,26,0.0,0.0998,-0.0998,-0.0869,Neutral,3,0
3754187,Premier League 2015/2016,Stoke City,45,-1,1,45,1,31-60,Right Wing,FW,0.0186,0.7875,-0.7689,1,66,24,0.055,0.1746,-0.1196,0.6493,Positive,1,0
3754187,Premier League 2015/2016,Stoke City,75,-3,1,15,2,61-75,Right Defensive Midfield,MF,0.1197,2.0203,-1.9006,3,68,26,0.0227,0.221,-0.1983,1.7023,Positive,2,1
3754187,Premier League 2015/2016,Tottenham Hotspur,83,4,0,7,1,76-90+,Center Attacking Midfield,MF,1.736,0.0494,1.6866,4,65,23,0.1506,0.1898,-0.0392,-1.7258,Negative,3,1
3754187,Premier League 2015/2016,Tottenham Hotspur,85,4,0,5,2,76-90+,Left Defensive Midfield,MF,1.005,0.0494,0.9556,4,60,21,0.1265,0.1898,-0.0633,-1.0189,Negative,3,1
3754191,Premier League 2015/2016,Southampton,45,2,1,45,1,31-60,Right Center Back,DF,0.5643,0.0,0.5643,3,130,20,0.0,0.2059,-0.2059,-0.7702,Negative,1,2
3754191,Premier League 2015/2016,AFC Bournemouth,45,-2,0,45,1,31-60,Center Forward,FW,0.0,0.5643,-0.5643,0,59,31,0.2059,0.0,0.2059,0.7702,Positive,1,0
3754191,Premier League 2015/2016,AFC Bournemouth,45,-2,0,45,2,31-60,Left Midfield,MF,0.0,0.5643,-0.5643,0,59,31,0.2059,0.0,0.2059,0.7702,Positive,1,1
3754191,Premier League 2015/2016,Southampton,70,2,1,20,2,61-75,Left Center Midfield,MF,0.0372,0.1673,-0.1301,1,44,26,0.007,0.2607,-0.2537,-0.1236,Negative,2,1
3754191,Premier League 2015/2016,AFC Bournemouth,72,-2,0,18,3,61-75,Center Attacking Midfield,MF,0.1673,0.0372,0.1301,3,116,26,0.3358,0.007,0.3288,0.1987,Positive,2,1
3754191,Premier League 2015/2016,Southampton,79,2,1,11,3,76-90+,Right Wing,FW,0.007,0.1673,-0.1603,1,38,26,0.0,0.5414,-0.5414,-0.3811,Negative,3,0
3754192,Premier League 2015/2016,West Bromwich Albion,60,-2,1,30,1,31-60,Right Wing,FW,0.0675,0.1228,-0.0553,1,68,35,0.1402,0.0,0.1402,0.1955,Positive,1,0
3754192,Premier League 2015/2016,West Bromwich Albion,60,-2,1,30,2,31-60,Left Defensive Midfield,MF,0.0675,0.1228,-0.0553,1,68,35,0.1402,0.0,0.1402,0.1955,Positive,1,1
3754192,Premier League 2015/2016,West Ham United,65,2,0,25,1,61-75,Right Center Forward,FW,0.0,0.1779,-0.1779,0,81,21,0.1608,0.0298,0.131,0.3089,Positive,2,0
3754192,Premier League 2015/2016,West Bromwich Albion,76,-2,1,14,3,76-90+,Right Wing,FW,0.1402,0.0,0.1402,2,76,28,0.1707,0.1608,0.0099,-0.1303,Negative,3,0
3754192,Premier League 2015/2016,West Ham United,80,3,0,10,2,76-90+,Left Midfield,MF,0.1608,0.0298,0.131,1,70,21,0.0703,0.3622,-0.2919,-0.4229,Negative,3,1
3754195,Premier League 2015/2016,West Bromwich Albion,17,0,1,73,1,0-30,Left Center Back,DF,0.6861,0.0975,0.5886,5,81,18,0.1604,0.0861,0.0743,-0.5143,Negative,0,2
3754195,Premier League 2015/2016,Newcastle United,26,0,0,64,1,0-30,Right Defensive Midfield,MF,0.1836,0.0419,0.1417,3,57,15,0.0,0.2423,-0.2423,-0.384,Negative,0,1
3754195,Premier League 2015/2016,West Bromwich Albion,69,0,1,21,2,61-75,Center Attacking Midfield,MF,0.0,0.3587,-0.3587,0,58,25,0.9125,0.0,0.9125,1.2712,Positive,2,1
3754195,Premier League 2015/2016,Newcastle United,71,0,0,19,2,61-75,Right Center Forward,FW,0.1745,0.0,0.1745,3,72,23,0.0,0.9125,-0.9125,-1.087,Negative,2,0
3754195,Premier League 2015/2016,Newcastle United,84,-1,0,6,3,76-90+,Left Defensive Midfield,MF,0.0,0.9125,-0.9125,0,57,29,0.0,0.1748,-0.1748,0.7377,Positive,3,1
3754196,Premier League 2015/2016,Stoke City,30,-2,1,60,1,0-30,Right Wing,FW,0.0517,0.0466,0.0051,1,86,22,0.0936,0.0211,0.0725,0.0674,Neutral,0,0
3754196,Premier League 2015/2016,Southampton,68,1,0,22,1,61-75,Left Defensive Midfield,MF,0.0914,0.4363,-0.3449,2,68,30,0.125,0.0,0.125,0.4699,Positive,2,1
3754196,Premier League 2015/2016,Southampton,74,1,0,16,2,61-75,Left Midfield,MF,0.1745,0.3242,-0.1497,3,68,28,0.0814,0.0,0.0814,0.2311,Positive,2,1
3754196,Premier League 2015/2016,Stoke City,77,-1,1,13,2,76-90+,Right Defensive Midfield,MF,0.3242,0.1745,0.1497,5,102,18,0.0,0.0814,-0.0814,-0.2311,Negative,3,1
3754196,Premier League 2015/2016,Southampton,79,1,0,11,3,76-90+,Left Back,DF,0.2007,0.3043,-0.1036,4,56,24,0.0551,0.0,0.0551,0.1587,Positive,3,2
3754199,Premier League 2015/2016,West Ham United,60,0,0,30,1,31-60,Left Midfield,MF,0.5106,0.1608,0.3498,2,66,26,0.4067,0.1415,0.2652,-0.0846,Neutral,1,1
3754199,Premier League 2015/2016,West Ham United,66,0,0,24,2,61-75,Center Forward,FW,0.1417,0.3023,-0.1606,3,40,18,1.4182,0.0,1.4182,1.5788,Positive,2,0
3754199,Premier League 2015/2016,Stoke City,73,0,1,17,1,61-75,Center Forward,FW,0.1965,0.3996,-0.2031,3,50,13,0.118,1.1279,-1.0099,-0.8068,Negative,2,0
3754199,Premier League 2015/2016,Stoke City,77,0,1,13,2,76-90+,Center Attacking Midfield,MF,0.0441,1.2011,-1.157,1,50,18,0.118,0.3265,-0.2085,0.9485,Positive,3,1
3754199,Premier League 2015/2016,Stoke City,79,0,1,11,3,76-90+,Right Back,DF,0.0441,1.5276,-1.4835,1,39,15,0.118,0.0,0.118,1.6015,Positive,3,2
3754199,Premier League 2015/2016,West Ham United,85,0,0,5,3,76-90+,Right Back,DF,1.1279,0.0029,1.125,7,69,17,0.0506,0.1151,-0.0645,-1.1895,Negative,3,2
3754200,Premier League 2015/2016,Manchester United,45,0,1,45,1,31-60,Left Defensive Midfield,MF,0.0,0.1453,-0.1453,0,98,28,0.0733,0.0,0.0733,0.2186,Positive,1,1
3754200,Premier League 2015/2016,Manchester United,59,0,1,31,2,31-60,Right Center Back,DF,0.0733,0.0,0.0733,3,95,22,0.0,0.0621,-0.0621,-0.1354,Negative,1,2
3754200,Premier League 2015/2016,Southampton,66,0,0,24,1,61-75,Left Defensive Midfield,MF,0.044,0.0438,0.0002,1,52,27,0.1533,0.0,0.1533,0.1531,Positive,2,1
3754200,Premier League 2015/2016,Southampton,66,0,0,24,2,61-75,Right Wing,FW,0.044,0.0438,0.0002,1,52,27,0.1533,0.0,0.1533,0.1531,Positive,2,0
3754200,Premier League 2015/2016,Southampton,78,0,0,12,3,76-90+,Left Wing,FW,0.0181,0.0,0.0181,1,74,24,0.3484,0.0,0.3484,0.3303,Positive,3,0
3754200,Premier League 2015/2016,Manchester United,85,0,1,5,3,76-90+,Left Wing Back,FW,0.0,0.1352,-0.1352,0,76,25,0.0301,0.2132,-0.1831,-0.0479,Neutral,3,0
3754201,Premier League 2015/2016,Arsenal,61,0,1,29,1,61-75,Right Wing,FW,0.3171,0.2027,0.1144,6,105,21,1.0566,0.0198,1.0368,0.9224,Positive,2,0
3754201,Premier League 2015/2016,Southampton,68,0,0,22,1,61-75,Left Wing,FW,0.2027,0.9132,-0.7105,4,49,29,0.2301,0.3935,-0.1634,0.5471,Positive,2,0
3754201,Premier League 2015/2016,Southampton,81,0,0,9,2,76-90+,Right Wing,FW,0.2301,1.0394,-0.8093,4,27,20,0.0862,0.1641,-0.0779,0.7314,Positive,3,0
3754201,Premier League 2015/2016,Arsenal,84,0,1,6,2,76-90+,Right Defensive Midfield,MF,0.3935,0.2301,0.1634,6,39,23,0.1641,0.0862,0.0779,-0.0855,Neutral,3,1
3754201,Premier League 2015/2016,Southampton,85,0,0,5,3,76-90+,Center Attacking Midfield,MF,0.2301,0.4725,-0.2424,4,32,25,0.0862,0.0442,0.042,0.2844,Positive,3,1
3754202,Premier League 2015/2016,Stoke City,63,0,1,27,1,61-75,Center Attacking Midfield,MF,0.4367,0.0,0.4367,3,66,28,0.0602,0.0474,0.0128,-0.4239,Negative,2,1
3754202,Premier League 2015/2016,Arsenal,71,0,0,19,1,61-75,Left Wing,FW,0.0286,0.2151,-0.1865,1,72,8,0.0557,0.0,0.0557,0.2422,Positive,2,0
3754206,Premier League 2015/2016,Newcastle United,54,0,1,36,1,31-60,Center Forward,FW,0.0,0.094,-0.094,0,63,56,0.0,0.2187,-0.2187,-0.1247,Negative,1,0
3754206,Premier League 2015/2016,Manchester City,67,0,0,23,1,61-75,Left Wing,FW,0.2724,0.0,0.2724,3,89,18,0.0851,0.0,0.0851,-0.1873,Negative,2,0
3754206,Premier League 2015/2016,Manchester City,72,0,0,18,2,61-75,Right Defensive Midfield,MF,0.1824,0.0,0.1824,1,80,32,0.1577,0.0,0.1577,-0.0247,Neutral,2,1
3754206,Premier League 2015/2016,Newcastle United,80,0,1,10,2,76-90+,Right Wing,FW,0.0,0.0851,-0.0851,0,76,43,0.3275,0.0726,0.2549,0.34,Positive,3,0
3754206,Premier League 2015/2016,Manchester City,83,0,0,7,3,76-90+,Right Wing,FW,0.0851,0.0,0.0851,2,101,39,0.0726,0.3275,-0.2549,-0.34,Negative,3,0
3754207,Premier League 2015/2016,Watford,45,-1,0,45,1,31-60,Right Back,DF,0.2618,0.3403,-0.0785,1,58,23,0.7096,0.4456,0.264,0.3425,Positive,1,2
3754207,Premier League 2015/2016,Watford,53,0,0,37,2,31-60,Left Midfield,MF,0.9714,0.2977,0.6737,3,64,27,0.0461,0.4887,-0.4426,-1.1163,Negative,1,1
3754207,Premier League 2015/2016,Norwich City,71,1,1,19,1,61-75,Left Wing,FW,0.4544,0.0461,0.4083,2,94,21,0.1469,0.1065,0.0404,-0.3679,Negative,2,0
3754207,Premier League 2015/2016,Watford,72,-1,0,18,3,61-75,Left Defensive Midfield,MF,0.0461,0.0432,0.0029,1,74,24,0.1065,0.1469,-0.0404,-0.0433,Neutral,2,1
3754207,Premier League 2015/2016,Norwich City,79,1,1,11,2,76-90+,Right Wing,FW,0.1469,0.1065,0.0404,1,75,24,0.079,0.1938,-0.1148,-0.1552,Negative,3,0
3754207,Premier League 2015/2016,Norwich City,80,1,1,10,3,76-90+,Center Attacking Midfield,MF,0.1469,0.1065,0.0404,1,72,25,0.1288,0.1938,-0.065,-0.1054,Negative,3,1
3754209,Premier League 2015/2016,Manchester United,45,0,0,45,1,31-60,Center Forward,FW,0.0,0.0,0.0,0,58,19,0.0436,0.0621,-0.0185,-0.0185,Neutral,1,0
3754209,Premier League 2015/2016,Manchester United,67,0,0,23,2,61-75,Right Back,DF,0.2187,0.0407,0.178,2,83,21,0.0222,1.0035,-0.9813,-1.1593,Negative,2,2
3754209,Premier League 2015/2016,Manchester United,76,-3,0,14,3,76-90+,Right Wing,FW,0.1751,0.6846,-0.5095,1,43,17,0.0222,0.3409,-0.3187,0.1908,Positive,3,0
3754210,Premier League 2015/2016,Manchester United,15,0,0,75,1,0-30,Left Back,DF,0.016,0.2834,-0.2674,1,90,19,0.2304,0.0317,0.1987,0.4661,Positive,0,2
3754210,Premier League 2015/2016,Norwich City,62,0,1,28,1,61-75,Left Wing,FW,0.0,0.1246,-0.1246,0,34,56,0.3174,0.4372,-0.1198,0.0048,Neutral,2,0
3754210,Premier League 2015/2016,Manchester United,76,1,0,14,2,76-90+,Left Center Midfield,MF,0.4662,0.3174,0.1488,3,80,14,0.1779,0.0709,0.107,-0.0418,Neutral,3,1
3754210,Premier League 2015/2016,Norwich City,77,-1,1,13,2,76-90+,Right Center Forward,FW,0.3174,0.4372,-0.1198,4,34,30,0.0709,0.1779,-0.107,0.0128,Neutral,3,0
3754210,Premier League 2015/2016,Norwich City,78,-1,1,12,3,76-90+,Left Defensive Midfield,MF,0.3174,0.4372,-0.1198,4,34,30,0.0709,0.2088,-0.1379,-0.0181,Neutral,3,1
3754214,Premier League 2015/2016,Aston Villa,57,-2,1,33,1,31-60,Center Forward,FW,0.0114,0.1165,-0.1051,1,33,21,0.0,1.7206,-1.7206,-1.6155,Negative,1,0
3754214,Premier League 2015/2016,Liverpool,61,3,0,29,1,61-75,Right Center Forward,FW,0.1144,0.0114,0.103,2,97,28,1.6431,0.0,1.6431,1.5401,Positive,2,0
3754214,Premier League 2015/2016,Liverpool,65,5,0,25,2,61-75,Left Midfield,MF,1.6771,0.0,1.6771,5,75,33,0.0804,0.0393,0.0411,-1.636,Negative,2,1
3754214,Premier League 2015/2016,Aston Villa,65,-5,1,25,2,61-75,Right Midfield,MF,0.0,1.6771,-1.6771,0,59,24,0.0393,0.0804,-0.0411,1.636,Positive,2,1
3754214,Premier League 2015/2016,Liverpool,73,6,0,17,3,61-75,Left Center Forward,FW,1.6431,0.0,1.6431,4,70,21,0.0,0.1145,-0.1145,-1.7576,Negative,2,0
3754214,Premier League 2015/2016,Aston Villa,85,-6,1,5,3,76-90+,Right Back,DF,0.1145,0.0804,0.0341,2,66,15,0.0684,0.0,0.0684,0.0343,Neutral,3,2
3754215,Premier League 2015/2016,West Bromwich Albion,43,0,1,47,1,31-60,Right Midfield,MF,0.226,0.0,0.226,2,74,23,0.1388,0.4621,-0.3233,-0.5493,Negative,1,1
3754215,Premier League 2015/2016,Tottenham Hotspur,64,0,0,26,1,61-75,Right Wing,FW,0.4905,0.1474,0.3431,6,91,20,0.0,0.4143,-0.4143,-0.7574,Negative,2,0
3754215,Premier League 2015/2016,Tottenham Hotspur,78,0,0,12,2,76-90+,Center Attacking Midfield,MF,0.0323,0.4228,-0.3905,1,106,16,0.0,0.0874,-0.0874,0.3031,Positive,3,1
3754216,Premier League 2015/2016,AFC Bournemouth,45,-1,1,45,1,31-60,Left Center Midfield,MF,0.0697,0.7667,-0.697,3,91,20,0.0,0.459,-0.459,0.238,Positive,1,1
3754216,Premier League 2015/2016,AFC Bournemouth,58,-2,1,32,2,31-60,Left Midfield,MF,0.0,0.4527,-0.4527,0,71,27,0.3669,0.0301,0.3368,0.7895,Positive,1,1
3754216,Premier League 2015/2016,Liverpool,66,2,0,24,1,61-75,Right Center Back,DF,0.248,0.1764,0.0716,3,82,27,0.0041,0.3193,-0.3152,-0.3868,Negative,2,2
3754216,Premier League 2015/2016,Liverpool,74,2,0,16,2,61-75,Center Attacking Midfield,MF,0.0,0.3669,-0.3669,0,93,36,0.195,0.3269,-0.1319,0.235,Positive,2,1
3754216,Premier League 2015/2016,AFC Bournemouth,77,-2,1,13,3,76-90+,Right Midfield,MF,0.3669,0.0041,0.3628,4,90,21,0.3269,0.1978,0.1291,-0.2337,Negative,3,1
3754216,Premier League 2015/2016,Liverpool,77,2,0,13,3,76-90+,Left Midfield,MF,0.0041,0.3669,-0.3628,1,85,28,0.1978,0.3269,-0.1291,0.2337,Positive,3,1
3754220,Premier League 2015/2016,Liverpool,60,-1,0,30,1,31-60,Right Back,DF,0.18,0.232,-0.052,4,99,20,0.3856,0.021,0.3646,0.4166,Positive,1,2
3754220,Premier League 2015/2016,Crystal Palace,68,1,1,22,1,61-75,Right Defensive Midfield,MF,0.021,0.1273,-0.1063,1,67,50,0.0732,0.4279,-0.3547,-0.2484,Negative,2,1
3754220,Premier League 2015/2016,Liverpool,79,0,0,11,2,76-90+,Center Forward,FW,0.3587,0.0638,0.2949,3,101,13,0.223,0.0305,0.1925,-0.1024,Negative,3,0
3754220,Premier League 2015/2016,Crystal Palace,80,0,1,10,2,76-90+,Center Forward,FW,0.0638,0.4279,-0.3641,2,50,27,0.0305,0.1235,-0.093,0.2711,Positive,3,0
3754220,Premier League 2015/2016,Crystal Palace,80,0,1,10,3,76-90+,Left Defensive Midfield,MF,0.0638,0.4279,-0.3641,2,50,27,0.0305,0.1235,-0.093,0.2711,Positive,3,1
3754224,Premier League 2015/2016,Swansea City,45,0,1,45,1,31-60,Left Defensive Midfield,MF,0.1891,0.2642,-0.0751,3,90,30,0.2362,0.0,0.2362,0.3113,Positive,1,1
3754224,Premier League 2015/2016,Aston Villa,60,-1,0,30,1,31-60,Center Attacking Midfield,MF,0.0,0.2362,-0.2362,0,74,38,0.1292,0.0,0.1292,0.3654,Positive,1,1
3754224,Premier League 2015/2016,Aston Villa,73,-1,0,17,2,61-75,Right Wing,FW,0.0772,0.0768,0.0004,1,54,35,0.0521,0.0,0.0521,0.0517,Neutral,2,0
3754224,Premier League 2015/2016,Swansea City,77,1,1,13,2,76-90+,Right Wing,FW,0.0,0.1292,-0.1292,0,53,21,0.0,0.1067,-0.1067,0.0225,Neutral,3,0
3754224,Premier League 2015/2016,Swansea City,85,1,1,5,3,76-90+,Left Back,DF,0.0,0.1292,-0.1292,0,86,23,0.0377,0.1067,-0.069,0.0602,Neutral,3,2
3754225,Premier League 2015/2016,AFC Bournemouth,59,-1,1,31,1,31-60,Right Center Forward,FW,0.1401,0.0,0.1401,3,128,36,0.1016,0.1043,-0.0027,-0.1428,Negative,1,0
3754225,Premier League 2015/2016,AFC Bournemouth,60,-1,1,30,2,31-60,Left Midfield,MF,0.1401,0.0266,0.1135,3,126,27,0.1016,0.0778,0.0238,-0.0897,Neutral,1,1
3754225,Premier League 2015/2016,AFC Bournemouth,73,-1,1,17,3,61-75,Right Midfield,MF,0.1016,0.1043,-0.0027,2,82,22,0.6572,0.1494,0.5078,0.5105,Positive,2,1
3754225,Premier League 2015/2016,West Bromwich Albion,73,1,0,17,1,61-75,Center Attacking Midfield,MF,0.1043,0.1016,0.0027,3,43,32,0.1494,0.6572,-0.5078,-0.5105,Negative,2,1
3754225,Premier League 2015/2016,West Bromwich Albion,85,0,0,5,2,76-90+,Right Wing,FW,0.149,0.6572,-0.5082,2,53,36,0.0969,0.0053,0.0916,0.5998,Positive,3,0
3754227,Premier League 2015/2016,West Ham United,45,-1,0,45,1,31-60,Center Defensive Midfield,MF,0.1009,0.0,0.1009,2,73,11,0.1918,0.1365,0.0553,-0.0456,Neutral,1,1
3754227,Premier League 2015/2016,Leicester City,53,1,1,37,1,31-60,Left Midfield,MF,0.1365,0.2819,-0.1454,1,52,37,0.0,0.1248,-0.1248,0.0206,Neutral,1,1
3754227,Premier League 2015/2016,Leicester City,58,1,1,32,2,31-60,Right Center Forward,FW,0.1365,0.2927,-0.1562,1,59,33,0.0,0.1423,-0.1423,0.0139,Neutral,1,0
3754227,Premier League 2015/2016,West Ham United,62,-1,0,28,2,61-75,Left Center Midfield,MF,0.2977,0.1365,0.1612,5,78,13,0.0364,0.0,0.0364,-0.1248,Negative,2,1
3754227,Premier League 2015/2016,West Ham United,71,-1,0,19,3,61-75,Right Wing,FW,0.1141,0.0,0.1141,2,94,11,1.042,0.0,1.042,0.9279,Positive,2,0
3754227,Premier League 2015/2016,Leicester City,77,1,1,13,3,76-90+,Right Midfield,MF,0.0,0.0364,-0.0364,0,40,30,0.0468,1.1078,-1.061,-1.0246,Negative,3,1
3754228,Premier League 2015/2016,Swansea City,45,-2,0,45,1,31-60,Left Center Midfield,MF,0.1309,0.0106,0.1203,3,148,38,0.0867,0.581,-0.4943,-0.6146,Negative,1,1
3754228,Premier League 2015/2016,Swansea City,45,-2,0,45,2,31-60,Left Midfield,MF,0.1309,0.0106,0.1203,3,148,38,0.0867,0.581,-0.4943,-0.6146,Negative,1,1
3754228,Premier League 2015/2016,Leicester City,72,3,1,18,1,61-75,Left Center Forward,FW,0.9298,0.0,0.9298,7,54,21,1.0843,0.1747,0.9096,-0.0202,Neutral,2,0
3754228,Premier League 2015/2016,Swansea City,75,-3,0,15,3,61-75,Center Attacking Midfield,MF,0.0,0.3489,-0.3489,0,90,38,0.1747,1.0843,-0.9096,-0.5607,Negative,2,1
3754228,Premier League 2015/2016,Leicester City,78,3,1,12,2,76-90+,Right Center Forward,FW,0.3489,0.1388,0.2101,6,56,18,1.0843,0.0572,1.0271,0.817,Positive,3,0
3754228,Premier League 2015/2016,Leicester City,81,3,1,9,3,76-90+,Left Midfield,MF,0.6311,0.1388,0.4923,7,54,19,0.7415,0.0572,0.6843,0.192,Positive,3,1
3754229,Premier League 2015/2016,Leicester City,45,0,0,45,1,31-60,Left Wing,FW,0.1924,0.3107,-0.1183,2,66,34,0.508,0.0,0.508,0.6263,Positive,1,0
3754229,Premier League 2015/2016,Leicester City,45,0,0,45,2,31-60,Center Attacking Midfield,MF,0.1924,0.3107,-0.1183,2,66,34,0.508,0.0,0.508,0.6263,Positive,1,1
3754229,Premier League 2015/2016,Chelsea,52,0,1,38,1,31-60,Center Forward,FW,0.2126,0.1012,0.1114,4,100,27,1.0826,0.4309,0.6517,0.5403,Positive,1,0
3754229,Premier League 2015/2016,Chelsea,52,0,1,38,2,31-60,Left Wing,FW,0.2126,0.1012,0.1114,4,100,27,1.0826,0.4309,0.6517,0.5403,Positive,1,0
3754229,Premier League 2015/2016,Chelsea,59,0,1,31,3,31-60,Left Center Back,DF,0.0,0.508,-0.508,0,65,38,1.0826,0.2159,0.8667,1.3747,Positive,1,2
3754229,Premier League 2015/2016,Leicester City,79,-1,0,11,3,76-90+,Right Wing,FW,0.2534,0.9065,-0.6531,3,62,38,0.1313,0.048,0.0833,0.7364,Positive,3,0
3754231,Premier League 2015/2016,Leicester City,62,-1,1,28,1,61-75,Left Midfield,MF,0.1474,0.0992,0.0482,2,72,22,0.3982,0.6582,-0.26,-0.3082,Negative,2,1
3754231,Premier League 2015/2016,Leicester City,63,-1,1,27,2,61-75,Right Center Forward,FW,0.1474,0.1606,-0.0132,2,66,23,0.3982,0.5712,-0.173,-0.1598,Negative,2,0
3754231,Premier League 2015/2016,Leicester City,78,-1,1,12,3,76-90+,Left Back,DF,0.3982,0.5712,-0.173,5,97,16,0.3079,0.0,0.3079,0.4809,Positive,3,2
3754231,Premier League 2015/2016,West Bromwich Albion,82,1,0,8,1,76-90+,Left Midfield,MF,0.0394,0.4495,-0.4101,2,41,38,0.0,0.2013,-0.2013,0.2088,Positive,3,1
3754232,Premier League 2015/2016,Watford,69,0,0,21,1,61-75,Right Midfield,MF,0.0,0.38,-0.38,0,38,21,0.3025,0.0726,0.2299,0.6099,Positive,2,1
3754232,Premier League 2015/2016,Manchester United,69,0,1,21,1,61-75,Left Back,DF,0.38,0.0,0.38,7,107,15,0.0726,0.3025,-0.2299,-0.6099,Negative,2,2
3754232,Premier League 2015/2016,Watford,74,0,0,16,2,61-75,Right Center Forward,FW,0.0,0.38,-0.38,0,51,16,0.3025,0.0726,0.2299,0.6099,Positive,2,0
3754232,Premier League 2015/2016,Manchester United,76,0,1,14,2,76-90+,Right Defensive Midfield,MF,0.3275,0.0,0.3275,6,110,18,0.0726,0.3025,-0.2299,-0.5574,Negative,3,1
3754232,Premier League 2015/2016,Watford,85,-1,0,5,3,76-90+,Left Defensive Midfield,MF,0.3025,0.0726,0.2299,2,67,8,0.0,0.0,0.0,-0.2299,Negative,3,1
3754236,Premier League 2015/2016,West Bromwich Albion,43,3,1,47,1,31-60,Left Back,DF,0.1477,0.0315,0.1162,1,57,24,0.1207,0.9262,-0.8055,-0.9217,Negative,1,2
3754236,Premier League 2015/2016,Crystal Palace,45,-3,0,45,1,31-60,Right Center Forward,FW,0.0315,0.1477,-0.1162,1,46,28,0.9262,0.1207,0.8055,0.9217,Positive,1,0
3754236,Premier League 2015/2016,West Bromwich Albion,74,2,1,16,2,61-75,Right Wing,FW,0.0516,0.0196,0.032,1,83,21,0.0,0.291,-0.291,-0.323,Negative,2,0
3754236,Premier League 2015/2016,Crystal Palace,79,-2,0,11,2,76-90+,Right Center Midfield,MF,0.114,0.0516,0.0624,3,57,15,0.2198,0.0,0.2198,0.1574,Positive,3,1
3754236,Premier League 2015/2016,Crystal Palace,80,-1,0,10,3,76-90+,Right Defensive Midfield,MF,0.1607,0.0516,0.1091,4,56,13,0.1731,0.0,0.1731,0.064,Neutral,3,1
3754239,Premier League 2015/2016,Manchester United,55,1,1,35,1,31-60,Left Back,DF,0.0,0.26,-0.26,0,51,48,0.1592,0.4397,-0.2805,-0.0205,Neutral,1,2
3754239,Premier League 2015/2016,Arsenal,62,-1,0,28,1,61-75,Right Wing,FW,0.0781,0.1117,-0.0336,1,112,17,0.4397,0.0474,0.3923,0.4259,Positive,2,0
3754239,Premier League 2015/2016,Arsenal,69,-1,0,21,2,61-75,Right Defensive Midfield,MF,0.4397,0.1592,0.2805,2,87,17,0.0831,0.0,0.0831,-0.1974,Negative,2,1
3754239,Premier League 2015/2016,Manchester United,79,1,1,11,2,76-90+,Center Forward,FW,0.0474,0.4397,-0.3923,1,48,24,0.0,0.1717,-0.1717,0.2206,Positive,3,0
3754239,Premier League 2015/2016,Arsenal,82,-1,0,8,3,76-90+,Center Forward,FW,0.5228,0.0,0.5228,3,79,13,0.0886,0.0,0.0886,-0.4342,Negative,3,0
3754241,Premier League 2015/2016,West Ham United,45,-1,1,45,1,31-60,Right Center Back,DF,0.2047,0.3311,-0.1264,4,62,17,0.5359,0.1906,0.3453,0.4717,Positive,1,2
3754241,Premier League 2015/2016,Arsenal,60,-1,0,30,1,31-60,Left Defensive Midfield,MF,0.1906,0.5359,-0.3453,1,120,18,0.6331,0.0382,0.5949,0.9402,Positive,1,1
3754241,Premier League 2015/2016,Arsenal,67,-1,0,23,2,61-75,Right Defensive Midfield,MF,0.0,0.2599,-0.2599,0,122,13,0.6873,0.2328,0.4545,0.7144,Positive,2,1
3754241,Premier League 2015/2016,Arsenal,81,0,0,9,3,76-90+,Left Wing,FW,0.6873,0.2328,0.4545,4,88,16,0.0,0.1859,-0.1859,-0.6404,Negative,3,0
3754242,Premier League 2015/2016,AFC Bournemouth,62,-1,1,28,1,61-75,Center Forward,FW,0.0188,0.1178,-0.099,1,47,34,0.0424,0.4024,-0.36,-0.261,Negative,2,0
3754242,Premier League 2015/2016,AFC Bournemouth,62,-1,1,28,2,61-75,Center Attacking Midfield,MF,0.0188,0.1178,-0.099,1,47,34,0.0424,0.4024,-0.36,-0.261,Negative,2,1
3754242,Premier League 2015/2016,AFC Bournemouth,77,-2,1,13,3,76-90+,Right Midfield,MF,0.0424,0.4024,-0.36,1,75,19,0.1075,0.131,-0.0235,0.3365,Positive,3,1
3754242,Premier League 2015/2016,Chelsea,82,2,0,8,1,76-90+,Right Wing,FW,0.4024,0.1075,0.2949,3,57,30,0.131,0.0,0.131,-0.1639,Negative,3,0
3754243,Premier League 2015/2016,Newcastle United,45,0,0,45,1,31-60,Left Defensive Midfield,MF,0.0324,0.6694,-0.637,1,105,22,0.0603,0.3273,-0.267,0.37,Positive,1,1
3754243,Premier League 2015/2016,Newcastle United,61,-1,0,29,2,61-75,Left Back,DF,0.0603,0.3273,-0.267,2,97,26,0.1823,0.2474,-0.0651,0.2019,Positive,2,2
3754243,Premier League 2015/2016,Norwich City,74,1,1,16,1,61-75,Right Midfield,MF,0.2474,0.1823,0.0651,3,55,14,0.0976,1.0992,-1.0016,-1.0667,Negative,2,1
3754243,Premier League 2015/2016,Norwich City,80,1,1,10,2,76-90+,Center Attacking Midfield,MF,0.2904,0.3852,-0.0948,4,62,19,0.1292,1.4949,-1.3657,-1.2709,Negative,3,1
3754243,Premier League 2015/2016,Norwich City,84,1,1,6,3,76-90+,Center Forward,FW,0.2021,0.3077,-0.1056,3,65,15,0.1292,1.4949,-1.3657,-1.2601,Negative,3,0
3754244,Premier League 2015/2016,West Ham United,61,-1,0,29,1,61-75,Center Forward,FW,0.0,0.098,-0.098,0,72,22,0.8229,0.4999,0.323,0.421,Positive,2,0
3754244,Premier League 2015/2016,West Ham United,61,-1,0,29,2,61-75,Center Defensive Midfield,MF,0.0,0.098,-0.098,0,72,22,0.8229,0.4999,0.323,0.421,Positive,2,1
3754244,Premier League 2015/2016,West Ham United,69,-2,0,21,3,61-75,Right Wing,FW,0.1238,0.4999,-0.3761,1,58,18,0.7513,0.0608,0.6905,1.0666,Positive,2,0
3754244,Premier League 2015/2016,Norwich City,75,1,1,15,1,61-75,Left Midfield,MF,0.4999,0.7399,-0.24,2,56,41,0.0608,0.7706,-0.7098,-0.4698,Negative,2,1
3754244,Premier League 2015/2016,Norwich City,83,0,1,7,2,76-90+,Center Forward,FW,0.0608,0.8229,-0.7621,1,53,35,0.327,0.7223,-0.3953,0.3668,Positive,3,0
3754244,Premier League 2015/2016,Norwich City,83,0,1,7,3,76-90+,Center Attacking Midfield,MF,0.0608,0.8229,-0.7621,1,53,35,0.327,0.7223,-0.3953,0.3668,Positive,3,1
3754249,Premier League 2015/2016,Manchester City,60,3,1,30,1,31-60,Right Center Forward,FW,1.0582,0.0,1.0582,5,185,29,1.2065,0.0,1.2065,0.1483,Positive,1,0
3754249,Premier League 2015/2016,Manchester City,69,4,1,21,2,61-75,Left Midfield,MF,0.652,0.0,0.652,4,134,38,0.8296,0.0,0.8296,0.1776,Positive,2,1
3754249,Premier League 2015/2016,Aston Villa,69,-4,0,21,1,61-75,Left Center Forward,FW,0.0,0.652,-0.652,0,76,43,0.0,0.8296,-0.8296,-0.1776,Negative,2,0
3754249,Premier League 2015/2016,Aston Villa,73,-4,0,17,2,61-75,Left Center Midfield,MF,0.0,1.4355,-1.4355,0,68,37,0.1481,0.0461,0.102,1.5375,Positive,2,1
3754249,Premier League 2015/2016,Manchester City,79,4,1,11,3,76-90+,Right Defensive Midfield,MF,1.1435,0.0,1.1435,3,115,25,0.0307,0.1481,-0.1174,-1.2609,Negative,3,1
3754249,Premier League 2015/2016,Aston Villa,79,-4,0,11,3,76-90+,Right Center Forward,FW,0.0,1.1435,-1.1435,0,53,40,0.1481,0.0307,0.1174,1.2609,Positive,3,0
3754250,Premier League 2015/2016,Leicester City,58,1,0,32,1,31-60,Right Center Forward,FW,0.0617,0.1949,-0.1332,2,98,38,0.183,0.2849,-0.1019,0.0313,Neutral,1,0
3754250,Premier League 2015/2016,Aston Villa,66,-1,1,24,1,61-75,Right Wing,FW,0.2385,0.0404,0.1981,5,120,12,0.2703,0.2064,0.0639,-0.1342,Negative,2,0
3754250,Premier League 2015/2016,Leicester City,68,1,0,22,2,61-75,Center Attacking Midfield,MF,0.2234,0.3284,-0.105,2,45,30,0.0234,0.0994,-0.076,0.029,Neutral,2,1
3754250,Premier League 2015/2016,Leicester City,84,0,0,6,3,76-90+,Left Midfield,MF,0.0234,0.0994,-0.076,1,56,28,0.1238,0.2021,-0.0783,-0.0023,Neutral,3,1
3754251,Premier League 2015/2016,West Ham United,38,1,1,52,1,31-60,Left Midfield,MF,0.1715,0.7659,-0.5944,1,28,19,0.0548,0.2132,-0.1584,0.436,Positive,1,1
3754251,Premier League 2015/2016,Liverpool,60,-2,0,30,1,31-60,Center Attacking Midfield,MF,0.3279,0.1323,0.1956,6,133,38,0.0286,0.7598,-0.7312,-0.9268,Negative,1,1
3754251,Premier League 2015/2016,Liverpool,60,-2,0,30,2,31-60,Left Back,DF,0.3279,0.1323,0.1956,6,133,38,0.0286,0.7598,-0.7312,-0.9268,Negative,1,2
3754251,Premier League 2015/2016,West Ham United,63,2,1,27,2,61-75,Left Center Forward,FW,0.1323,0.2832,-0.1509,2,54,34,0.7598,0.4303,0.3295,0.4804,Positive,2,0
3754251,Premier League 2015/2016,Liverpool,81,-2,0,9,3,76-90+,Left Center Back,DF,0.5228,0.7598,-0.237,6,87,19,0.1001,0.1809,-0.0808,0.1562,Positive,3,2
3754251,Premier League 2015/2016,West Ham United,85,2,1,5,3,76-90+,Right Midfield,MF,0.1892,0.5151,-0.3259,3,21,25,0.1343,0.1001,0.0342,0.3601,Positive,3,1
3754252,Premier League 2015/2016,Newcastle United,43,-1,0,47,1,31-60,Right Center Back,DF,0.0228,0.349,-0.3262,1,54,19,0.0214,0.4988,-0.4774,-0.1512,Negative,1,2
3754252,Premier League 2015/2016,Newcastle United,45,-1,0,45,2,31-60,Left Back,DF,0.0228,0.349,-0.3262,1,46,18,0.0214,0.4988,-0.4774,-0.1512,Negative,1,2
3754252,Premier League 2015/2016,Everton,45,1,1,45,1,31-60,Center Forward,FW,0.349,0.0228,0.3262,5,83,20,0.4988,0.0214,0.4774,0.1512,Positive,1,0
3754252,Premier League 2015/2016,Newcastle United,54,-1,0,36,3,31-60,Right Defensive Midfield,MF,0.0214,0.6795,-0.6581,1,106,30,0.4552,0.1593,0.2959,0.954,Positive,1,1
3754253,Premier League 2015/2016,AFC Bournemouth,65,-2,1,25,1,61-75,Right Center Midfield,MF,0.1813,0.1268,0.0545,4,93,44,0.0256,0.0101,0.0155,-0.039,Neutral,2,1
3754253,Premier League 2015/2016,AFC Bournemouth,65,-2,1,25,2,61-75,Right Midfield,MF,0.1813,0.1268,0.0545,4,93,44,0.0256,0.0101,0.0155,-0.039,Neutral,2,1
3754253,Premier League 2015/2016,Arsenal,66,2,0,24,1,61-75,Right Wing,FW,0.1268,0.1243,0.0025,2,54,52,0.0101,0.0256,-0.0155,-0.018,Neutral,2,0
3754253,Premier League 2015/2016,AFC Bournemouth,76,-2,1,14,3,76-90+,Center Forward,FW,0.0888,0.0101,0.0787,3,75,43,0.2538,0.1701,0.0837,0.005,Neutral,3,0
3754253,Premier League 2015/2016,Arsenal,81,2,0,9,2,76-90+,Left Wing,FW,0.0101,0.0256,-0.0155,1,93,32,0.1701,0.2538,-0.0837,-0.0682,Neutral,3,0
3754260,Premier League 2015/2016,Manchester City,51,2,1,39,1,31-60,Left Back,DF,0.3877,0.0,0.3877,7,98,37,0.0,0.0881,-0.0881,-0.4758,Negative,1,2
3754260,Premier League 2015/2016,Manchester City,56,2,1,34,2,31-60,Right Center Forward,FW,0.2899,0.0,0.2899,5,102,32,0.6414,0.0881,0.5533,0.2634,Positive,1,0
3754260,Premier League 2015/2016,Crystal Palace,65,-2,0,25,1,61-75,Center Forward,FW,0.0881,0.0,0.0881,2,55,20,0.0126,0.6757,-0.6631,-0.7512,Negative,2,0
3754260,Premier League 2015/2016,Crystal Palace,79,-3,0,11,2,76-90+,Right Center Midfield,MF,0.0126,0.6757,-0.6631,1,107,21,0.0,0.7205,-0.7205,-0.0574,Neutral,3,1
3754260,Premier League 2015/2016,Manchester City,84,4,1,6,3,76-90+,Center Forward,FW,0.7548,0.0126,0.7422,3,70,42,0.0,0.0,0.0,-0.7422,Negative,3,0
3754260,Premier League 2015/2016,Crystal Palace,85,-4,0,5,3,76-90+,Right Midfield,MF,0.0126,0.7548,-0.7422,1,66,21,0.0,0.0,0.0,0.7422,Positive,3,1
3754261,Premier League 2015/2016,Arsenal,45,-1,1,45,1,31-60,Left Center Back,DF,0.0922,0.8452,-0.753,1,111,21,0.3099,0.0,0.3099,1.0629,Positive,1,2
3754261,Premier League 2015/2016,Leicester City,57,1,0,33,1,31-60,Right Midfield,MF,0.7835,0.2364,0.5471,1,56,43,0.0215,0.2314,-0.2099,-0.757,Negative,1,1
3754261,Premier League 2015/2016,Leicester City,60,1,0,30,2,31-60,Right Midfield,MF,0.0,0.3099,-0.3099,0,60,47,0.0215,0.3656,-0.3441,-0.0342,Neutral,1,1
3754261,Premier League 2015/2016,Arsenal,60,-1,1,30,2,31-60,Right Defensive Midfield,MF,0.3099,0.0,0.3099,5,90,20,0.3656,0.0215,0.3441,0.0342,Neutral,1,1
3754261,Premier League 2015/2016,Leicester City,82,0,0,8,3,76-90+,Left Midfield,MF,0.0217,0.5914,-0.5697,1,34,29,0.0,1.3614,-1.3614,-0.7917,Negative,3,1
3754261,Premier League 2015/2016,Arsenal,82,0,1,8,3,76-90+,Right Defensive Midfield,MF,0.5914,0.0217,0.5697,6,142,22,1.3614,0.0,1.3614,0.7917,Positive,3,1
3754262,Premier League 2015/2016,Aston Villa,45,0,1,45,1,31-60,Right Defensive Midfield,MF,0.0,0.1124,-0.1124,0,49,43,0.0316,0.1681,-0.1365,-0.0241,Neutral,1,1
3754262,Premier League 2015/2016,AFC Bournemouth,57,1,0,33,1,31-60,Left Midfield,MF,0.1681,0.0316,0.1365,1,112,35,0.1735,0.0,0.1735,0.037,Neutral,1,1
3754262,Premier League 2015/2016,Aston Villa,70,-1,1,20,2,61-75,Right Midfield,MF,0.0,0.1735,-0.1735,0,50,42,0.2031,0.3631,-0.16,0.0135,Neutral,2,1
3754262,Premier League 2015/2016,Aston Villa,83,-2,1,7,3,76-90+,Left Midfield,MF,0.0943,0.3631,-0.2688,1,47,35,0.1496,0.0,0.1496,0.4184,Positive,3,1
3754264,Premier League 2015/2016,Chelsea,37,3,1,53,1,31-60,Left Center Back,DF,0.572,0.1157,0.4563,4,93,42,0.039,0.2494,-0.2104,-0.6667,Negative,1,2
3754264,Premier League 2015/2016,Newcastle United,45,-3,0,45,1,31-60,Center Attacking Midfield,MF,0.1386,0.3597,-0.2211,2,85,18,0.326,0.3911,-0.0651,0.156,Positive,1,1
3754264,Premier League 2015/2016,Chelsea,59,4,1,31,2,31-60,Center Forward,FW,0.3911,0.349,0.0421,2,80,48,0.0,0.0,0.0,-0.0421,Neutral,1,0
3754264,Premier League 2015/2016,Newcastle United,66,-4,0,24,2,61-75,Right Center Midfield,MF,0.326,0.3521,-0.0261,4,67,30,0.0,0.1315,-0.1315,-0.1054,Negative,2,1
3754264,Premier League 2015/2016,Newcastle United,69,-4,0,21,3,61-75,Center Forward,FW,0.0995,0.3521,-0.2526,2,60,34,0.0,0.5705,-0.5705,-0.3179,Negative,2,0
3754264,Premier League 2015/2016,Chelsea,79,4,1,11,3,76-90+,Center Attacking Midfield,MF,0.1315,0.0,0.1315,3,124,38,0.439,0.0844,0.3546,0.2231,Positive,3,1
3754295,Premier League 2015/2016,Manchester United,66,1,1,24,1,61-75,Left Center Midfield,MF,0.1101,0.0,0.1101,3,103,22,0.0173,0.0,0.0173,-0.0928,Neutral,2,1
3754295,Premier League 2015/2016,Manchester United,75,1,1,15,2,61-75,Center Forward,FW,0.0874,0.0,0.0874,2,73,28,0.0173,0.1987,-0.1814,-0.2688,Negative,2,0
3754295,Premier League 2015/2016,Aston Villa,81,-1,0,9,1,76-90+,Left Wing,FW,0.0,0.0173,-0.0173,0,44,34,0.1987,0.2906,-0.0919,-0.0746,Neutral,3,0
3754271,Premier League 2015/2016,Newcastle United,58,-2,0,32,1,31-60,Left Wing Back,FW,0.0599,1.0908,-1.0309,1,70,35,0.2935,0.2856,0.0079,1.0388,Positive,1,0
3754271,Premier League 2015/2016,Newcastle United,58,-2,0,32,2,31-60,Left Defensive Midfield,MF,0.0599,1.0908,-1.0309,1,70,35,0.2935,0.2856,0.0079,1.0388,Positive,1,1
3754271,Premier League 2015/2016,Watford,76,1,1,14,1,76-90+,Center Attacking Midfield,MF,0.2856,0.212,0.0736,1,58,24,0.233,0.0391,0.1939,0.1203,Positive,3,1
3754272,Premier League 2015/2016,Swansea City,60,-2,0,30,1,31-60,Center Defensive Midfield,MF,0.061,0.1924,-0.1314,2,110,35,0.0351,0.0,0.0351,0.1665,Positive,1,1
3754272,Premier League 2015/2016,Swansea City,70,-1,0,20,2,61-75,Right Center Forward,FW,0.0961,0.0386,0.0575,3,116,25,0.1007,0.1391,-0.0384,-0.0959,Neutral,2,0
3754272,Premier League 2015/2016,Stoke City,73,1,1,17,1,61-75,Center Attacking Midfield,MF,0.0,0.0695,-0.0695,0,74,44,0.1391,0.1007,0.0384,0.1079,Positive,2,1
3754272,Premier League 2015/2016,Stoke City,80,0,1,10,2,76-90+,Right Defensive Midfield,MF,0.0,0.1358,-0.1358,0,47,46,0.2007,0.058,0.1427,0.2785,Positive,3,1
3754272,Premier League 2015/2016,Swansea City,81,0,0,9,3,76-90+,Left Back,DF,0.1358,0.0,0.1358,3,108,11,0.058,0.2007,-0.1427,-0.2785,Negative,3,2
3754274,Premier League 2015/2016,AFC Bournemouth,45,-1,1,45,1,31-60,Right Center Midfield,MF,0.0,0.1639,-0.1639,0,88,30,0.4143,0.2604,0.1539,0.3178,Positive,1,1
3754274,Premier League 2015/2016,AFC Bournemouth,45,-1,1,45,2,31-60,Left Midfield,MF,0.0,0.1639,-0.1639,0,88,30,0.4143,0.2604,0.1539,0.3178,Positive,1,1
3754274,Premier League 2015/2016,Stoke City,45,1,0,45,1,31-60,Left Center Back,DF,0.1639,0.0,0.1639,3,89,14,0.2604,0.4143,-0.1539,-0.3178,Negative,1,2
3754274,Premier League 2015/2016,Stoke City,52,2,0,38,2,31-60,Right Back,DF,0.1401,0.3519,-0.2118,2,62,15,0.1203,0.6796,-0.5593,-0.3475,Negative,1,2
3754274,Premier League 2015/2016,AFC Bournemouth,74,-2,1,16,3,61-75,Left Midfield,MF,0.7072,0.0,0.7072,4,92,18,0.0132,0.0,0.0132,-0.694,Negative,2,1
3754274,Premier League 2015/2016,Stoke City,85,2,0,5,3,76-90+,Center Attacking Midfield,MF,0.0,0.1032,-0.1032,0,21,24,0.1655,0.0425,0.123,0.2262,Positive,3,1
3754275,Premier League 2015/2016,Liverpool,65,-1,0,25,1,61-75,Right Wing,FW,0.0719,0.0641,0.0078,2,116,23,0.1013,0.467,-0.3657,-0.3735,Negative,2,0
3754275,Premier League 2015/2016,Liverpool,74,-2,0,16,2,61-75,Left Center Midfield,MF,0.0778,0.482,-0.4042,2,106,16,0.0494,0.0299,0.0195,0.4237,Positive,2,1
3754275,Premier League 2015/2016,Leicester City,78,2,1,12,1,76-90+,Left Midfield,MF,0.467,0.1013,0.3657,2,46,29,0.0299,0.026,0.0039,-0.3618,Negative,3,1
3754277,Premier League 2015/2016,Everton,45,1,1,45,1,31-60,Right Back,DF,0.0483,0.2631,-0.2148,1,61,23,0.2726,0.1804,0.0922,0.307,Positive,1,2
3754277,Premier League 2015/2016,West Ham United,45,-1,0,45,1,31-60,Center Back,DF,0.2631,0.0483,0.2148,2,75,24,0.1804,0.2726,-0.0922,-0.307,Negative,1,2
3754277,Premier League 2015/2016,West Ham United,60,-2,0,30,2,31-60,Right Center Forward,FW,0.1804,0.2726,-0.0922,2,110,18,0.0577,1.0156,-0.9579,-0.8657,Negative,1,0
3754277,Premier League 2015/2016,West Ham United,60,-2,0,30,3,31-60,Center Defensive Midfield,MF,0.1804,0.2726,-0.0922,2,110,18,0.0577,1.0156,-0.9579,-0.8657,Negative,1,1
3754277,Premier League 2015/2016,Everton,75,2,1,15,2,61-75,Left Midfield,MF,1.0156,0.0577,0.9579,2,33,18,0.0617,0.7799,-0.7182,-1.6761,Negative,2,1
3754280,Premier League 2015/2016,Norwich City,35,-1,1,55,1,31-60,Right Center Midfield,MF,0.0,0.1231,-0.1231,0,90,14,0.1146,0.4501,-0.3355,-0.2124,Negative,1,1
3754280,Premier League 2015/2016,Chelsea,58,2,0,32,1,31-60,Right Wing,FW,0.4195,0.4308,-0.0113,3,97,14,0.0,0.2178,-0.2178,-0.2065,Negative,1,0
3754280,Premier League 2015/2016,Chelsea,59,2,0,31,2,31-60,Center Attacking Midfield,MF,0.4195,0.4308,-0.0113,3,90,11,0.0,0.3899,-0.3899,-0.3786,Negative,1,1
3754280,Premier League 2015/2016,Norwich City,59,-2,1,31,2,31-60,Right Center Back,DF,0.4308,0.4195,0.0113,3,93,19,0.3899,0.0,0.3899,0.3786,Positive,1,2
3754280,Premier League 2015/2016,Chelsea,68,1,0,22,3,61-75,Left Back,DF,0.0555,0.2256,-0.1701,2,58,7,0.0,0.1961,-0.1961,-0.026,Neutral,2,2
3754281,Premier League 2015/2016,Chelsea,54,0,1,36,1,31-60,Left Wing,FW,0.3384,0.5105,-0.1721,3,58,30,0.1192,0.0917,0.0275,0.1996,Positive,1,0
3754281,Premier League 2015/2016,Chelsea,58,0,1,32,2,31-60,Right Center Back,DF,0.3384,0.3921,-0.0537,3,52,22,0.258,0.0917,0.1663,0.22,Positive,1,2
3754281,Premier League 2015/2016,Chelsea,66,-1,1,24,3,61-75,Left Defensive Midfield,MF,0.0,0.1472,-0.1472,0,43,16,0.258,0.0602,0.1978,0.345,Positive,2,1
3754281,Premier League 2015/2016,Manchester United,78,1,0,12,1,76-90+,Right Center Midfield,MF,0.0709,0.258,-0.1871,2,61,27,0.0,0.7371,-0.7371,-0.55,Negative,3,1
3754281,Premier League 2015/2016,Manchester United,85,1,0,5,2,76-90+,Right Wing,FW,0.0602,0.1387,-0.0785,1,45,35,0.0127,0.8908,-0.8781,-0.7996,Negative,3,0
3754282,Premier League 2015/2016,Aston Villa,45,-2,1,45,1,31-60,Right Center Back,DF,0.5009,0.5428,-0.0419,3,98,26,0.1771,0.7671,-0.59,-0.5481,Negative,1,2
3754282,Premier League 2015/2016,Southampton,45,2,0,45,1,31-60,Left Center Midfield,MF,0.5428,0.5009,0.0419,1,55,37,0.7671,0.1771,0.59,0.5481,Positive,1,1
3754282,Premier League 2015/2016,Aston Villa,58,-1,1,32,2,31-60,Center Forward,FW,0.1428,0.7596,-0.6168,2,52,39,0.148,0.1177,0.0303,0.6471,Positive,1,0
3754282,Premier League 2015/2016,Aston Villa,67,-1,1,23,3,61-75,Left Center Midfield,MF,0.148,0.8093,-0.6613,2,67,34,0.0,0.4253,-0.4253,0.236,Positive,2,1
3754282,Premier League 2015/2016,Southampton,69,1,0,21,2,61-75,Center Attacking Midfield,MF,0.8093,0.148,0.6613,4,100,31,0.4253,0.0139,0.4114,-0.2499,Negative,2,1
3754284,Premier League 2015/2016,West Bromwich Albion,45,-2,0,45,1,31-60,Left Center Midfield,MF,0.0,0.2066,-0.2066,0,41,23,0.0835,0.0521,0.0314,0.238,Positive,1,1
3754284,Premier League 2015/2016,West Bromwich Albion,45,-2,0,45,2,31-60,Left Back,DF,0.0,0.2066,-0.2066,0,41,23,0.0835,0.0521,0.0314,0.238,Positive,1,2
3754284,Premier League 2015/2016,West Bromwich Albion,64,-2,0,26,3,61-75,Left Midfield,MF,0.0667,0.0677,-0.001,1,62,28,0.4559,0.3035,0.1524,0.1534,Positive,2,1
3754284,Premier League 2015/2016,Arsenal,81,2,1,9,1,76-90+,Left Wing,FW,0.3035,0.4559,-0.1524,3,128,19,0.3949,0.0139,0.381,0.5334,Positive,3,0
3754284,Premier League 2015/2016,Arsenal,85,2,1,5,2,76-90+,Right Wing,FW,0.0,0.4698,-0.4698,0,109,15,0.3949,0.0,0.3949,0.8647,Positive,3,0
3754284,Premier League 2015/2016,Arsenal,85,2,1,5,3,76-90+,Left Wing,FW,0.0,0.4698,-0.4698,0,109,15,0.3949,0.0,0.3949,0.8647,Positive,3,0
3754289,Premier League 2015/2016,Leicester City,45,0,0,45,1,31-60,Left Center Forward,FW,0.1123,0.0438,0.0685,2,47,16,0.3059,0.0765,0.2294,0.1609,Positive,1,0
3754289,Premier League 2015/2016,Leicester City,45,0,0,45,2,31-60,Left Midfield,MF,0.1123,0.0438,0.0685,2,47,16,0.3059,0.0765,0.2294,0.1609,Positive,1,1
3754289,Premier League 2015/2016,Watford,64,-1,1,26,1,61-75,Right Defensive Midfield,MF,0.0778,0.3059,-0.2281,2,50,14,0.0,0.3154,-0.3154,-0.0873,Neutral,2,1
3754289,Premier League 2015/2016,Watford,81,-1,1,9,2,76-90+,Right Back,DF,0.3873,0.3154,0.0719,1,72,13,0.05,0.0931,-0.0431,-0.115,Negative,3,2
3754289,Premier League 2015/2016,Leicester City,84,1,0,6,3,76-90+,Right Midfield,MF,0.2495,0.4248,-0.1753,2,45,18,0.0931,0.0124,0.0807,0.256,Positive,3,1
3754290,Premier League 2015/2016,Manchester City,51,-2,1,39,1,31-60,Right Center Midfield,MF,0.1373,0.3169,-0.1796,4,121,15,0.3789,0.05,0.3289,0.5085,Positive,1,1
3754290,Premier League 2015/2016,Manchester City,51,-2,1,39,2,31-60,Left Midfield,MF,0.1373,0.3169,-0.1796,4,121,15,0.3789,0.05,0.3289,0.5085,Positive,1,1
3754290,Premier League 2015/2016,Manchester City,76,-3,1,14,3,76-90+,Right Midfield,MF,0.1461,0.3033,-0.1572,3,83,23,0.1481,0.1665,-0.0184,0.1388,Positive,3,1
3754290,Premier League 2015/2016,Leicester City,76,3,0,14,1,76-90+,Right Midfield,MF,0.3033,0.1461,0.1572,2,54,24,0.1665,0.1481,0.0184,-0.1388,Negative,3,1
3754290,Premier League 2015/2016,Leicester City,80,3,0,10,2,76-90+,Right Center Forward,FW,0.3033,0.1461,0.1572,2,78,24,0.1665,0.2399,-0.0734,-0.2306,Negative,3,0
3754290,Premier League 2015/2016,Leicester City,85,3,0,5,3,76-90+,Right Midfield,MF,0.2376,0.1011,0.1365,3,82,23,0.0,0.2399,-0.2399,-0.3764,Negative,3,1
3754292,Premier League 2015/2016,West Bromwich Albion,45,-1,0,45,1,31-60,Left Defensive Midfield,MF,0.1195,0.1746,-0.0551,2,39,23,0.0431,0.348,-0.3049,-0.2498,Negative,1,1
3754292,Premier League 2015/2016,West Bromwich Albion,45,-1,0,45,2,31-60,Right Wing,FW,0.1195,0.1746,-0.0551,2,39,23,0.0431,0.348,-0.3049,-0.2498,Negative,1,0
3754292,Premier League 2015/2016,West Bromwich Albion,73,-1,0,17,3,61-75,Center Forward,FW,0.1919,0.4921,-0.3002,1,41,32,0.0617,0.2076,-0.1459,0.1543,Positive,2,0
3754294,Premier League 2015/2016,Everton,45,-1,0,45,1,31-60,Left Defensive Midfield,MF,0.0275,0.3536,-0.3261,1,64,25,0.0,0.3942,-0.3942,-0.0681,Neutral,1,1
3754294,Premier League 2015/2016,Liverpool,53,2,1,37,1,31-60,Center Forward,FW,0.6134,0.0,0.6134,4,78,24,0.6734,0.0,0.6734,0.06,Neutral,1,0
3754294,Premier League 2015/2016,Everton,56,-2,0,34,2,31-60,Center Attacking Midfield,MF,0.0,0.5649,-0.5649,0,51,13,0.0,0.7722,-0.7722,-0.2073,Negative,1,1
3754294,Premier League 2015/2016,Everton,61,-3,0,29,3,61-75,Right Center Back,DF,0.0,0.9412,-0.9412,0,42,23,0.0,0.8506,-0.8506,0.0906,Neutral,2,2
3754294,Premier League 2015/2016,Liverpool,65,3,1,25,2,61-75,Center Attacking Midfield,MF,0.6734,0.0,0.6734,3,65,14,0.7903,0.0,0.7903,0.1169,Positive,2,1
3754294,Premier League 2015/2016,Liverpool,80,4,1,10,3,76-90+,Right Defensive Midfield,MF,0.7903,0.0,0.7903,10,141,17,0.4046,0.0,0.4046,-0.3857,Negative,3,1
3754248,Premier League 2015/2016,AFC Bournemouth,45,0,1,45,1,31-60,Right Center Midfield,MF,0.3388,0.0981,0.2407,3,105,10,0.1734,0.0917,0.0817,-0.159,Negative,1,1
3754248,Premier League 2015/2016,Crystal Palace,45,0,0,45,1,31-60,Left Center Forward,FW,0.0981,0.3388,-0.2407,1,47,39,0.0917,0.1734,-0.0817,0.159,Positive,1,0
3754248,Premier League 2015/2016,Crystal Palace,66,0,0,24,2,61-75,Right Center Forward,FW,0.1813,0.1236,0.0577,3,85,24,0.0,0.1156,-0.1156,-0.1733,Negative,2,0
3754248,Premier League 2015/2016,AFC Bournemouth,70,0,1,20,2,61-75,Center Forward,FW,0.0285,0.1813,-0.1528,2,62,26,0.1156,0.0,0.1156,0.2684,Positive,2,0
3754248,Premier League 2015/2016,Crystal Palace,73,0,0,17,3,61-75,Right Center Midfield,MF,0.1813,0.0285,0.1528,3,64,20,0.0,0.1156,-0.1156,-0.2684,Negative,2,1
3754299,Premier League 2015/2016,Manchester United,45,0,1,45,1,31-60,Left Back,DF,0.089,0.0,0.089,3,109,22,0.4718,0.3315,0.1403,0.0513,Neutral,1,2
3754299,Premier League 2015/2016,Manchester United,57,1,1,33,2,31-60,Center Defensive Midfield,MF,0.4718,0.3315,0.1403,1,80,29,0.0,0.0249,-0.0249,-0.1652,Negative,1,1
3754299,Premier League 2015/2016,Everton,62,-1,0,28,1,61-75,Right Midfield,MF,0.3315,0.4718,-0.1403,3,55,19,0.0249,0.0,0.0249,0.1652,Positive,2,1
3754299,Premier League 2015/2016,Manchester United,81,1,1,9,3,76-90+,Left Center Back,DF,0.0,0.0249,-0.0249,0,81,34,0.0897,0.181,-0.0913,-0.0664,Neutral,3,2
3754303,Premier League 2015/2016,Crystal Palace,45,-1,0,45,1,31-60,Left Wing,FW,0.1405,0.3063,-0.1658,3,78,33,0.49,0.1106,0.3794,0.5452,Positive,1,0
3754303,Premier League 2015/2016,Swansea City,60,0,1,30,1,31-60,Left Center Forward,FW,0.1106,0.49,-0.3794,2,67,32,0.7611,0.0,0.7611,1.1405,Positive,1,0
3754303,Premier League 2015/2016,Crystal Palace,71,0,0,19,2,61-75,Right Defensive Midfield,MF,0.0,0.8158,-0.8158,0,45,36,0.1164,0.2749,-0.1585,0.6573,Positive,2,1
3754303,Premier League 2015/2016,Crystal Palace,85,0,0,5,3,76-90+,Center Forward,FW,0.1164,0.2749,-0.1585,2,47,34,0.0,0.1205,-0.1205,0.038,Neutral,3,0
3754305,Premier League 2015/2016,Liverpool,65,-1,1,25,1,61-75,Left Center Midfield,MF,0.0441,0.3746,-0.3305,2,85,38,0.31,0.0,0.31,0.6405,Positive,2,1
3754305,Premier League 2015/2016,Arsenal,74,1,0,16,1,61-75,Right Wing,FW,0.0429,0.2326,-0.1897,1,66,30,0.0,0.16,-0.16,0.0297,Neutral,2,0
3754305,Premier League 2015/2016,Arsenal,75,1,0,15,2,61-75,Left Wing,FW,0.0429,0.2145,-0.1716,1,63,30,0.0,0.2805,-0.2805,-0.1089,Negative,2,0
3754305,Premier League 2015/2016,Liverpool,81,-1,1,9,2,76-90+,Left Defensive Midfield,MF,0.2801,0.0,0.2801,8,105,17,0.1734,0.0,0.1734,-0.1067,Negative,3,1
3754306,Premier League 2015/2016,Norwich City,54,-2,0,36,1,31-60,Left Midfield,MF,0.0,0.1432,-0.1432,0,92,21,0.1967,0.1034,0.0933,0.2365,Positive,1,1
3754306,Premier League 2015/2016,Norwich City,55,-2,0,35,2,31-60,Left Center Midfield,MF,0.0,0.1432,-0.1432,0,91,22,0.1967,0.2579,-0.0612,0.082,Neutral,1,1
3754306,Premier League 2015/2016,Norwich City,79,-2,0,11,3,76-90+,Left Midfield,MF,0.0225,0.1546,-0.1321,1,84,27,0.7424,0.0,0.7424,0.8745,Positive,3,1
3754307,Premier League 2015/2016,Stoke City,45,-2,0,45,1,31-60,Goalkeeper,GK,0.0545,0.9169,-0.8624,2,86,21,0.4775,0.1724,0.3051,1.1675,Positive,1,3
3754307,Premier League 2015/2016,Manchester City,56,2,1,34,1,31-60,Left Midfield,MF,0.8144,0.3847,0.4297,3,68,15,0.9984,0.1392,0.8592,0.4295,Positive,1,1
3754307,Premier League 2015/2016,Manchester City,64,3,1,26,2,61-75,Left Center Forward,FW,0.9883,0.1969,0.7914,4,68,21,0.9651,0.0099,0.9552,0.1638,Positive,2,0
3754307,Premier League 2015/2016,Manchester City,71,3,1,19,3,61-75,Right Defensive Midfield,MF,0.9984,0.1392,0.8592,4,79,21,0.9296,0.0365,0.8931,0.0339,Neutral,2,1
3754307,Premier League 2015/2016,Stoke City,74,-4,0,16,2,61-75,Left Wing,FW,0.0099,1.7864,-1.7765,1,73,33,0.0817,0.0,0.0817,1.8582,Positive,2,0
3754308,Premier League 2015/2016,Watford,45,-1,1,45,1,31-60,Right Back,DF,0.2013,0.5884,-0.3871,3,62,19,0.272,0.3312,-0.0592,0.3279,Positive,1,2
3754308,Premier League 2015/2016,Sunderland,51,1,0,39,1,31-60,Left Midfield,MF,0.9196,0.0799,0.8397,5,61,17,0.0,0.9756,-0.9756,-1.8153,Negative,1,1
3754308,Premier League 2015/2016,Sunderland,61,0,0,29,2,61-75,Center Defensive Midfield,MF,0.3312,1.0555,-0.7243,1,27,15,0.0,0.0,0.0,0.7243,Positive,2,1
3754308,Premier League 2015/2016,Watford,65,0,1,25,2,61-75,Right Midfield,MF,0.9756,0.3312,0.6444,5,58,12,0.0,0.0,0.0,-0.6444,Negative,2,1
3754308,Premier League 2015/2016,Sunderland,75,0,0,15,3,61-75,Right Back,DF,0.0,0.7835,-0.7835,0,55,18,0.1437,0.1943,-0.0506,0.7329,Positive,2,2
3754308,Premier League 2015/2016,Watford,79,0,1,11,3,76-90+,Left Midfield,MF,0.0,0.0,0.0,0,67,29,0.3475,0.1437,0.2038,0.2038,Positive,3,1
3754310,Premier League 2015/2016,Crystal Palace,59,-1,0,31,1,31-60,Center Attacking Midfield,MF,0.0,0.2719,-0.2719,0,80,21,0.02,0.6481,-0.6281,-0.3562,Negative,1,1
3754310,Premier League 2015/2016,Manchester United,63,1,1,27,1,61-75,Center Forward,FW,0.7421,0.02,0.7221,5,72,32,0.0905,0.0,0.0905,-0.6316,Negative,2,0
3754310,Premier League 2015/2016,Crystal Palace,65,-1,0,25,2,61-75,Right Defensive Midfield,MF,0.02,0.7421,-0.7221,1,46,17,0.0,0.0905,-0.0905,0.6316,Positive,2,1
3754310,Premier League 2015/2016,Manchester United,72,1,1,18,2,61-75,Right Midfield,MF,0.6691,0.02,0.6491,4,115,20,0.0607,0.0406,0.0201,-0.629,Negative,2,1
3754310,Premier League 2015/2016,Crystal Palace,74,-1,0,16,3,61-75,Center Forward,FW,0.02,0.6481,-0.6281,1,32,24,0.0406,0.0607,-0.0201,0.608,Positive,2,0
3754310,Premier League 2015/2016,Manchester United,77,1,1,13,3,76-90+,Left Center Midfield,MF,0.0905,0.02,0.0705,1,129,9,0.0607,0.0406,0.0201,-0.0504,Neutral,3,1
3754313,Premier League 2015/2016,Norwich City,44,0,1,46,1,31-60,Right Wing,FW,0.0861,0.0,0.0861,2,78,19,0.0331,0.0403,-0.0072,-0.0933,Neutral,1,0
3754313,Premier League 2015/2016,Manchester City,57,0,0,33,1,31-60,Left Center Forward,FW,0.0403,0.0331,0.0072,1,102,23,0.1072,0.0,0.1072,0.1,Neutral,1,0
3754313,Premier League 2015/2016,Norwich City,66,0,1,24,2,61-75,Center Attacking Midfield,MF,0.0,0.074,-0.074,0,46,31,0.0,0.2124,-0.2124,-0.1384,Negative,2,1
3754313,Premier League 2015/2016,Norwich City,66,0,1,24,3,61-75,Center Forward,FW,0.0,0.074,-0.074,0,46,31,0.0,0.2124,-0.2124,-0.1384,Negative,2,0
3754313,Premier League 2015/2016,Manchester City,76,0,0,14,2,76-90+,Right Wing,FW,0.2864,0.0,0.2864,4,140,16,0.1034,0.0866,0.0168,-0.2696,Negative,3,0
3754313,Premier League 2015/2016,Manchester City,84,0,0,6,3,76-90+,Right Back,DF,0.2124,0.0,0.2124,3,124,17,0.1034,0.0866,0.0168,-0.1956,Negative,3,2
3754314,Premier League 2015/2016,Arsenal,24,0,0,66,1,0-30,Left Wing,FW,0.1988,0.1113,0.0875,1,59,22,0.0,0.1082,-0.1082,-0.1957,Negative,0,0
3754314,Premier League 2015/2016,Arsenal,58,-1,0,32,2,31-60,Left Wing,FW,0.0214,0.2046,-0.1832,1,81,11,0.6673,0.1078,0.5595,0.7427,Positive,1,0
3754314,Premier League 2015/2016,Manchester City,70,0,1,20,1,61-75,Right Center Forward,FW,0.0,0.6673,-0.6673,0,67,29,0.1726,0.0,0.1726,0.8399,Positive,2,0
3754314,Premier League 2015/2016,Arsenal,75,0,0,15,3,61-75,Right Defensive Midfield,MF,0.6673,0.1726,0.4947,3,68,13,0.0,0.0943,-0.0943,-0.589,Negative,2,1
3754314,Premier League 2015/2016,Manchester City,78,0,1,12,2,76-90+,Right Midfield,MF,0.1726,0.6187,-0.4461,3,50,25,0.0943,0.0,0.0943,0.5404,Positive,3,1
3754314,Premier League 2015/2016,Manchester City,78,0,1,12,3,76-90+,Left Defensive Midfield,MF,0.1726,0.6187,-0.4461,3,50,25,0.0943,0.0,0.0943,0.5404,Positive,3,1
3754316,Premier League 2015/2016,Liverpool,11,0,1,79,1,0-30,Right Center Back,DF,0.0,0.0246,-0.0246,0,116,16,0.1607,0.0,0.1607,0.1853,Positive,0,2
3754316,Premier League 2015/2016,Sunderland,25,0,0,65,1,0-30,Right Midfield,MF,0.0,0.1607,-0.1607,0,29,20,0.0,0.0378,-0.0378,0.1229,Positive,0,1
3754316,Premier League 2015/2016,Liverpool,46,0,1,44,2,31-60,Left Wing,FW,0.3024,0.0,0.3024,3,110,26,0.2453,0.1043,0.141,-0.1614,Negative,1,0
3754316,Premier League 2015/2016,Sunderland,65,-1,0,25,2,61-75,Center Defensive Midfield,MF,0.085,0.3659,-0.2809,1,43,36,0.1456,0.9382,-0.7926,-0.5117,Negative,2,1
3754316,Premier League 2015/2016,Sunderland,74,-2,0,16,3,61-75,Right Back,DF,0.1456,1.0364,-0.8908,1,56,30,0.2148,0.0502,0.1646,1.0554,Positive,2,2
3754317,Premier League 2015/2016,Tottenham Hotspur,45,2,0,45,1,31-60,Left Wing,FW,0.1042,0.0253,0.0789,3,68,41,0.0735,0.7842,-0.7107,-0.7896,Negative,1,0
3754317,Premier League 2015/2016,Tottenham Hotspur,69,2,0,21,2,61-75,Right Wing,FW,0.0105,0.8387,-0.8282,1,76,39,0.1173,0.064,0.0533,0.8815,Positive,2,0
3754317,Premier League 2015/2016,Norwich City,69,-2,1,21,1,61-75,Left Midfield,MF,0.8387,0.0105,0.8282,4,61,29,0.064,0.1173,-0.0533,-0.8815,Negative,2,1
3754317,Premier League 2015/2016,Norwich City,73,-2,1,17,2,61-75,Center Attacking Midfield,MF,0.163,0.0,0.163,3,70,30,0.0624,0.1173,-0.0549,-0.2179,Negative,2,1
3754318,Premier League 2015/2016,Tottenham Hotspur,66,1,1,24,1,61-75,Left Wing,FW,0.5374,0.0303,0.5071,7,61,30,0.1968,0.1226,0.0742,-0.4329,Negative,2,0
3754318,Premier League 2015/2016,Arsenal,74,-1,0,16,1,61-75,Left Defensive Midfield,MF,0.0362,0.4535,-0.4173,2,39,18,0.1523,0.1404,0.0119,0.4292,Positive,2,1
3754318,Premier League 2015/2016,Tottenham Hotspur,77,0,1,13,2,76-90+,Left Back,DF,0.1817,0.1529,0.0288,4,55,33,0.1404,0.0357,0.1047,0.0759,Neutral,3,2
3754318,Premier League 2015/2016,Tottenham Hotspur,81,0,1,9,3,76-90+,Right Defensive Midfield,MF,0.1968,0.1226,0.0742,4,62,33,0.1287,0.1522,-0.0235,-0.0977,Neutral,3,1
3754318,Premier League 2015/2016,Arsenal,83,0,0,7,2,76-90+,Center Forward,FW,0.1226,0.2263,-0.1037,3,71,20,0.1522,0.0992,0.053,0.1567,Positive,3,0
3754319,Premier League 2015/2016,Manchester United,45,0,1,45,1,31-60,Right Center Back,DF,0.3688,0.0958,0.273,4,62,37,0.4205,0.0,0.4205,0.1475,Positive,1,2
3754319,Premier League 2015/2016,Swansea City,61,-1,0,29,1,61-75,Center Defensive Midfield,MF,0.0,0.3269,-0.3269,0,60,45,0.2878,0.1479,0.1399,0.4668,Positive,2,1
3754319,Premier League 2015/2016,Manchester United,77,1,1,13,2,76-90+,Right Back,DF,0.3743,0.2878,0.0865,4,90,28,0.0,0.08,-0.08,-0.1665,Negative,3,2
3754319,Premier League 2015/2016,Swansea City,81,-1,0,9,2,76-90+,Left Wing,FW,0.2016,0.3593,-0.1577,3,61,38,0.1394,0.0,0.1394,0.2971,Positive,3,0
3754319,Premier League 2015/2016,Swansea City,81,-1,0,9,3,76-90+,Center Forward,FW,0.2016,0.3593,-0.1577,3,61,38,0.1394,0.0,0.1394,0.2971,Positive,3,0
3754320,Premier League 2015/2016,Southampton,59,2,1,31,1,31-60,Left Center Midfield,MF,1.8096,0.1158,1.6938,3,77,37,0.3969,0.0,0.3969,-1.2969,Negative,1,1
3754320,Premier League 2015/2016,Manchester City,59,-2,0,31,1,31-60,Right Center Midfield,MF,0.1158,1.8096,-1.6938,1,108,48,0.0,0.3969,-0.3969,1.2969,Positive,1,1
3754320,Premier League 2015/2016,Manchester City,63,-2,0,27,2,61-75,Left Center Midfield,MF,0.1158,1.8096,-1.6938,1,114,38,0.1015,0.3969,-0.2954,1.3984,Positive,2,1
3754320,Premier League 2015/2016,Southampton,72,3,1,18,2,61-75,Center Attacking Midfield,MF,0.3969,0.0,0.3969,2,71,26,0.0439,0.1015,-0.0576,-0.4545,Negative,2,1
3754321,Premier League 2015/2016,Aston Villa,57,-2,0,33,1,31-60,Right Wing,FW,0.0454,1.4796,-1.4342,1,104,31,0.0,0.8706,-0.8706,0.5636,Positive,1,0
3754321,Premier League 2015/2016,Stoke City,69,2,1,21,1,61-75,Center Attacking Midfield,MF,1.4821,0.0,1.4821,3,118,28,0.0284,0.0663,-0.0379,-1.52,Negative,2,1
3754321,Premier League 2015/2016,Stoke City,69,2,1,21,2,61-75,Center Forward,FW,1.4821,0.0,1.4821,3,118,28,0.0284,0.0663,-0.0379,-1.52,Negative,2,0
3754321,Premier League 2015/2016,Aston Villa,76,-2,0,14,2,76-90+,Right Center Midfield,MF,0.0,0.8772,-0.8772,0,57,49,0.0984,0.0,0.0984,0.9756,Positive,3,1
3754322,Premier League 2015/2016,Manchester City,66,2,0,24,1,61-75,Right Back,DF,0.535,0.0,0.535,4,106,22,0.7835,0.0636,0.7199,0.1849,Positive,2,2
3754322,Premier League 2015/2016,Chelsea,69,-2,1,21,1,61-75,Left Wing,FW,0.0,0.3102,-0.3102,0,63,42,0.1264,0.8542,-0.7278,-0.4176,Negative,2,0
3754322,Premier League 2015/2016,Chelsea,69,-2,1,21,2,61-75,Right Wing,FW,0.0,0.3102,-0.3102,0,63,42,0.1264,0.8542,-0.7278,-0.4176,Negative,2,0
3754322,Premier League 2015/2016,Manchester City,74,2,0,16,2,61-75,Left Wing,FW,0.2603,0.0,0.2603,2,84,22,0.8542,0.1264,0.7278,0.4675,Positive,2,0
3754322,Premier League 2015/2016,Chelsea,78,-2,1,12,3,76-90+,Right Defensive Midfield,MF,0.0636,0.217,-0.1534,1,79,21,0.1415,0.8542,-0.7127,-0.5593,Negative,3,1
3754322,Premier League 2015/2016,Manchester City,84,3,0,6,3,76-90+,Center Forward,FW,0.8542,0.1264,0.7278,2,76,24,0.0,0.0786,-0.0786,-0.8064,Negative,3,0
3754324,Premier League 2015/2016,Tottenham Hotspur,62,-1,1,28,1,61-75,Right Wing,FW,0.2353,0.0,0.2353,6,82,29,1.002,0.0662,0.9358,0.7005,Positive,2,0
3754324,Premier League 2015/2016,Tottenham Hotspur,74,0,1,16,2,61-75,Left Wing,FW,0.5161,0.0662,0.4499,10,97,26,0.5277,0.0565,0.4712,0.0213,Neutral,2,0
3754324,Premier League 2015/2016,Swansea City,74,0,0,16,1,61-75,Center Defensive Midfield,MF,0.0662,0.5161,-0.4499,2,46,17,0.0565,0.5277,-0.4712,-0.0213,Neutral,2,1
3754324,Premier League 2015/2016,Swansea City,82,-1,0,8,2,76-90+,Left Center Midfield,MF,0.1228,0.806,-0.6832,4,51,9,0.0271,0.0833,-0.0562,0.627,Positive,3,1
3754324,Premier League 2015/2016,Tottenham Hotspur,83,1,1,7,3,76-90+,Center Forward,FW,0.7808,0.1228,0.658,8,51,13,0.0833,0.0271,0.0562,-0.6018,Negative,3,0
3754326,Premier League 2015/2016,Crystal Palace,45,0,1,45,1,31-60,Center Forward,FW,0.0291,0.0,0.0291,1,81,32,0.1418,0.0617,0.0801,0.051,Neutral,1,0
3754326,Premier League 2015/2016,Swansea City,55,0,0,35,1,31-60,Right Center Midfield,MF,0.0617,0.1709,-0.1092,1,52,32,0.0688,0.0,0.0688,0.178,Positive,1,1
3754326,Premier League 2015/2016,Swansea City,55,0,0,35,2,31-60,Right Wing,FW,0.0617,0.1709,-0.1092,1,52,32,0.0688,0.0,0.0688,0.178,Positive,1,0
3754326,Premier League 2015/2016,Crystal Palace,70,0,1,20,2,61-75,Left Wing,FW,0.0,0.0688,-0.0688,0,53,31,0.2934,0.0,0.2934,0.3622,Positive,2,0
3754326,Premier League 2015/2016,Crystal Palace,74,0,1,16,3,61-75,Left Defensive Midfield,MF,0.264,0.0688,0.1952,2,67,35,0.1567,0.0,0.1567,-0.0385,Neutral,2,1
3754326,Premier League 2015/2016,Swansea City,76,0,0,14,3,76-90+,Right Center Back,DF,0.0688,0.264,-0.1952,2,90,22,0.0194,0.1567,-0.1373,0.0579,Neutral,3,2
3754327,Premier League 2015/2016,Aston Villa,65,-3,1,25,1,61-75,Left Center Forward,FW,0.1568,0.932,-0.7752,2,87,9,0.1331,0.0894,0.0437,0.8189,Positive,2,0
3754327,Premier League 2015/2016,Aston Villa,70,-3,1,20,2,61-75,Left Center Midfield,MF,0.1568,0.932,-0.7752,2,68,15,0.1575,0.0894,0.0681,0.8433,Positive,2,1
3754327,Premier League 2015/2016,Everton,72,3,0,18,1,61-75,Right Back,DF,1.0214,0.1568,0.8646,3,58,16,0.1027,0.1762,-0.0735,-0.9381,Negative,2,2
3754327,Premier League 2015/2016,Everton,80,2,0,10,2,76-90+,Left Wing Back,FW,0.0894,0.1331,-0.0437,1,78,14,0.4753,0.1801,0.2952,0.3389,Positive,3,0
3754331,Premier League 2015/2016,West Ham United,58,1,1,32,1,31-60,Center Forward,FW,0.0,0.2913,-0.2913,0,58,29,0.1205,0.1098,0.0107,0.302,Positive,1,0
3754331,Premier League 2015/2016,West Ham United,64,1,1,26,2,61-75,Left Center Midfield,MF,0.0,0.2038,-0.2038,0,47,28,0.5737,0.6495,-0.0758,0.128,Positive,2,1
3754331,Premier League 2015/2016,Sunderland,64,-1,0,26,1,61-75,Right Center Midfield,MF,0.2038,0.0,0.2038,3,98,11,0.6495,0.5737,0.0758,-0.128,Negative,2,1
3754331,Premier League 2015/2016,West Ham United,81,1,1,9,3,76-90+,Left Defensive Midfield,MF,0.5737,0.7749,-0.2012,3,54,15,0.0765,0.0,0.0765,0.2777,Positive,3,1
3754332,Premier League 2015/2016,Tottenham Hotspur,74,-1,1,16,1,61-75,Right Defensive Midfield,MF,0.1687,0.4217,-0.253,4,74,24,0.0278,0.0883,-0.0605,0.1925,Positive,2,1
3754332,Premier League 2015/2016,Tottenham Hotspur,84,-1,1,6,2,76-90+,Right Wing,FW,0.045,0.2501,-0.2051,2,79,17,0.0,0.0506,-0.0506,0.1545,Positive,3,0
3754333,Premier League 2015/2016,Tottenham Hotspur,45,-2,0,45,1,31-60,Left Wing,FW,0.0889,0.1464,-0.0575,3,81,35,0.2922,0.0,0.2922,0.3497,Positive,1,0
3754333,Premier League 2015/2016,Tottenham Hotspur,45,-2,0,45,2,31-60,Left Defensive Midfield,MF,0.0889,0.1464,-0.0575,3,81,35,0.2922,0.0,0.2922,0.3497,Positive,1,1
3754333,Premier League 2015/2016,Newcastle United,62,1,1,28,1,61-75,Right Center Midfield,MF,0.0,0.2922,-0.2922,0,72,20,0.8016,0.2086,0.593,0.8852,Positive,2,1
3754333,Premier League 2015/2016,Tottenham Hotspur,70,-1,0,20,3,61-75,Right Back,DF,0.3711,0.0181,0.353,5,81,16,0.0673,1.386,-1.3187,-1.6717,Negative,2,2
3754333,Premier League 2015/2016,Newcastle United,75,2,1,15,2,61-75,Left Wing,FW,0.8016,0.1757,0.6259,2,28,19,0.7261,0.0677,0.6584,0.0325,Neutral,2,0
3754333,Premier League 2015/2016,Newcastle United,83,2,1,7,3,76-90+,Center Attacking Midfield,MF,1.3051,0.0673,1.2378,5,16,22,0.2045,0.1251,0.0794,-1.1584,Negative,3,1
3754334,Premier League 2015/2016,Southampton,34,-1,0,56,1,31-60,Left Center Back,DF,0.0391,0.3221,-0.283,1,28,44,0.0,0.0,0.0,0.283,Positive,1,2
3754334,Premier League 2015/2016,Southampton,59,-1,0,31,2,31-60,Center Forward,FW,0.0,0.0,0.0,0,93,39,0.0241,0.0,0.0241,0.0241,Neutral,1,0
3754334,Premier League 2015/2016,AFC Bournemouth,65,1,1,25,1,61-75,Left Center Midfield,MF,0.0,0.0,0.0,0,44,25,0.156,0.0241,0.1319,0.1319,Positive,2,1
3754334,Premier League 2015/2016,Southampton,69,-1,0,21,3,61-75,Left Wing,FW,0.0,0.0,0.0,0,80,25,0.0241,0.156,-0.1319,-0.1319,Negative,2,0
3754334,Premier League 2015/2016,AFC Bournemouth,69,1,1,21,2,61-75,Center Forward,FW,0.0,0.0,0.0,0,40,28,0.156,0.0241,0.1319,0.1319,Positive,2,0
3754334,Premier League 2015/2016,AFC Bournemouth,84,2,1,6,3,76-90+,Left Midfield,MF,0.156,0.0241,0.1319,1,46,36,0.038,0.2133,-0.1753,-0.3072,Negative,3,1
3754338,Premier League 2015/2016,West Ham United,45,-2,0,45,1,31-60,Center Defensive Midfield,MF,0.4246,0.2739,0.1507,4,71,22,0.7133,0.2394,0.4739,0.3232,Positive,1,1
3754338,Premier League 2015/2016,Newcastle United,56,1,1,34,1,31-60,Left Back,DF,0.1171,0.8945,-0.7774,1,87,21,0.2957,0.0,0.2957,1.0731,Positive,1,2
3754338,Premier League 2015/2016,West Ham United,69,-1,0,21,2,61-75,Left Wing,FW,0.0,0.2957,-0.2957,0,69,20,0.0237,0.2496,-0.2259,0.0698,Neutral,2,0
3754338,Premier League 2015/2016,West Ham United,74,-1,0,16,3,61-75,Right Back,DF,0.0237,0.2862,-0.2625,1,91,21,0.1735,0.398,-0.2245,0.038,Neutral,2,2
3754338,Premier League 2015/2016,Newcastle United,79,1,1,11,2,76-90+,Left Wing,FW,0.423,0.0237,0.3993,5,78,30,0.214,0.2086,0.0054,-0.3939,Negative,3,0
3754340,Premier League 2015/2016,Swansea City,46,0,0,44,1,31-60,Left Center Midfield,MF,0.2433,0.7379,-0.4946,3,43,14,0.3995,0.1162,0.2833,0.7779,Positive,1,1
3754340,Premier League 2015/2016,West Bromwich Albion,52,0,1,38,1,31-60,Left Back,DF,0.7466,0.3186,0.428,5,52,22,0.1491,0.2366,-0.0875,-0.5155,Negative,1,2
3754340,Premier League 2015/2016,Swansea City,58,0,0,32,2,31-60,Left Back,DF,0.3186,0.0925,0.2261,2,117,35,0.3306,0.0991,0.2315,0.0054,Neutral,1,2
3754340,Premier League 2015/2016,West Bromwich Albion,61,0,1,29,2,61-75,Right Wing,FW,0.1162,0.3995,-0.2833,3,73,27,0.0755,0.3228,-0.2473,0.036,Neutral,2,0
3754340,Premier League 2015/2016,West Bromwich Albion,68,-1,1,22,3,61-75,Left Defensive Midfield,MF,0.1491,0.2366,-0.0875,3,74,28,0.071,0.167,-0.096,-0.0085,Neutral,2,1
3754340,Premier League 2015/2016,Swansea City,81,1,0,9,3,76-90+,Left Center Midfield,MF,0.167,0.071,0.096,5,50,13,0.5008,1.1233,-0.6225,-0.7185,Negative,3,1
3754341,Premier League 2015/2016,Stoke City,29,0,0,61,1,0-30,Right Center Back,DF,0.0,0.2446,-0.2446,0,72,20,0.0,0.1151,-0.1151,0.1295,Positive,0,2
3754341,Premier League 2015/2016,Leicester City,61,1,1,29,1,61-75,Right Center Forward,FW,0.123,0.1197,0.0033,1,68,34,0.3425,0.0323,0.3102,0.3069,Positive,2,0
3754341,Premier League 2015/2016,Stoke City,70,-2,0,20,2,61-75,Left Wing,FW,0.1519,0.4655,-0.3136,3,75,13,0.0,0.2073,-0.2073,0.1063,Positive,2,0
3754341,Premier League 2015/2016,Stoke City,78,-2,0,12,3,76-90+,Center Attacking Midfield,MF,0.0323,0.3425,-0.3102,2,85,22,0.0,1.0203,-1.0203,-0.7101,Negative,3,1
3754342,Premier League 2015/2016,Watford,51,-1,0,39,1,31-60,Right Defensive Midfield,MF,0.1815,0.6216,-0.4401,2,57,44,0.2317,0.0135,0.2182,0.6583,Positive,1,1
3754342,Premier League 2015/2016,Watford,56,-1,0,34,2,31-60,Left Midfield,MF,0.2317,0.6161,-0.3844,2,54,36,0.0888,0.0135,0.0753,0.4597,Positive,1,1
3754342,Premier League 2015/2016,Liverpool,60,1,1,30,1,31-60,Left Wing,FW,0.5433,0.2317,0.3116,2,84,32,0.0135,0.1468,-0.1333,-0.4449,Negative,1,0
3754342,Premier League 2015/2016,Watford,68,-1,0,22,3,61-75,Left Midfield,MF,0.3205,0.0135,0.307,3,55,17,0.4439,0.4725,-0.0286,-0.3356,Negative,2,1
3754342,Premier League 2015/2016,Liverpool,77,2,1,13,2,76-90+,Right Wing,FW,0.0947,0.2338,-0.1391,1,47,20,1.5452,0.2989,1.2463,1.3854,Positive,3,0
3754345,Premier League 2015/2016,Manchester United,41,0,0,49,1,31-60,Right Back,DF,0.0423,0.2471,-0.2048,1,73,46,0.1649,0.233,-0.0681,0.1367,Positive,1,2
3754345,Premier League 2015/2016,Manchester United,65,0,0,25,2,61-75,Right Wing,FW,0.1082,0.1632,-0.055,2,86,33,0.2716,0.3259,-0.0543,0.0007,Neutral,2,0
3754345,Premier League 2015/2016,Manchester United,71,0,0,19,3,61-75,Center Attacking Midfield,MF,0.0244,0.2062,-0.1818,1,83,31,0.2774,0.2513,0.0261,0.2079,Positive,2,1
3754345,Premier League 2015/2016,Liverpool,75,0,1,15,1,61-75,Left Wing,FW,0.4077,0.0244,0.3833,5,77,34,0.1927,0.2774,-0.0847,-0.468,Negative,2,0
3754345,Premier League 2015/2016,Liverpool,80,-1,1,10,2,76-90+,Right Center Back,DF,0.3259,0.2716,0.0543,4,81,23,0.1927,0.0058,0.1869,0.1326,Positive,3,2
3754346,Premier League 2015/2016,Manchester City,59,0,0,31,1,31-60,Left Wing,FW,0.074,0.1245,-0.0505,2,64,19,0.2263,0.0793,0.147,0.1975,Positive,1,0
3754346,Premier League 2015/2016,Manchester City,74,0,0,16,2,61-75,Left Center Back,DF,0.2263,0.0793,0.147,4,61,20,0.1512,0.5354,-0.3842,-0.5312,Negative,2,2
3754346,Premier League 2015/2016,Watford,79,0,1,11,1,76-90+,Left Midfield,MF,0.4347,0.2263,0.2084,2,69,23,0.12,0.1512,-0.0312,-0.2396,Negative,3,1
3754346,Premier League 2015/2016,Manchester City,85,2,0,5,3,76-90+,Right Center Forward,FW,0.1733,0.4347,-0.2614,3,78,12,0.0,0.12,-0.12,0.1414,Positive,3,0
3754348,Premier League 2015/2016,Liverpool,58,-1,0,32,1,31-60,Left Wing,FW,0.2423,0.7835,-0.5412,1,99,29,0.3198,0.0294,0.2904,0.8316,Positive,1,0
3754348,Premier League 2015/2016,Norwich City,69,0,1,21,1,61-75,Right Midfield,MF,0.0294,0.5516,-0.5222,1,65,26,0.0,0.4818,-0.4818,0.0404,Neutral,2,1
3754348,Premier League 2015/2016,Norwich City,69,0,1,21,2,61-75,Left Midfield,MF,0.0294,0.5516,-0.5222,1,65,26,0.0,0.4818,-0.4818,0.0404,Neutral,2,1
3754348,Premier League 2015/2016,Liverpool,75,1,0,15,2,61-75,Right Wing,FW,0.7912,0.0294,0.7618,3,78,28,0.0305,0.0,0.0305,-0.7313,Negative,2,0
3754348,Premier League 2015/2016,Norwich City,81,-1,1,9,3,76-90+,Center Attacking Midfield,MF,0.0294,0.4818,-0.4524,1,76,15,0.0336,0.2416,-0.208,0.2444,Positive,3,1
3754349,Premier League 2015/2016,Tottenham Hotspur,60,-1,0,30,1,31-60,Right Wing,FW,0.155,0.1136,0.0414,3,121,39,0.9776,0.2999,0.6777,0.6363,Positive,1,0
3754349,Premier League 2015/2016,West Ham United,65,1,1,25,1,61-75,Right Center Back,DF,0.1136,0.7067,-0.5931,2,67,34,0.3075,0.3971,-0.0896,0.5035,Positive,2,2
3754349,Premier League 2015/2016,Tottenham Hotspur,69,-1,0,21,2,61-75,Left Wing,FW,0.956,0.3701,0.5859,5,96,20,0.0216,0.0509,-0.0293,-0.6152,Negative,2,0
3754349,Premier League 2015/2016,West Ham United,72,1,1,18,2,61-75,Center Forward,FW,0.2999,0.9776,-0.6777,2,37,29,0.0075,0.0,0.0075,0.6852,Positive,2,0
3754349,Premier League 2015/2016,Tottenham Hotspur,76,-1,0,14,3,76-90+,Left Center Back,DF,0.4317,0.2999,0.1318,4,91,13,0.0,0.032,-0.032,-0.1638,Negative,3,2
3754349,Premier League 2015/2016,West Ham United,83,1,1,7,3,76-90+,Center Attacking Midfield,MF,0.0509,0.0216,0.0293,2,40,45,0.0244,0.0,0.0244,-0.0049,Neutral,3,1
3754350,Premier League 2015/2016,West Bromwich Albion,56,1,0,34,1,31-60,Left Wing,FW,0.0,0.3087,-0.3087,0,45,28,0.0628,0.1389,-0.0761,0.2326,Positive,1,0
3754350,Premier League 2015/2016,Everton,57,-1,1,33,1,31-60,Left Wing,FW,0.3087,0.0,0.3087,6,154,22,0.1389,0.0628,0.0761,-0.2326,Negative,1,0
3754350,Premier League 2015/2016,West Bromwich Albion,71,1,0,19,2,61-75,Center Forward,FW,0.0628,0.1389,-0.0761,1,41,32,0.0,0.2457,-0.2457,-0.1696,Negative,2,0
3754350,Premier League 2015/2016,Everton,73,-1,1,17,2,61-75,Right Wing,FW,0.1547,0.0628,0.0919,5,116,27,0.3639,0.0,0.3639,0.272,Positive,2,0
3754350,Premier League 2015/2016,Everton,81,-1,1,9,3,76-90+,Right Defensive Midfield,MF,0.3073,0.0,0.3073,6,110,9,0.3548,0.0489,0.3059,-0.0014,Neutral,3,1
3754258,Premier League 2015/2016,Manchester City,24,0,0,66,1,0-30,Center Forward,FW,0.1555,0.0388,0.1167,2,107,25,0.0,0.0,0.0,-0.1167,Negative,0,0
3754258,Premier League 2015/2016,Aston Villa,64,0,1,26,1,61-75,Right Wing,FW,0.0,0.6585,-0.6585,0,59,23,0.0,0.6358,-0.6358,0.0227,Neutral,2,0
3754258,Premier League 2015/2016,Aston Villa,71,0,1,19,2,61-75,Left Wing,FW,0.0,0.8527,-0.8527,0,54,17,0.0,0.0,0.0,0.8527,Positive,2,0
3754258,Premier League 2015/2016,Manchester City,77,0,0,13,2,76-90+,Center Attacking Midfield,MF,0.6759,0.0,0.6759,3,86,19,0.3531,0.0673,0.2858,-0.3901,Negative,3,1
3754258,Premier League 2015/2016,Aston Villa,83,0,1,7,3,76-90+,Center Forward,FW,0.0,0.0,0.0,0,61,25,0.0673,0.3966,-0.3293,-0.3293,Negative,3,0
3754258,Premier League 2015/2016,Manchester City,83,0,0,7,3,76-90+,Center Forward,FW,0.0,0.0,0.0,0,90,20,0.3966,0.0673,0.3293,0.3293,Positive,3,0
3754020,Premier League 2015/2016,Liverpool,51,1,1,39,1,31-60,Left Center Midfield,MF,0.2179,0.1026,0.1153,4,92,13,0.1802,0.2036,-0.0234,-0.1387,Negative,1,1
3754020,Premier League 2015/2016,AFC Bournemouth,60,-1,0,30,1,31-60,Left Center Forward,FW,0.1583,0.2488,-0.0905,4,96,41,0.1479,0.2822,-0.1343,-0.0438,Neutral,1,0
3754020,Premier League 2015/2016,Liverpool,69,1,1,21,2,61-75,Left Wing,FW,0.1916,0.2036,-0.012,2,75,25,0.2708,0.0965,0.1743,0.1863,Positive,2,0
3754020,Premier League 2015/2016,AFC Bournemouth,80,-1,0,10,2,76-90+,Left Midfield,MF,0.0781,0.2822,-0.2041,1,49,36,0.2828,0.4033,-0.1205,0.0836,Neutral,3,1
3754020,Premier League 2015/2016,Liverpool,80,1,1,10,3,76-90+,Right Wing,FW,0.2822,0.0781,0.2041,4,103,15,0.4033,0.2828,0.1205,-0.0836,Neutral,3,0
3754267,Premier League 2015/2016,Watford,54,0,1,36,1,31-60,Right Wing,FW,0.1126,0.0,0.1126,3,120,28,0.3134,0.0758,0.2376,0.125,Positive,1,0
3754267,Premier League 2015/2016,West Bromwich Albion,61,0,0,29,1,61-75,Left Midfield,MF,0.0,0.128,-0.128,0,36,25,0.0758,0.2567,-0.1809,-0.0529,Neutral,2,1
3754267,Premier League 2015/2016,West Bromwich Albion,68,0,0,22,2,61-75,Right Center Forward,FW,0.0758,0.3134,-0.2376,1,35,22,0.4195,0.0263,0.3932,0.6308,Positive,2,0
3754267,Premier League 2015/2016,Watford,82,0,1,8,2,76-90+,Left Wing,FW,0.2567,0.4195,-0.1628,4,102,25,0.0406,0.04,0.0006,0.1634,Positive,3,0
3754141,Premier League 2015/2016,Arsenal,57,-2,1,33,1,31-60,Left Defensive Midfield,MF,0.2268,0.1956,0.0312,5,139,18,0.0918,0.0,0.0918,0.0606,Neutral,1,1
3754141,Premier League 2015/2016,West Ham United,62,2,0,28,1,61-75,Right Wing,FW,0.0289,0.1395,-0.1106,1,41,30,0.0,0.1758,-0.1758,-0.0652,Neutral,2,0
3754141,Premier League 2015/2016,Arsenal,66,-2,1,24,2,61-75,Right Back,DF,0.1867,0.0289,0.1578,3,127,10,0.2554,0.0902,0.1652,0.0074,Neutral,2,2
3754141,Premier League 2015/2016,West Ham United,78,2,0,12,2,76-90+,Center Defensive Midfield,MF,0.0,0.1758,-0.1758,0,56,20,0.1192,0.4764,-0.3572,-0.1814,Negative,3,1
3754128,Premier League 2015/2016,AFC Bournemouth,52,0,1,38,1,31-60,Right Center Forward,FW,0.4872,0.1994,0.2878,3,95,34,0.0298,0.0,0.0298,-0.258,Negative,1,0
3754128,Premier League 2015/2016,Aston Villa,58,0,0,32,1,31-60,Right Wing,FW,0.1087,0.1491,-0.0404,1,106,39,0.3185,0.0298,0.2887,0.3291,Positive,1,0
3754128,Premier League 2015/2016,AFC Bournemouth,68,0,1,22,2,61-75,Left Midfield,MF,0.0298,0.2155,-0.1857,1,64,32,0.1186,0.2055,-0.0869,0.0988,Neutral,2,1
3754128,Premier League 2015/2016,Aston Villa,71,0,0,19,2,61-75,Right Center Midfield,MF,0.2155,0.0298,0.1857,2,55,35,0.2055,0.1186,0.0869,-0.0988,Neutral,2,1
3754128,Premier League 2015/2016,Aston Villa,77,1,0,13,3,76-90+,Left Wing,FW,0.3185,0.0719,0.2466,3,47,28,0.1025,0.0467,0.0558,-0.1908,Negative,3,0
3754128,Premier League 2015/2016,AFC Bournemouth,83,-1,1,7,3,76-90+,Right Center Midfield,MF,0.1186,0.2055,-0.0869,3,88,11,0.0,0.0,0.0,0.0869,Neutral,3,1
3754078,Premier League 2015/2016,Swansea City,40,0,0,50,1,31-60,Left Center Midfield,MF,0.6839,0.0522,0.6317,4,62,19,1.2254,0.0,1.2254,0.5937,Positive,1,1
3754078,Premier League 2015/2016,Chelsea,53,0,1,37,1,31-60,Center Attacking Midfield,MF,0.0,0.4419,-0.4419,0,91,35,0.1751,0.9023,-0.7272,-0.2853,Negative,1,1
3754078,Premier League 2015/2016,Swansea City,70,1,0,20,2,61-75,Left Wing,FW,0.1188,0.1751,-0.0563,2,88,15,0.1448,0.1492,-0.0044,0.0519,Neutral,2,0
3754078,Premier League 2015/2016,Chelsea,75,-1,1,15,2,61-75,Right Center Midfield,MF,0.2636,0.198,0.0656,2,68,11,0.0968,0.0298,0.067,0.0014,Neutral,2,1
3754078,Premier League 2015/2016,Swansea City,78,1,0,12,3,76-90+,Center Forward,FW,0.1151,0.2867,-0.1716,1,75,14,0.0298,0.0737,-0.0439,0.1277,Positive,3,0
3754078,Premier League 2015/2016,Chelsea,83,-1,1,7,3,76-90+,Right Wing,FW,0.1492,0.1448,0.0044,2,85,9,0.0737,0.0,0.0737,0.0693,Neutral,3,0
3879608,Serie A 2015/2016,Hellas Verona,58,-2,1,32,1,31-60,Right Back,DF,0.0831,0.0,0.0831,1,97,34,0.0,0.0323,-0.0323,-0.1154,Negative,1,2
3879608,Serie A 2015/2016,Bologna,60,2,0,30,1,31-60,Left Center Midfield,MF,0.0,0.0831,-0.0831,0,73,31,0.0323,0.0296,0.0027,0.0858,Neutral,1,1
3879608,Serie A 2015/2016,Hellas Verona,66,-2,1,24,2,61-75,Left Midfield,MF,0.0831,0.0,0.0831,1,80,25,0.0296,0.1139,-0.0843,-0.1674,Negative,2,1
3879608,Serie A 2015/2016,Bologna,70,2,0,20,2,61-75,Left Wing,FW,0.0,0.0,0.0,0,47,43,0.1139,0.0557,0.0582,0.0582,Neutral,2,0
3879608,Serie A 2015/2016,Bologna,75,2,0,15,3,61-75,Right Center Midfield,MF,0.0323,0.0296,0.0027,1,41,35,0.1764,0.0721,0.1043,0.1016,Positive,2,1
3879608,Serie A 2015/2016,Hellas Verona,78,-2,1,12,3,76-90+,Left Back,DF,0.0296,0.0323,-0.0027,2,83,18,0.0721,0.392,-0.3199,-0.3172,Negative,3,2
3879551,Serie A 2015/2016,Hellas Verona,54,1,1,36,1,31-60,Center Forward,FW,0.0429,0.4627,-0.4198,1,79,29,0.0364,1.3756,-1.3392,-0.9194,Negative,1,0
3879551,Serie A 2015/2016,Hellas Verona,60,1,1,30,2,31-60,Right Center Midfield,MF,0.0364,0.6713,-0.6349,1,81,29,0.0,0.8999,-0.8999,-0.265,Negative,1,1
3879551,Serie A 2015/2016,Lazio,60,-1,0,30,1,31-60,Right Wing,FW,0.6713,0.0364,0.6349,4,90,34,0.8999,0.0,0.8999,0.265,Positive,1,0
3879551,Serie A 2015/2016,Lazio,61,-1,0,29,2,61-75,Center Forward,FW,0.6713,0.0364,0.6349,4,85,30,0.8999,0.0,0.8999,0.265,Positive,2,0
3879551,Serie A 2015/2016,Hellas Verona,77,0,1,13,3,76-90+,Left Center Midfield,MF,0.0,0.8999,-0.8999,0,25,31,0.013,0.0502,-0.0372,0.8627,Positive,3,1
3879551,Serie A 2015/2016,Lazio,81,0,0,9,3,76-90+,Right Wing,FW,0.1164,0.0,0.1164,2,84,11,0.0502,0.013,0.0372,-0.0792,Neutral,3,0
3879575,Serie A 2015/2016,Udinese,54,-1,0,36,1,31-60,Right Center Midfield,MF,0.1256,0.7835,-0.6579,3,109,20,0.0948,0.0664,0.0284,0.6863,Positive,1,1
3879575,Serie A 2015/2016,Hellas Verona,55,1,1,35,1,31-60,Center Defensive Midfield,MF,0.7835,0.1256,0.6579,1,46,40,0.0664,0.1491,-0.0827,-0.7406,Negative,1,1
3879575,Serie A 2015/2016,Udinese,62,-1,0,28,2,61-75,Left Center Midfield,MF,0.1192,0.0664,0.0528,3,107,26,0.0598,0.056,0.0038,-0.049,Neutral,2,1
3879575,Serie A 2015/2016,Udinese,74,-1,0,16,3,61-75,Left Center Back,DF,0.0991,0.056,0.0431,3,129,20,0.2392,0.0915,0.1477,0.1046,Positive,2,2
3879575,Serie A 2015/2016,Hellas Verona,74,1,1,16,2,61-75,Right Wing,FW,0.056,0.0991,-0.0431,1,85,32,0.0915,0.2392,-0.1477,-0.1046,Negative,2,0
3879575,Serie A 2015/2016,Hellas Verona,85,0,1,5,3,76-90+,Center Defensive Midfield,MF,0.0797,0.2236,-0.1439,2,78,23,0.0678,0.0476,0.0202,0.1641,Positive,3,1
3879542,Serie A 2015/2016,Hellas Verona,20,0,0,70,1,0-30,Right Center Forward,FW,0.007,0.0088,-0.0018,1,66,17,0.0102,0.322,-0.3118,-0.31,Negative,0,0
3879542,Serie A 2015/2016,Inter Milan,56,1,1,34,1,31-60,Right Attacking Midfield,MF,0.215,0.2296,-0.0146,4,134,30,0.1463,0.0091,0.1372,0.1518,Positive,1,1
3879542,Serie A 2015/2016,Inter Milan,62,1,1,28,2,61-75,Left Center Midfield,MF,0.1184,0.2296,-0.1112,3,111,29,0.0997,0.1146,-0.0149,0.0963,Neutral,2,1
3879542,Serie A 2015/2016,Hellas Verona,70,-1,0,20,2,61-75,Left Wing Back,FW,0.0091,0.2181,-0.209,1,41,34,0.1726,0.0,0.1726,0.3816,Positive,2,0
3879542,Serie A 2015/2016,Hellas Verona,74,-1,0,16,3,61-75,Right Center Midfield,MF,0.038,0.1463,-0.1083,2,56,37,0.1436,0.0,0.1436,0.2519,Positive,2,1
3879600,Serie A 2015/2016,Carpi,56,0,1,34,1,31-60,Right Center Back,DF,0.1498,0.1218,0.028,3,64,16,0.4738,0.0,0.4738,0.4458,Positive,1,2
3879600,Serie A 2015/2016,Hellas Verona,58,0,0,32,1,31-60,Right Center Back,DF,0.0592,0.4394,-0.3802,1,69,25,0.0,0.1842,-0.1842,0.196,Positive,1,2
3879600,Serie A 2015/2016,Carpi,74,0,1,16,2,61-75,Center Forward,FW,0.0076,0.0,0.0076,1,48,17,0.0697,0.1688,-0.0991,-0.1067,Negative,2,0
3879600,Serie A 2015/2016,Hellas Verona,78,0,0,12,2,76-90+,Right Wing,FW,0.1116,0.0076,0.104,1,104,24,0.1455,0.0697,0.0758,-0.0282,Neutral,3,0
3879600,Serie A 2015/2016,Hellas Verona,84,0,0,6,3,76-90+,Right Center Midfield,MF,0.1116,0.0697,0.0419,1,94,12,0.1455,0.0,0.1455,0.1036,Positive,3,1
3879600,Serie A 2015/2016,Carpi,85,0,1,5,3,76-90+,Left Center Midfield,MF,0.0697,0.1116,-0.0419,2,43,22,0.0,0.1455,-0.1455,-0.1036,Negative,3,1
3879557,Serie A 2015/2016,Chievo,53,0,1,37,1,31-60,Center Attacking Midfield,MF,0.0621,0.0942,-0.0321,1,83,29,0.2173,0.2664,-0.0491,-0.017,Neutral,1,1
3879557,Serie A 2015/2016,Chievo,69,0,1,21,2,61-75,Right Center Back,DF,0.2173,0.2664,-0.0491,3,88,23,0.9295,0.777,0.1525,0.2016,Positive,2,2
3879557,Serie A 2015/2016,Hellas Verona,79,1,0,11,1,76-90+,Right Wing Back,FW,0.6968,0.3149,0.3819,1,73,13,0.1082,0.9326,-0.8244,-1.2063,Negative,3,0
3879557,Serie A 2015/2016,Hellas Verona,79,1,0,11,2,76-90+,Left Wing,FW,0.6968,0.3149,0.3819,1,73,13,0.1082,0.9326,-0.8244,-1.2063,Negative,3,0
3879557,Serie A 2015/2016,Chievo,82,-1,1,8,3,76-90+,Left Center Midfield,MF,0.9274,0.6968,0.2306,5,63,15,0.2654,0.1082,0.1572,-0.0734,Neutral,3,1
3879557,Serie A 2015/2016,Hellas Verona,84,0,0,6,3,76-90+,Center Forward,FW,0.777,0.9295,-0.1525,2,50,6,0.0281,0.1769,-0.1488,0.0037,Neutral,3,0
3879819,Serie A 2015/2016,Genoa,45,1,0,45,1,31-60,Right Center Forward,FW,0.3191,0.1046,0.2145,2,76,21,0.7966,0.9712,-0.1746,-0.3891,Negative,1,0
3879819,Serie A 2015/2016,Genoa,45,1,0,45,2,31-60,Right Center Midfield,MF,0.3191,0.1046,0.2145,2,76,21,0.7966,0.9712,-0.1746,-0.3891,Negative,1,1
3879819,Serie A 2015/2016,Carpi,51,2,1,39,1,31-60,Center Attacking Midfield,MF,1.0758,0.4653,0.6105,6,76,25,0.0446,0.392,-0.3474,-0.9579,Negative,1,1
3879819,Serie A 2015/2016,Carpi,60,2,1,30,2,31-60,Left Midfield,MF,0.9712,0.7966,0.1746,4,76,34,0.4044,0.0,0.4044,0.2298,Positive,1,1
3879819,Serie A 2015/2016,Genoa,75,-2,0,15,3,61-75,Left Center Back,DF,0.0,0.4044,-0.4044,0,75,22,0.1193,0.1727,-0.0534,0.351,Positive,2,2
3879819,Serie A 2015/2016,Carpi,78,2,1,12,3,76-90+,Right Defensive Midfield,MF,0.4044,0.0226,0.3818,4,59,33,0.1727,0.0967,0.076,-0.3058,Negative,3,1
3878541,Serie A 2015/2016,AS Roma,64,-1,0,26,1,61-75,Right Wing,FW,0.0197,0.4599,-0.4402,1,100,22,0.1248,0.0777,0.0471,0.4873,Positive,2,0
3878541,Serie A 2015/2016,AS Roma,65,-1,0,25,2,61-75,Center Defensive Midfield,MF,0.0197,0.4599,-0.4402,1,104,23,0.1248,0.0777,0.0471,0.4873,Positive,2,1
3878541,Serie A 2015/2016,Hellas Verona,73,0,1,17,1,61-75,Left Wing,FW,0.2769,0.0881,0.1888,1,35,28,0.0777,0.1283,-0.0506,-0.2394,Negative,2,0
3878541,Serie A 2015/2016,Hellas Verona,77,0,1,13,2,76-90+,Left Back,DF,0.0777,0.1248,-0.0471,1,40,27,0.0,0.352,-0.352,-0.3049,Negative,3,2
3878541,Serie A 2015/2016,AS Roma,82,0,0,8,3,76-90+,Right Wing,FW,0.1115,0.0777,0.0338,3,105,14,0.4585,0.0,0.4585,0.4247,Positive,3,0
3878541,Serie A 2015/2016,Hellas Verona,82,0,1,8,3,76-90+,Left Wing,FW,0.0777,0.1115,-0.0338,1,44,27,0.0,0.4585,-0.4585,-0.4247,Negative,3,0
3879664,Serie A 2015/2016,Palermo,56,-1,0,34,1,31-60,Left Defensive Midfield,MF,0.0598,0.5761,-0.5163,1,57,35,0.0489,0.0,0.0489,0.5652,Positive,1,1
3879664,Serie A 2015/2016,Palermo,63,-1,0,27,2,61-75,Center Forward,FW,0.0598,0.3779,-0.3181,1,50,40,0.0489,0.1539,-0.105,0.2131,Positive,2,0
3879664,Serie A 2015/2016,Sampdoria,70,1,1,20,1,61-75,Center Forward,FW,0.0043,0.0489,-0.0446,1,91,21,0.1598,0.1638,-0.004,0.0406,Neutral,2,0
3879664,Serie A 2015/2016,Sampdoria,77,2,1,13,2,76-90+,Left Center Midfield,MF,0.1539,0.0489,0.105,1,32,13,0.387,0.1893,0.1977,0.0927,Neutral,3,1
3879664,Serie A 2015/2016,Palermo,79,-2,0,11,3,76-90+,Right Back,DF,0.0075,0.1539,-0.1464,1,76,10,0.1893,0.387,-0.1977,-0.0513,Neutral,3,2
3879863,Serie A 2015/2016,Udinese,18,1,0,72,1,0-30,Right Center Back,DF,0.0745,0.0936,-0.0191,1,30,39,0.0118,0.9208,-0.909,-0.8899,Negative,0,2
3879863,Serie A 2015/2016,Udinese,42,0,0,48,2,31-60,Center Defensive Midfield,MF,0.1291,0.0765,0.0526,1,45,36,0.0,0.013,-0.013,-0.0656,Neutral,1,1
3879863,Serie A 2015/2016,Atalanta,51,0,1,39,1,31-60,Right Back,DF,0.013,0.1291,-0.1161,1,108,12,0.0,0.2142,-0.2142,-0.0981,Neutral,1,2
3879863,Serie A 2015/2016,Atalanta,75,0,1,15,2,61-75,Right Wing,FW,0.0982,0.2142,-0.116,2,90,16,0.0,0.0,0.0,0.116,Positive,2,0
3879863,Serie A 2015/2016,Atalanta,85,0,1,5,3,76-90+,Left Defensive Midfield,MF,0.0,0.0,0.0,0,107,18,0.0,0.0,0.0,0.0,Neutral,3,1
3879773,Serie A 2015/2016,Udinese,14,-1,0,76,1,0-30,Left Center Back,DF,0.0,0.0698,-0.0698,0,74,25,0.0261,0.0649,-0.0388,0.031,Neutral,0,2
3879773,Serie A 2015/2016,Udinese,58,-1,0,32,2,31-60,Right Midfield,MF,0.0806,0.2193,-0.1387,2,154,32,0.0,0.2621,-0.2621,-0.1234,Negative,1,1
3879773,Serie A 2015/2016,Udinese,69,-2,0,21,3,61-75,Left Center Forward,FW,0.0,0.4255,-0.4255,0,74,26,0.0086,0.2394,-0.2308,0.1947,Positive,2,0
3879773,Serie A 2015/2016,Frosinone,81,2,1,9,1,76-90+,Right Defensive Midfield,MF,0.2222,0.0086,0.2136,6,44,22,0.1252,0.0201,0.1051,-0.1085,Negative,3,1
3879847,Serie A 2015/2016,Udinese,60,-3,1,30,1,31-60,Left Center Forward,FW,0.2444,0.5558,-0.3114,3,88,38,0.512,0.0565,0.4555,0.7669,Positive,1,0
3879847,Serie A 2015/2016,Udinese,60,-3,1,30,2,31-60,Right Wing Back,FW,0.2444,0.5558,-0.3114,3,88,38,0.512,0.0565,0.4555,0.7669,Positive,1,0
3879847,Serie A 2015/2016,Torino,71,3,0,19,1,61-75,Left Center Midfield,MF,0.0565,0.4251,-0.3686,1,56,28,0.2078,0.1364,0.0714,0.44,Positive,2,1
3879847,Serie A 2015/2016,Udinese,74,-3,1,16,3,61-75,Center Attacking Midfield,MF,0.512,0.0565,0.4555,5,82,35,0.0495,0.2078,-0.1583,-0.6138,Negative,2,1
3879847,Serie A 2015/2016,Torino,75,3,0,15,2,61-75,Right Wing Back,FW,0.0565,0.512,-0.4555,1,65,28,0.2078,0.0495,0.1583,0.6138,Positive,2,0
3879847,Serie A 2015/2016,Torino,84,4,0,6,3,76-90+,Left Center Forward,FW,0.2078,0.0869,0.1209,2,115,16,0.0,0.0495,-0.0495,-0.1704,Negative,3,0
3879862,Serie A 2015/2016,Torino,51,-2,1,39,1,31-60,Right Center Midfield,MF,0.0,0.0723,-0.0723,0,73,29,0.2038,0.1272,0.0766,0.1489,Positive,1,1
3879862,Serie A 2015/2016,Napoli,72,1,0,18,1,61-75,Left Wing,FW,0.1272,0.1549,-0.0277,2,70,18,0.0,0.0,0.0,0.0277,Neutral,2,0
3879862,Serie A 2015/2016,Torino,72,-1,1,18,2,61-75,Right Wing Back,FW,0.1549,0.1272,0.0277,2,64,21,0.0,0.0,0.0,-0.0277,Neutral,2,0
3879862,Serie A 2015/2016,Torino,77,-1,1,13,3,76-90+,Right Center Forward,FW,0.145,0.0986,0.0464,1,69,19,0.0,0.0,0.0,-0.0464,Neutral,3,0
3879862,Serie A 2015/2016,Napoli,80,1,0,10,2,76-90+,Left Center Midfield,MF,0.0,0.145,-0.145,0,55,22,0.0,0.0,0.0,0.145,Positive,3,1
3879862,Serie A 2015/2016,Napoli,82,1,0,8,3,76-90+,Right Wing,FW,0.0,0.0,0.0,0,62,23,0.0,0.0,0.0,0.0,Neutral,3,0
3879817,Serie A 2015/2016,Napoli,49,-2,0,41,1,31-60,Left Back,DF,0.0,0.6999,-0.6999,0,128,27,0.1048,0.2879,-0.1831,0.5168,Positive,1,2
3879817,Serie A 2015/2016,Napoli,49,-2,0,41,2,31-60,Left Wing,FW,0.0,0.6999,-0.6999,0,128,27,0.1048,0.2879,-0.1831,0.5168,Positive,1,0
3879817,Serie A 2015/2016,Inter Milan,67,2,1,23,1,61-75,Left Defensive Midfield,MF,0.2315,0.1048,0.1267,3,74,22,0.0341,0.0227,0.0114,-0.1153,Negative,2,1
3879817,Serie A 2015/2016,Napoli,72,-2,0,18,3,61-75,Center Defensive Midfield,MF,0.0653,0.047,0.0183,2,104,24,0.0227,0.0341,-0.0114,-0.0297,Neutral,2,1
3879817,Serie A 2015/2016,Inter Milan,76,2,1,14,2,76-90+,Center Attacking Midfield,MF,0.0341,0.0241,0.01,1,54,25,0.0,0.0796,-0.0796,-0.0896,Neutral,3,1
3879825,Serie A 2015/2016,Empoli,18,-1,0,72,1,0-30,Right Back,DF,0.0454,0.9876,-0.9422,2,65,24,0.0,0.0,0.0,0.9422,Positive,0,2
3879825,Serie A 2015/2016,Empoli,58,-2,0,32,2,31-60,Left Center Forward,FW,0.0074,0.645,-0.6376,1,92,26,0.0372,0.1272,-0.09,0.5476,Positive,1,0
3879825,Serie A 2015/2016,Lazio,62,2,1,28,1,61-75,Left Wing,FW,0.3823,0.0372,0.3451,8,103,29,0.0262,0.0,0.0262,-0.3189,Negative,2,0
3879825,Serie A 2015/2016,Empoli,67,-2,0,23,3,61-75,Center Defensive Midfield,MF,0.0372,0.3162,-0.279,1,92,29,0.0283,0.0262,0.0021,0.2811,Positive,2,1
3879825,Serie A 2015/2016,Lazio,70,2,1,20,2,61-75,Center Forward,FW,0.3424,0.0372,0.3052,5,79,34,0.0,0.4001,-0.4001,-0.7053,Negative,2,0
3879825,Serie A 2015/2016,Lazio,83,2,1,7,3,76-90+,Right Back,DF,0.0,0.4001,-0.4001,0,69,56,0.0372,0.0,0.0372,0.4373,Positive,3,2
3879750,Serie A 2015/2016,Atalanta,59,0,1,31,1,31-60,Left Wing,FW,0.1568,0.1316,0.0252,4,91,39,0.0,0.0908,-0.0908,-0.116,Negative,1,0
3879750,Serie A 2015/2016,Fiorentina,59,0,0,31,1,31-60,Center Forward,FW,0.1316,0.1568,-0.0252,3,100,39,0.0908,0.0,0.0908,0.116,Positive,1,0
3879750,Serie A 2015/2016,Fiorentina,65,0,0,25,2,61-75,Left Wing,FW,0.091,0.1568,-0.0658,3,76,34,0.0715,0.0,0.0715,0.1373,Positive,2,0
3879750,Serie A 2015/2016,Atalanta,67,-1,1,23,2,61-75,Left Wing,FW,0.0634,0.1625,-0.0991,1,73,32,0.0,1.4482,-1.4482,-1.3491,Negative,2,0
3879750,Serie A 2015/2016,Atalanta,79,-1,1,11,3,76-90+,Right Center Midfield,MF,0.0,0.0908,-0.0908,0,84,46,0.6226,2.0432,-1.4206,-1.3298,Negative,3,1
3879750,Serie A 2015/2016,Fiorentina,83,2,0,7,3,76-90+,Right Wing,FW,1.4482,0.0,1.4482,2,85,28,0.595,0.6226,-0.0276,-1.4758,Negative,3,0
3879567,Serie A 2015/2016,AS Roma,54,0,1,36,1,31-60,Center Attacking Midfield,MF,0.0881,0.0599,0.0282,2,117,36,0.5159,0.0,0.5159,0.4877,Positive,1,1
3879567,Serie A 2015/2016,Empoli,60,-2,0,30,1,31-60,Center Attacking Midfield,MF,0.0165,0.2187,-0.2022,1,55,39,0.0956,0.2973,-0.2017,0.0005,Neutral,1,1
3879567,Serie A 2015/2016,Empoli,67,-2,0,23,2,61-75,Right Center Midfield,MF,0.0,0.2187,-0.2187,0,59,36,0.1779,0.2973,-0.1194,0.0993,Neutral,2,1
3879567,Serie A 2015/2016,AS Roma,67,2,1,23,2,61-75,Center Attacking Midfield,MF,0.2187,0.0,0.2187,3,117,22,0.2973,0.1779,0.1194,-0.0993,Neutral,2,1
3879567,Serie A 2015/2016,Empoli,78,-2,0,12,3,76-90+,Left Center Forward,FW,0.0956,0.2973,-0.2017,3,76,41,0.2185,0.022,0.1965,0.3982,Positive,3,0
3879567,Serie A 2015/2016,AS Roma,79,2,1,11,3,76-90+,Right Center Midfield,MF,0.2973,0.0956,0.2017,1,105,29,0.022,0.2185,-0.1965,-0.3982,Negative,3,1
3879785,Serie A 2015/2016,Lazio,56,0,1,34,1,31-60,Left Wing,FW,0.0,0.0,0.0,0,90,39,0.144,0.1099,0.0341,0.0341,Neutral,1,0
3879785,Serie A 2015/2016,Atalanta,57,0,0,33,1,31-60,Center Forward,FW,0.0411,0.0,0.0411,1,78,31,0.0688,0.144,-0.0752,-0.1163,Negative,1,0
3879785,Serie A 2015/2016,Atalanta,70,-1,0,20,2,61-75,Left Wing,FW,0.1099,0.144,-0.0341,2,63,27,0.201,0.0,0.201,0.2351,Positive,2,0
3879785,Serie A 2015/2016,Atalanta,70,-1,0,20,3,61-75,Right Center Midfield,MF,0.1099,0.144,-0.0341,2,63,27,0.201,0.0,0.201,0.2351,Positive,2,1
3879785,Serie A 2015/2016,Lazio,72,1,1,18,2,61-75,Left Defensive Midfield,MF,0.144,0.0688,0.0752,1,63,25,0.0,0.2306,-0.2306,-0.3058,Negative,2,1
3879785,Serie A 2015/2016,Lazio,80,1,1,10,3,76-90+,Right Defensive Midfield,MF,0.144,0.2697,-0.1257,1,55,45,0.754,0.0354,0.7186,0.8443,Positive,3,1
3879705,Serie A 2015/2016,Sassuolo,55,0,1,35,1,31-60,Right Center Midfield,MF,0.0859,0.1811,-0.0952,2,118,19,0.127,0.2315,-0.1045,-0.0093,Neutral,1,1
3879705,Serie A 2015/2016,Bologna,59,0,0,31,1,31-60,Right Wing,FW,0.1599,0.1188,0.0411,1,74,51,0.5297,0.0829,0.4468,0.4057,Positive,1,0
3879705,Serie A 2015/2016,Bologna,71,1,0,19,2,61-75,Right Center Midfield,MF,0.2315,0.127,0.1045,4,55,36,0.3303,0.1677,0.1626,0.0581,Neutral,2,1
3879705,Serie A 2015/2016,Sassuolo,76,-1,1,14,2,76-90+,Left Center Midfield,MF,0.1577,0.5167,-0.359,3,89,12,0.2003,0.0321,0.1682,0.5272,Positive,3,1
3879705,Serie A 2015/2016,Bologna,76,1,0,14,3,76-90+,Left Back,DF,0.5167,0.1577,0.359,5,47,26,0.0321,0.2003,-0.1682,-0.5272,Negative,3,2
3879705,Serie A 2015/2016,Sassuolo,82,-1,1,8,3,76-90+,Right Midfield,MF,0.216,0.4123,-0.1963,5,90,12,0.1421,0.3739,-0.2318,-0.0355,Neutral,3,1
3879628,Serie A 2015/2016,AC Milan,52,3,1,38,1,31-60,Right Defensive Midfield,MF,1.173,0.0889,1.0841,4,62,19,0.1281,0.0959,0.0322,-1.0519,Negative,1,1
3879628,Serie A 2015/2016,Sampdoria,62,-3,0,28,1,61-75,Right Center Forward,FW,0.0959,0.4322,-0.3363,2,82,40,0.0638,0.1758,-0.112,0.2243,Positive,2,0
3879628,Serie A 2015/2016,Sampdoria,63,-3,0,27,2,61-75,Right Back,DF,0.0959,0.4259,-0.33,2,82,38,0.0638,0.6299,-0.5661,-0.2361,Negative,2,2
3879628,Serie A 2015/2016,AC Milan,73,3,1,17,2,61-75,Right Center Forward,FW,0.1758,0.1512,0.0246,3,69,22,0.9303,0.792,0.1383,0.1137,Positive,2,0
3879628,Serie A 2015/2016,Sampdoria,73,-3,0,17,3,61-75,Right Center Midfield,MF,0.1512,0.1758,-0.0246,3,73,24,0.792,0.9303,-0.1383,-0.1137,Negative,2,1
3879628,Serie A 2015/2016,AC Milan,79,4,1,11,3,76-90+,Right Midfield,MF,0.7829,0.0638,0.7191,5,65,22,0.3696,0.8463,-0.4767,-1.1958,Negative,3,1
3879665,Serie A 2015/2016,Frosinone,62,-1,1,28,1,61-75,Right Midfield,MF,0.0386,1.5125,-1.4739,1,31,18,0.0,0.4236,-0.4236,1.0503,Positive,2,1
3879665,Serie A 2015/2016,Frosinone,71,-1,1,19,2,61-75,Right Defensive Midfield,MF,0.0386,0.1926,-0.154,1,53,25,0.139,0.3726,-0.2336,-0.0796,Neutral,2,1
3879665,Serie A 2015/2016,AC Milan,79,2,0,11,1,76-90+,Right Center Forward,FW,0.4236,0.0,0.4236,2,73,27,0.6004,0.1702,0.4302,0.0066,Neutral,3,0
3879699,Serie A 2015/2016,Sampdoria,54,-1,1,36,1,31-60,Right Defensive Midfield,MF,0.3726,0.263,0.1096,2,79,38,0.0399,0.2648,-0.2249,-0.3345,Negative,1,1
3879699,Serie A 2015/2016,Sampdoria,64,-2,1,26,2,61-75,Center Forward,FW,0.0399,0.2512,-0.2113,1,89,15,0.061,0.9279,-0.8669,-0.6556,Negative,2,0
3879699,Serie A 2015/2016,Napoli,70,2,0,20,1,61-75,Left Back,DF,0.3285,0.0399,0.2886,4,108,22,1.0154,0.061,0.9544,0.6658,Positive,2,2
3879699,Serie A 2015/2016,Napoli,74,1,0,16,2,61-75,Left Wing,FW,0.3285,0.1009,0.2276,4,107,27,1.1291,0.0079,1.1212,0.8936,Positive,2,0
3879699,Serie A 2015/2016,Sampdoria,79,-2,1,11,3,76-90+,Right Defensive Midfield,MF,0.061,0.9279,-0.8669,1,63,41,0.0079,0.3665,-0.3586,0.5083,Positive,3,1
3879699,Serie A 2015/2016,Napoli,83,2,0,7,3,76-90+,Right Wing,FW,0.9143,0.061,0.8533,5,111,17,0.3665,0.0079,0.3586,-0.4947,Negative,3,0
3879703,Serie A 2015/2016,Lazio,45,-1,1,45,1,31-60,Center Forward,FW,0.7314,0.0,0.7314,8,106,35,0.2974,0.0,0.2974,-0.434,Negative,1,0
3879703,Serie A 2015/2016,Chievo,48,1,0,42,1,31-60,Left Center Forward,FW,0.0,0.699,-0.699,0,51,43,0.0,0.3653,-0.3653,0.3337,Positive,1,0
3879703,Serie A 2015/2016,Lazio,59,-1,1,31,2,31-60,Right Center Midfield,MF,0.4139,0.0,0.4139,5,81,29,0.9185,0.0,0.9185,0.5046,Positive,1,1
3879703,Serie A 2015/2016,Chievo,65,1,0,25,2,61-75,Left Midfield,MF,0.0,0.3653,-0.3653,0,75,39,0.0,0.8457,-0.8457,-0.4804,Negative,2,1
3879703,Serie A 2015/2016,Lazio,68,0,1,22,3,61-75,Right Back,DF,0.9361,0.0,0.9361,4,91,26,0.1049,0.0,0.1049,-0.8312,Negative,2,2
3879703,Serie A 2015/2016,Chievo,73,-1,0,17,3,61-75,Left Defensive Midfield,MF,0.0,0.9185,-0.9185,0,49,33,0.7835,0.0809,0.7026,1.6211,Positive,2,1
3879609,Serie A 2015/2016,Udinese,51,0,0,39,1,31-60,Left Center Back,DF,0.0,0.2428,-0.2428,0,43,52,0.1944,0.3156,-0.1212,0.1216,Positive,1,2
3879609,Serie A 2015/2016,Udinese,56,-1,0,34,2,31-60,Right Center Forward,FW,0.0992,0.4379,-0.3387,1,48,45,0.0952,0.0312,0.064,0.4027,Positive,1,0
3879609,Serie A 2015/2016,Napoli,68,1,1,22,1,61-75,Left Wing,FW,0.2318,0.1944,0.0374,3,92,25,0.1435,0.0452,0.0983,0.0609,Neutral,2,0
3879609,Serie A 2015/2016,Udinese,69,-1,0,21,3,61-75,Left Defensive Midfield,MF,0.0952,0.2318,-0.1366,2,70,42,0.0452,0.1435,-0.0983,0.0383,Neutral,2,1
3879609,Serie A 2015/2016,Napoli,77,1,1,13,2,76-90+,Right Wing,FW,0.1435,0.0715,0.072,1,71,46,0.0553,0.0666,-0.0113,-0.0833,Neutral,3,0
3879609,Serie A 2015/2016,Napoli,82,1,1,8,3,76-90+,Center Forward,FW,0.1435,0.0452,0.0983,1,72,46,0.0553,0.0214,0.0339,-0.0644,Neutral,3,0
3879653,Serie A 2015/2016,Juventus,61,0,1,29,1,61-75,Right Center Midfield,MF,0.148,0.0,0.148,1,80,32,0.1481,0.0127,0.1354,-0.0126,Neutral,2,1
3879653,Serie A 2015/2016,Juventus,76,0,1,14,2,76-90+,Left Wing Back,FW,0.1481,0.0127,0.1354,2,34,24,1.1325,0.0,1.1325,0.9971,Positive,3,0
3879653,Serie A 2015/2016,Fiorentina,84,-1,0,6,1,76-90+,Left Wing Back,FW,0.0127,0.8345,-0.8218,1,85,21,0.0452,0.4036,-0.3584,0.4634,Positive,3,0
3879653,Serie A 2015/2016,Fiorentina,85,-1,0,5,2,76-90+,Left Defensive Midfield,MF,0.0127,0.7288,-0.7161,1,85,24,0.0452,0.4036,-0.3584,0.3577,Positive,3,1
3879653,Serie A 2015/2016,Juventus,85,1,1,5,3,76-90+,Left Center Forward,FW,0.7288,0.0127,0.7161,4,49,22,0.4036,0.0452,0.3584,-0.3577,Negative,3,0
3879653,Serie A 2015/2016,Fiorentina,85,-1,0,5,3,76-90+,Right Attacking Midfield,MF,0.0127,0.7288,-0.7161,1,85,24,0.0452,0.4036,-0.3584,0.3577,Positive,3,1
3879632,Serie A 2015/2016,AS Roma,60,-1,1,30,1,31-60,Right Wing,FW,0.4279,0.509,-0.0811,6,121,30,0.0958,0.0,0.0958,0.1769,Positive,1,0
3879632,Serie A 2015/2016,AS Roma,69,-1,1,21,2,61-75,Right Back,DF,0.1037,0.509,-0.4053,2,84,23,0.0958,0.7835,-0.6877,-0.2824,Negative,2,2
3879632,Serie A 2015/2016,Atalanta,70,1,0,20,1,61-75,Center Defensive Midfield,MF,0.509,0.1995,0.3095,1,52,32,0.7835,0.0,0.7835,0.474,Positive,2,1
3879632,Serie A 2015/2016,AS Roma,82,-2,1,8,3,76-90+,Left Wing,FW,0.0958,0.7835,-0.6877,2,55,34,0.1025,0.0,0.1025,0.7902,Positive,3,0
3879632,Serie A 2015/2016,Atalanta,83,2,0,7,2,76-90+,Left Center Midfield,MF,0.7835,0.0958,0.6877,1,66,23,0.0,0.1025,-0.1025,-0.7902,Negative,3,1
3879663,Serie A 2015/2016,Sassuolo,57,0,0,33,1,31-60,Right Wing,FW,0.4487,0.0,0.4487,5,92,24,0.0,0.2754,-0.2754,-0.7241,Negative,1,0
3879663,Serie A 2015/2016,Hellas Verona,59,0,1,31,1,31-60,Left Defensive Midfield,MF,0.0,0.3479,-0.3479,0,67,35,0.2754,0.0,0.2754,0.6233,Positive,1,1
3879663,Serie A 2015/2016,Hellas Verona,59,0,1,31,2,31-60,Left Midfield,MF,0.0,0.3479,-0.3479,0,67,35,0.2754,0.0,0.2754,0.6233,Positive,1,1
3879663,Serie A 2015/2016,Sassuolo,67,0,0,23,2,61-75,Right Center Midfield,MF,0.0292,0.0965,-0.0673,1,72,26,0.3572,0.179,0.1782,0.2455,Positive,2,1
3879663,Serie A 2015/2016,Sassuolo,81,0,0,9,3,76-90+,Left Center Midfield,MF,0.3572,0.179,0.1782,2,67,27,0.0456,0.3983,-0.3527,-0.5309,Negative,3,1
3879645,Serie A 2015/2016,Napoli,62,-3,0,28,1,61-75,Right Back,DF,0.5467,0.1658,0.3809,3,111,37,0.025,0.9061,-0.8811,-1.262,Negative,2,2
3879645,Serie A 2015/2016,Napoli,64,-3,0,26,2,61-75,Right Wing,FW,0.4836,0.1658,0.3178,2,115,38,0.025,0.9061,-0.8811,-1.1989,Negative,2,0
3879645,Serie A 2015/2016,Bologna,64,3,1,26,1,61-75,Left Center Midfield,MF,0.1658,0.4836,-0.3178,3,57,52,0.9061,0.025,0.8811,1.1989,Positive,2,1
3879645,Serie A 2015/2016,Bologna,73,3,1,17,2,61-75,Left Wing,FW,0.2208,0.4675,-0.2467,2,40,54,0.805,0.3649,0.4401,0.6868,Positive,2,0
3879645,Serie A 2015/2016,Napoli,75,-3,0,15,3,61-75,Right Center Midfield,MF,0.025,0.9061,-0.8811,1,110,33,0.6219,0.0,0.6219,1.503,Positive,2,1
3879579,Serie A 2015/2016,Inter Milan,54,0,0,36,1,31-60,Left Defensive Midfield,MF,0.3253,0.0428,0.2825,6,86,32,0.9771,0.6445,0.3326,0.0501,Neutral,1,1
3879579,Serie A 2015/2016,Palermo,63,-1,1,27,1,61-75,Left Center Midfield,MF,0.0622,1.0995,-1.0373,2,70,16,0.6251,0.1855,0.4396,1.4769,Positive,2,1
3879579,Serie A 2015/2016,Inter Milan,77,0,0,13,2,76-90+,Right Center Forward,FW,0.1855,0.6251,-0.4396,5,107,26,0.3228,0.0749,0.2479,0.6875,Positive,3,0
3879579,Serie A 2015/2016,Palermo,80,0,1,10,2,76-90+,Left Wing Back,FW,0.6251,0.1855,0.4396,3,49,21,0.0749,0.3228,-0.2479,-0.6875,Negative,3,0
3879579,Serie A 2015/2016,Inter Milan,84,0,0,6,3,76-90+,Center Forward,FW,0.2037,0.0749,0.1288,6,81,27,0.2054,0.0,0.2054,0.0766,Neutral,3,0
3879566,Serie A 2015/2016,Genoa,45,0,0,45,1,31-60,Right Wing,FW,0.145,0.0367,0.1083,4,104,25,0.1785,0.8718,-0.6933,-0.8016,Negative,1,0
3879566,Serie A 2015/2016,Udinese,63,1,1,27,1,61-75,Right Wing Back,FW,0.0613,0.3333,-0.272,1,43,31,0.0,1.0733,-1.0733,-0.8013,Negative,2,0
3879566,Serie A 2015/2016,Udinese,69,1,1,21,2,61-75,Left Center Back,DF,0.0613,0.3426,-0.2813,1,38,29,0.1015,0.8855,-0.784,-0.5027,Negative,2,2
3879566,Serie A 2015/2016,Udinese,82,0,1,8,3,76-90+,Center Defensive Midfield,MF,0.022,1.0268,-1.0048,1,38,22,0.2234,0.0,0.2234,1.2282,Positive,3,1
3879566,Serie A 2015/2016,Genoa,83,0,0,7,2,76-90+,Left Defensive Midfield,MF,0.8855,0.1015,0.784,2,81,8,0.0,0.1439,-0.1439,-0.9279,Negative,3,1
3879587,Serie A 2015/2016,Bologna,70,-1,1,20,1,61-75,Left Wing,FW,0.0138,0.9843,-0.9705,2,81,32,0.0209,0.0879,-0.067,0.9035,Positive,2,0
3879587,Serie A 2015/2016,Inter Milan,73,1,0,17,1,61-75,Right Midfield,MF,0.9843,0.0077,0.9766,3,111,21,0.0879,0.0209,0.067,-0.9096,Negative,2,1
3879587,Serie A 2015/2016,Bologna,80,-1,1,10,2,76-90+,Left Center Midfield,MF,0.0,0.8981,-0.8981,0,105,29,0.3314,0.0,0.3314,1.2295,Positive,3,1
3879587,Serie A 2015/2016,Bologna,80,-1,1,10,3,76-90+,Center Forward,FW,0.0,0.8981,-0.8981,0,105,29,0.3314,0.0,0.3314,1.2295,Positive,3,0
3879587,Serie A 2015/2016,Inter Milan,81,1,0,9,2,76-90+,Center Forward,FW,0.8981,0.0,0.8981,4,82,19,0.0,0.3314,-0.3314,-1.2295,Negative,3,0
3879556,Serie A 2015/2016,Frosinone,63,1,1,27,1,61-75,Right Midfield,MF,0.6603,0.0269,0.6334,2,67,45,0.3827,0.0,0.3827,-0.2507,Negative,2,1
3879556,Serie A 2015/2016,Empoli,69,-1,0,21,1,61-75,Right Center Forward,FW,0.0269,0.6603,-0.6334,2,91,6,0.0823,0.3827,-0.3004,0.333,Positive,2,0
3879556,Serie A 2015/2016,Empoli,69,-1,0,21,2,61-75,Left Center Midfield,MF,0.0269,0.6603,-0.6334,2,91,6,0.0823,0.3827,-0.3004,0.333,Positive,2,1
3879556,Serie A 2015/2016,Frosinone,72,2,1,18,2,61-75,Left Midfield,MF,0.9312,0.0227,0.9085,3,32,40,0.1118,0.1345,-0.0227,-0.9312,Negative,2,1
3879556,Serie A 2015/2016,Empoli,73,-2,0,17,3,61-75,Right Back,DF,0.0227,0.2709,-0.2482,1,95,6,0.1345,0.1118,0.0227,0.2709,Positive,2,2
3879556,Serie A 2015/2016,Frosinone,80,2,1,10,3,76-90+,Center Defensive Midfield,MF,0.3827,0.0,0.3827,2,39,26,0.0408,0.1631,-0.1223,-0.505,Negative,3,1
3879585,Serie A 2015/2016,Sassuolo,30,0,0,60,1,0-30,Left Wing,FW,0.0,0.04,-0.04,0,76,42,0.0,0.791,-0.791,-0.751,Negative,0,0
3879585,Serie A 2015/2016,AC Milan,59,0,1,31,1,31-60,Left Center Midfield,MF,0.149,0.0348,0.1142,4,107,21,0.4399,0.0062,0.4337,0.3195,Positive,1,1
3879585,Serie A 2015/2016,AC Milan,69,0,1,21,2,61-75,Right Defensive Midfield,MF,0.0976,0.0062,0.0914,2,115,20,0.6995,0.0,0.6995,0.6081,Positive,2,1
3879585,Serie A 2015/2016,Sassuolo,70,0,0,20,2,61-75,Left Midfield,MF,0.0062,0.1529,-0.1467,1,53,43,0.0,0.6443,-0.6443,-0.4976,Negative,2,1
3879585,Serie A 2015/2016,Sassuolo,76,0,0,14,3,76-90+,Right Midfield,MF,0.0062,0.5163,-0.5101,1,43,43,0.0,0.3418,-0.3418,0.1683,Positive,3,1
3879582,Serie A 2015/2016,Torino,60,-1,0,30,1,31-60,Right Center Forward,FW,0.0091,0.1776,-0.1685,1,78,47,0.1079,0.3783,-0.2704,-0.1019,Negative,1,0
3879582,Serie A 2015/2016,Torino,60,-1,0,30,2,31-60,Right Center Midfield,MF,0.0091,0.1776,-0.1685,1,78,47,0.1079,0.3783,-0.2704,-0.1019,Negative,1,1
3879582,Serie A 2015/2016,Torino,71,-2,0,19,3,61-75,Center Defensive Midfield,MF,0.0598,0.3783,-0.3185,2,80,31,0.214,0.1532,0.0608,0.3793,Positive,2,1
3879582,Serie A 2015/2016,Lazio,74,2,1,16,1,61-75,Left Wing,FW,0.3783,0.1079,0.2704,1,51,34,0.1532,0.1567,-0.0035,-0.2739,Negative,2,0
3879582,Serie A 2015/2016,Lazio,78,2,1,12,2,76-90+,Center Forward,FW,0.3783,0.1079,0.2704,1,74,26,0.1532,0.1567,-0.0035,-0.2739,Negative,3,0
3879564,Serie A 2015/2016,Palermo,45,-3,1,45,1,31-60,Center Defensive Midfield,MF,0.068,0.5778,-0.5098,1,43,44,0.5251,0.3993,0.1258,0.6356,Positive,1,1
3879564,Serie A 2015/2016,Palermo,58,-2,1,32,2,31-60,Center Attacking Midfield,MF,0.4139,0.256,0.1579,2,53,37,0.4225,0.1433,0.2792,0.1213,Positive,1,1
3879564,Serie A 2015/2016,AS Roma,65,2,0,25,1,61-75,Left Midfield,MF,0.1433,0.5448,-0.4015,1,110,18,0.0,0.2917,-0.2917,0.1098,Positive,2,1
3879564,Serie A 2015/2016,AS Roma,74,2,0,16,2,61-75,Center Attacking Midfield,MF,0.0,0.4225,-0.4225,0,74,21,0.1095,0.0231,0.0864,0.5089,Positive,2,1
3879564,Serie A 2015/2016,AS Roma,82,2,0,8,3,76-90+,Right Midfield,MF,0.0,0.2917,-0.2917,0,83,23,0.4331,0.085,0.3481,0.6398,Positive,3,1
3879564,Serie A 2015/2016,Palermo,84,-2,1,6,3,76-90+,Right Back,DF,0.1316,0.0,0.1316,2,59,25,0.0618,0.4331,-0.3713,-0.5029,Negative,3,2
3879562,Serie A 2015/2016,AC Milan,56,-2,1,34,1,31-60,Left Center Midfield,MF,0.0,0.2109,-0.2109,0,79,41,0.1192,0.3296,-0.2104,0.0005,Neutral,1,1
3879562,Serie A 2015/2016,Napoli,72,3,0,18,1,61-75,Left Wing,FW,0.3296,0.1192,0.2104,3,85,16,0.374,0.0,0.374,0.1636,Positive,2,0
3879562,Serie A 2015/2016,Napoli,73,3,0,17,2,61-75,Left Center Midfield,MF,0.3296,0.1192,0.2104,3,80,16,0.374,0.0,0.374,0.1636,Positive,2,1
3879562,Serie A 2015/2016,Napoli,80,3,0,10,3,76-90+,Center Forward,FW,0.0366,0.0421,-0.0055,1,111,17,0.374,0.0847,0.2893,0.2948,Positive,3,0
3879562,Serie A 2015/2016,AC Milan,83,-3,1,7,2,76-90+,Right Defensive Midfield,MF,0.0421,0.0,0.0421,1,76,39,0.0847,0.374,-0.2893,-0.3314,Negative,3,1
3879837,Serie A 2015/2016,Inter Milan,64,0,1,26,1,61-75,Left Back,DF,0.3644,0.0514,0.313,9,95,20,0.7141,0.0502,0.6639,0.3509,Positive,2,2
3879837,Serie A 2015/2016,Udinese,75,-1,0,15,1,61-75,Left Wing Back,FW,0.0,0.7713,-0.7713,0,45,39,0.2874,0.2835,0.0039,0.7752,Positive,2,0
3879837,Serie A 2015/2016,Inter Milan,79,1,1,11,2,76-90+,Right Center Forward,FW,0.7141,0.0502,0.6639,3,94,19,0.2835,0.2372,0.0463,-0.6176,Negative,3,0
3879837,Serie A 2015/2016,Udinese,80,-1,0,10,2,76-90+,Left Center Back,DF,0.2398,0.7141,-0.4743,2,71,31,0.7236,0.6143,0.1093,0.5836,Positive,3,2
3879837,Serie A 2015/2016,Inter Milan,84,1,1,6,3,76-90+,Right Back,DF,0.9975,0.2398,0.7577,5,72,20,0.3308,0.7236,-0.3928,-1.1505,Negative,3,2
3879837,Serie A 2015/2016,Udinese,84,-1,0,6,3,76-90+,Left Center Midfield,MF,0.2398,0.9975,-0.7577,2,73,28,0.7236,0.3308,0.3928,1.1505,Positive,3,1
3879838,Serie A 2015/2016,Lazio,45,0,0,45,1,31-60,Right Center Back,DF,1.2022,0.1214,1.0808,3,88,25,0.181,0.1439,0.0371,-1.0437,Negative,1,2
3879838,Serie A 2015/2016,Lazio,63,0,0,27,2,61-75,Right Wing,FW,0.1904,0.1198,0.0706,4,71,37,0.4995,0.5973,-0.0978,-0.1684,Negative,2,0
3879838,Serie A 2015/2016,Sampdoria,64,0,1,26,1,61-75,Left Center Forward,FW,0.0342,0.1904,-0.1562,1,57,16,0.5973,0.4995,0.0978,0.254,Positive,2,0
3879838,Serie A 2015/2016,Sampdoria,73,0,1,17,2,61-75,Center Defensive Midfield,MF,0.0,0.4457,-0.4457,0,56,24,0.6582,0.0821,0.5761,1.0218,Positive,2,1
3879838,Serie A 2015/2016,Lazio,82,-1,0,8,3,76-90+,Left Back,DF,0.4995,0.6582,-0.1587,4,80,23,0.1582,0.0,0.1582,0.3169,Positive,3,2
3879839,Serie A 2015/2016,Fiorentina,52,-1,1,38,1,31-60,Center Attacking Midfield,MF,0.1901,0.2298,-0.0397,2,108,25,0.112,0.3915,-0.2795,-0.2398,Negative,1,1
3879839,Serie A 2015/2016,Fiorentina,61,-1,1,29,2,61-75,Right Wing,FW,0.1285,0.3915,-0.263,4,120,28,0.1603,0.0,0.1603,0.4233,Positive,2,0
3879839,Serie A 2015/2016,Juventus,69,1,0,21,1,61-75,Right Center Forward,FW,0.3915,0.0998,0.2917,2,38,44,0.7577,0.2122,0.5455,0.2538,Positive,2,0
3879839,Serie A 2015/2016,Juventus,83,1,0,7,2,76-90+,Left Center Midfield,MF,0.7577,0.2122,0.5455,2,49,22,0.0,1.8208,-1.8208,-2.3663,Negative,3,1
3879840,Serie A 2015/2016,Genoa,45,-1,0,45,1,31-60,Left Center Forward,FW,0.4534,0.0083,0.4451,2,94,31,0.0,0.1163,-0.1163,-0.5614,Negative,1,0
3879840,Serie A 2015/2016,Genoa,57,-1,0,33,2,31-60,Right Wing,FW,0.0,0.0702,-0.0702,0,108,42,0.0,0.2249,-0.2249,-0.1547,Negative,1,0
3879840,Serie A 2015/2016,Bologna,58,1,1,32,1,31-60,Right Wing,FW,0.0702,0.0,0.0702,1,70,43,0.2249,0.0,0.2249,0.1547,Positive,1,0
3879840,Serie A 2015/2016,Genoa,71,-2,0,19,3,61-75,Right Wing Back,FW,0.0,0.2249,-0.2249,0,82,44,0.0451,0.0585,-0.0134,0.2115,Positive,2,0
3879840,Serie A 2015/2016,Bologna,80,2,1,10,2,76-90+,Left Wing,FW,0.039,0.0451,-0.0061,1,63,49,0.0585,0.0,0.0585,0.0646,Neutral,3,0
3879836,Serie A 2015/2016,Carpi,53,0,0,37,1,31-60,Center Attacking Midfield,MF,0.0662,0.053,0.0132,1,50,53,0.0754,0.0241,0.0513,0.0381,Neutral,1,1
3879836,Serie A 2015/2016,AC Milan,61,0,1,29,1,61-75,Center Attacking Midfield,MF,0.0241,0.128,-0.1039,1,129,19,0.188,0.0136,0.1744,0.2783,Positive,2,1
3879836,Serie A 2015/2016,AC Milan,69,0,1,21,2,61-75,Right Center Forward,FW,0.0555,0.0754,-0.0199,2,104,17,0.1778,0.0368,0.141,0.1609,Positive,2,0
3879836,Serie A 2015/2016,Carpi,78,0,0,12,2,76-90+,Right Wing Back,FW,0.0136,0.2093,-0.1957,1,30,27,0.0766,0.3344,-0.2578,-0.0621,Neutral,3,0
3879833,Serie A 2015/2016,Lazio,45,-1,0,45,1,31-60,Left Center Midfield,MF,0.0064,0.8631,-0.8567,1,78,30,0.0,0.8217,-0.8217,0.035,Neutral,1,1
3879833,Serie A 2015/2016,Lazio,52,-2,0,38,2,31-60,Right Wing,FW,0.0,1.6399,-1.6399,0,60,29,0.0262,0.4987,-0.4725,1.1674,Positive,1,0
3879833,Serie A 2015/2016,Juventus,69,3,1,21,1,61-75,Right Center Midfield,MF,0.5292,0.0262,0.503,2,133,14,0.0,0.0,0.0,-0.503,Negative,2,1
3879833,Serie A 2015/2016,Juventus,74,3,1,16,2,61-75,Right Center Forward,FW,0.5292,0.0262,0.503,2,107,9,0.1333,0.0,0.1333,-0.3697,Negative,2,0
3879833,Serie A 2015/2016,Lazio,76,-3,0,14,3,76-90+,Center Defensive Midfield,MF,0.0262,0.5292,-0.503,1,75,22,0.0,0.1333,-0.1333,0.3697,Positive,3,1
3879833,Serie A 2015/2016,Juventus,81,3,1,9,3,76-90+,Left Center Midfield,MF,0.0305,0.0,0.0305,1,119,12,0.1333,0.0,0.1333,0.1028,Positive,3,1
3879828,Serie A 2015/2016,AS Roma,58,-1,1,32,1,31-60,Left Back,DF,0.2221,0.0246,0.1975,4,89,30,0.1507,0.0578,0.0929,-0.1046,Negative,1,2
3879828,Serie A 2015/2016,Torino,62,1,0,28,1,61-75,Left Wing Back,FW,0.0567,0.0825,-0.0258,3,95,17,0.1649,0.1507,0.0142,0.04,Neutral,2,0
3879828,Serie A 2015/2016,Torino,70,0,0,20,2,61-75,Right Center Midfield,MF,0.0578,0.1795,-0.1217,2,57,22,0.7819,0.1037,0.6782,0.7999,Positive,2,1
3879828,Serie A 2015/2016,AS Roma,79,0,1,11,2,76-90+,Left Wing,FW,0.1615,0.1649,-0.0034,3,91,20,1.2202,0.6426,0.5776,0.581,Positive,3,0
3879828,Serie A 2015/2016,AS Roma,85,-1,1,5,3,76-90+,Left Defensive Midfield,MF,0.1037,0.7819,-0.6782,2,95,19,1.2202,0.0,1.2202,1.8984,Positive,3,1
3879832,Serie A 2015/2016,Palermo,45,0,1,45,1,31-60,Center Forward,FW,0.0,0.0199,-0.0199,0,82,26,0.1264,0.1776,-0.0512,-0.0313,Neutral,1,0
3879832,Serie A 2015/2016,Palermo,57,-1,1,33,2,31-60,Left Center Midfield,MF,0.1264,0.0774,0.049,2,73,35,0.0,0.1201,-0.1201,-0.1691,Negative,1,1
3879832,Serie A 2015/2016,Atalanta,58,1,0,32,1,31-60,Right Wing,FW,0.0774,0.1264,-0.049,2,96,19,0.1201,0.0,0.1201,0.1691,Positive,1,0
3879832,Serie A 2015/2016,Atalanta,63,1,0,27,2,61-75,Right Center Midfield,MF,0.1776,0.0121,0.1655,2,65,21,0.0,0.5709,-0.5709,-0.7364,Negative,2,1
3879832,Serie A 2015/2016,Atalanta,72,1,0,18,3,61-75,Right Back,DF,0.1201,0.0,0.1201,1,63,32,0.0,1.4341,-1.4341,-1.5542,Negative,2,2
3879832,Serie A 2015/2016,Palermo,72,-1,1,18,3,61-75,Left Back,DF,0.0,0.1201,-0.1201,0,84,18,1.4341,0.0,1.4341,1.5542,Positive,2,2
3879830,Serie A 2015/2016,Genoa,66,0,1,24,1,61-75,Right Defensive Midfield,MF,0.1478,0.0432,0.1046,2,55,40,0.523,0.0739,0.4491,0.3445,Positive,2,1
3879830,Serie A 2015/2016,Genoa,71,0,1,19,2,61-75,Right Wing,FW,0.1478,0.0432,0.1046,2,47,30,0.523,0.228,0.295,0.1904,Positive,2,0
3879830,Serie A 2015/2016,Inter Milan,72,0,0,18,1,61-75,Left Wing,FW,0.0432,0.1478,-0.1046,2,107,25,0.228,0.5981,-0.3701,-0.2655,Negative,2,0
3879830,Serie A 2015/2016,Inter Milan,79,-1,0,11,2,76-90+,Left Back,DF,0.0,0.587,-0.587,0,88,26,0.3669,0.1089,0.258,0.845,Positive,3,2
3879792,Serie A 2015/2016,Sampdoria,56,-1,1,34,1,31-60,Left Wing,FW,0.3387,0.0963,0.2424,3,118,26,0.3737,0.1105,0.2632,0.0208,Neutral,1,0
3879792,Serie A 2015/2016,Chievo,67,1,0,23,1,61-75,Left Wing,FW,0.1347,0.3371,-0.2024,2,52,17,0.0,0.223,-0.223,-0.0206,Neutral,2,0
3879792,Serie A 2015/2016,Sampdoria,70,-1,1,20,2,61-75,Right Wing,FW,0.3737,0.1347,0.239,3,74,18,0.1864,0.0,0.1864,-0.0526,Neutral,2,0
3879792,Serie A 2015/2016,Chievo,78,1,0,12,2,76-90+,Right Wing,FW,0.0,0.2698,-0.2698,0,41,20,0.0,0.2744,-0.2744,-0.0046,Neutral,3,0
3879792,Serie A 2015/2016,Sampdoria,80,-1,1,10,3,76-90+,Left Defensive Midfield,MF,0.2698,0.0,0.2698,4,71,13,0.3874,0.0,0.3874,0.1176,Positive,3,1
3879792,Serie A 2015/2016,Chievo,80,1,0,10,3,76-90+,Center Forward,FW,0.0,0.2698,-0.2698,0,38,23,0.0,0.3874,-0.3874,-0.1176,Negative,3,0
3879795,Serie A 2015/2016,Hellas Verona,45,-1,1,45,1,31-60,Right Midfield,MF,0.0,0.9887,-0.9887,0,74,24,0.0981,0.0472,0.0509,1.0396,Positive,1,1
3879795,Serie A 2015/2016,Hellas Verona,45,-1,1,45,2,31-60,Right Center Forward,FW,0.0,0.9887,-0.9887,0,74,24,0.0981,0.0472,0.0509,1.0396,Positive,1,0
3879795,Serie A 2015/2016,Carpi,52,1,0,38,1,31-60,Right Center Midfield,MF,0.4418,0.0363,0.4055,3,56,19,0.0385,0.3215,-0.283,-0.6885,Negative,1,1
3879795,Serie A 2015/2016,Carpi,63,0,0,27,2,61-75,Center Forward,FW,0.0472,0.3578,-0.3106,1,24,27,0.1191,0.0081,0.111,0.4216,Positive,2,0
3879795,Serie A 2015/2016,Hellas Verona,69,-1,1,21,3,61-75,Left Defensive Midfield,MF,0.3296,0.0385,0.2911,5,99,16,0.1915,0.0806,0.1109,-0.1802,Negative,2,1
3879795,Serie A 2015/2016,Carpi,79,1,0,11,3,76-90+,Right Midfield,MF,0.1191,0.0081,0.111,3,48,20,0.0,0.4521,-0.4521,-0.5631,Negative,3,1
3879794,Serie A 2015/2016,Bologna,45,-1,0,45,1,31-60,Left Center Midfield,MF,0.1192,0.0,0.1192,1,80,18,0.0,0.5739,-0.5739,-0.6931,Negative,1,1
3879794,Serie A 2015/2016,Atalanta,53,2,1,37,1,31-60,Center Attacking Midfield,MF,0.5739,0.0,0.5739,1,71,40,0.0,0.3367,-0.3367,-0.9106,Negative,1,1
3879794,Serie A 2015/2016,Bologna,63,-2,0,27,2,61-75,Right Center Midfield,MF,0.2198,0.0,0.2198,3,126,9,0.1361,0.7835,-0.6474,-0.8672,Negative,2,1
3879794,Serie A 2015/2016,Bologna,70,-2,0,20,3,61-75,Left Back,DF,0.3367,0.0,0.3367,5,110,22,0.0191,0.9003,-0.8812,-1.2179,Negative,2,2
3879794,Serie A 2015/2016,Atalanta,70,2,1,20,2,61-75,Left Center Midfield,MF,0.0,0.3367,-0.3367,0,52,39,0.9003,0.0191,0.8812,1.2179,Positive,2,1
3879788,Serie A 2015/2016,Empoli,42,0,1,48,1,31-60,Right Back,DF,0.1269,0.0861,0.0408,3,75,23,0.0851,0.1012,-0.0161,-0.0569,Neutral,1,2
3879788,Serie A 2015/2016,Palermo,45,0,0,45,1,31-60,Left Back,DF,0.1571,0.1269,0.0302,4,52,28,0.0,0.0851,-0.0851,-0.1153,Negative,1,2
3879788,Serie A 2015/2016,Empoli,62,0,1,28,2,61-75,Right Center Midfield,MF,0.0851,0.0179,0.0672,2,80,36,0.1643,0.1417,0.0226,-0.0446,Neutral,2,1
3879788,Serie A 2015/2016,Palermo,79,0,0,11,2,76-90+,Right Midfield,MF,0.2369,0.1643,0.0726,3,47,21,0.0348,0.1648,-0.13,-0.2026,Negative,3,1
3879788,Serie A 2015/2016,Palermo,84,0,0,6,3,76-90+,Left Center Midfield,MF,0.2369,0.1969,0.04,3,53,26,0.0348,0.1322,-0.0974,-0.1374,Negative,3,1
3879788,Serie A 2015/2016,Empoli,85,0,1,5,3,76-90+,Left Center Forward,FW,0.1969,0.2245,-0.0276,3,97,36,0.1322,0.0,0.1322,0.1598,Positive,3,0
3879787,Serie A 2015/2016,AS Roma,56,-1,1,34,1,31-60,Center Defensive Midfield,MF,0.0275,0.1097,-0.0822,1,112,38,0.3747,0.0,0.3747,0.4569,Positive,1,1
3879787,Serie A 2015/2016,AS Roma,80,-1,1,10,2,76-90+,Left Back,DF,0.3636,0.0469,0.3167,3,88,30,0.5869,0.0,0.5869,0.2702,Positive,3,2
3879787,Serie A 2015/2016,Inter Milan,81,1,0,9,1,76-90+,Right Wing,FW,0.0469,0.5361,-0.4892,1,60,27,0.0,0.4144,-0.4144,0.0748,Neutral,3,0
3879787,Serie A 2015/2016,Inter Milan,85,0,0,5,2,76-90+,Right Wing,FW,0.0469,0.4963,-0.4494,1,57,23,0.0,0.1706,-0.1706,0.2788,Positive,3,0
3879786,Serie A 2015/2016,Palermo,52,-1,1,38,1,31-60,Center Forward,FW,0.0771,0.1579,-0.0808,1,74,51,0.0617,0.531,-0.4693,-0.3885,Negative,1,0
3879786,Serie A 2015/2016,Napoli,64,1,0,26,1,61-75,Right Wing,FW,0.6791,0.0358,0.6433,6,130,25,0.1571,0.0829,0.0742,-0.5691,Negative,2,0
3879786,Serie A 2015/2016,Napoli,72,1,0,18,2,61-75,Left Center Midfield,MF,0.214,0.1188,0.0952,4,142,22,0.1929,0.0,0.1929,0.0977,Neutral,2,1
3879786,Serie A 2015/2016,Palermo,80,-1,1,10,2,76-90+,Right Center Midfield,MF,0.0829,0.1621,-0.0792,2,50,55,0.0,0.0628,-0.0628,0.0164,Neutral,3,1
3879784,Serie A 2015/2016,Genoa,45,-1,1,45,1,31-60,Left Wing Back,FW,0.0,0.3602,-0.3602,0,85,20,0.9133,0.0,0.9133,1.2735,Positive,1,0
3879784,Serie A 2015/2016,Genoa,56,0,1,34,2,31-60,Right Wing,FW,0.8485,0.1642,0.6843,2,112,22,0.2948,0.0,0.2948,-0.3895,Negative,1,0
3879784,Serie A 2015/2016,Torino,59,0,0,31,1,31-60,Right Center Forward,FW,0.0,0.8485,-0.8485,0,63,39,0.0,0.3324,-0.3324,0.5161,Positive,1,0
3879784,Serie A 2015/2016,Torino,75,-1,0,15,2,61-75,Left Center Midfield,MF,0.0,0.2675,-0.2675,0,81,25,0.2077,0.2181,-0.0104,0.2571,Positive,2,1
3879784,Serie A 2015/2016,Genoa,75,1,1,15,3,61-75,Left Defensive Midfield,MF,0.2675,0.0,0.2675,2,68,23,0.2181,0.2077,0.0104,-0.2571,Negative,2,1
3879784,Serie A 2015/2016,Torino,75,-1,0,15,3,61-75,Left Wing Back,FW,0.0,0.2675,-0.2675,0,81,25,0.2077,0.2181,-0.0104,0.2571,Positive,2,0
3879783,Serie A 2015/2016,Udinese,45,-1,1,45,1,31-60,Right Wing,FW,0.1059,0.3492,-0.2433,2,64,32,0.1244,0.0,0.1244,0.3677,Positive,1,0
3879783,Serie A 2015/2016,AS Roma,69,1,0,21,1,61-75,Left Wing,FW,0.1617,0.084,0.0777,4,119,21,0.2549,0.0194,0.2355,0.1578,Positive,2,0
3879783,Serie A 2015/2016,Udinese,72,-1,1,18,2,61-75,Left Wing,FW,0.084,0.1617,-0.0777,2,68,35,0.0826,0.2549,-0.1723,-0.0946,Neutral,2,0
3879783,Serie A 2015/2016,Udinese,77,-2,1,13,3,76-90+,Right Center Midfield,MF,0.0,0.359,-0.359,0,67,31,0.0826,0.0576,0.025,0.384,Positive,3,1
3879782,Serie A 2015/2016,Carpi,57,1,1,33,1,31-60,Center Attacking Midfield,MF,0.3863,0.101,0.2853,3,85,53,0.0178,0.3607,-0.3429,-0.6282,Negative,1,1
3879782,Serie A 2015/2016,Frosinone,62,-1,0,28,1,61-75,Center Defensive Midfield,MF,0.0906,0.3863,-0.2957,2,117,37,0.3274,0.0178,0.3096,0.6053,Positive,2,1
3879782,Serie A 2015/2016,Frosinone,62,-1,0,28,2,61-75,Right Wing,FW,0.0906,0.3863,-0.2957,2,117,37,0.3274,0.0178,0.3096,0.6053,Positive,2,0
3879782,Serie A 2015/2016,Carpi,64,1,1,26,2,61-75,Left Defensive Midfield,MF,0.35,0.0906,0.2594,1,75,36,0.0178,0.3274,-0.3096,-0.569,Negative,2,1
3879782,Serie A 2015/2016,Carpi,75,0,1,15,3,61-75,Right Center Forward,FW,0.0178,0.3607,-0.3429,1,62,26,0.7903,0.0,0.7903,1.1332,Positive,2,0
3879782,Serie A 2015/2016,Frosinone,76,0,0,14,3,76-90+,Left Center Forward,FW,0.3607,0.0178,0.3429,3,74,19,0.0,0.8365,-0.8365,-1.1794,Negative,3,0
3879781,Serie A 2015/2016,AC Milan,18,0,0,72,1,0-30,Goalkeeper,GK,0.0,0.1483,-0.1483,0,63,19,0.0318,0.3369,-0.3051,-0.1568,Negative,0,3
3879781,Serie A 2015/2016,AC Milan,60,0,0,30,2,31-60,Center Attacking Midfield,MF,0.1602,0.1083,0.0519,3,119,22,0.2602,0.0568,0.2034,0.1515,Positive,1,1
3879781,Serie A 2015/2016,Chievo,61,0,1,29,1,61-75,Left Center Forward,FW,0.1083,0.242,-0.1337,3,74,41,0.0568,0.1784,-0.1216,0.0121,Neutral,2,0
3879781,Serie A 2015/2016,Chievo,72,0,1,18,2,61-75,Center Attacking Midfield,MF,0.0808,0.0818,-0.001,3,62,31,0.2318,0.1784,0.0534,0.0544,Neutral,2,1
3879781,Serie A 2015/2016,AC Milan,84,0,0,6,3,76-90+,Left Defensive Midfield,MF,0.1784,0.2445,-0.0661,3,94,14,0.0,0.0087,-0.0087,0.0574,Neutral,3,1
3879780,Serie A 2015/2016,Fiorentina,6,0,1,84,1,0-30,Right Back,DF,0.0,0.0,0.0,0,43,6,0.0601,0.0,0.0601,0.0601,Neutral,0,2
3879780,Serie A 2015/2016,Fiorentina,55,1,1,35,2,31-60,Left Defensive Midfield,MF,0.1887,0.2366,-0.0479,1,117,20,0.0339,0.0782,-0.0443,0.0036,Neutral,1,1
3879780,Serie A 2015/2016,Hellas Verona,58,-1,0,32,1,31-60,Left Center Midfield,MF,0.2366,0.0339,0.2027,4,36,42,0.0893,0.0132,0.0761,-0.1266,Negative,1,1
3879780,Serie A 2015/2016,Hellas Verona,71,-1,0,19,2,61-75,Right Midfield,MF,0.0782,0.0471,0.0311,2,81,34,0.2353,0.0328,0.2025,0.1714,Positive,2,1
3879780,Serie A 2015/2016,Fiorentina,74,1,1,16,3,61-75,Center Forward,FW,0.0132,0.0893,-0.0761,1,100,43,0.0328,0.2243,-0.1915,-0.1154,Negative,2,0
3879780,Serie A 2015/2016,Hellas Verona,78,-1,0,12,3,76-90+,Left Defensive Midfield,MF,0.1601,0.0132,0.1469,3,101,21,0.113,0.0541,0.0589,-0.088,Neutral,3,1
3879779,Serie A 2015/2016,Inter Milan,10,0,1,80,1,0-30,Center Forward,FW,0.1024,0.045,0.0574,1,53,8,0.1137,0.1672,-0.0535,-0.1109,Negative,0,0
3879779,Serie A 2015/2016,Bologna,16,0,0,74,1,0-30,Center Forward,FW,0.0,0.1329,-0.1329,0,39,29,0.1672,0.1208,0.0464,0.1793,Positive,0,0
3879779,Serie A 2015/2016,Bologna,58,0,0,32,2,31-60,Right Back,DF,0.0,0.1342,-0.1342,0,101,43,0.0,0.942,-0.942,-0.8078,Negative,1,2
3879779,Serie A 2015/2016,Inter Milan,70,0,1,20,2,61-75,Left Wing,FW,0.0536,0.0,0.0536,2,117,22,1.0745,0.2641,0.8104,0.7568,Positive,2,0
3879779,Serie A 2015/2016,Bologna,76,-2,0,14,3,76-90+,Right Center Midfield,MF,0.0,1.0856,-1.0856,0,47,36,0.3171,0.0,0.3171,1.4027,Positive,3,1
3879778,Serie A 2015/2016,Empoli,55,-1,1,35,1,31-60,Left Center Forward,FW,0.0439,0.1083,-0.0644,1,84,29,0.0896,0.4038,-0.3142,-0.2498,Negative,1,0
3879778,Serie A 2015/2016,Empoli,61,-1,1,29,2,61-75,Right Center Back,DF,0.1335,0.2777,-0.1442,3,65,34,0.0728,0.1652,-0.0924,0.0518,Neutral,2,2
3879778,Serie A 2015/2016,Sampdoria,64,1,0,26,1,61-75,Center Attacking Midfield,MF,0.2777,0.0896,0.1881,2,105,19,0.1652,0.3547,-0.1895,-0.3776,Negative,2,1
3879778,Serie A 2015/2016,Sampdoria,77,1,0,13,2,76-90+,Left Wing Back,FW,0.1652,0.3547,-0.1895,2,44,25,0.0384,0.4477,-0.4093,-0.2198,Negative,3,0
3879778,Serie A 2015/2016,Empoli,78,-1,1,12,3,76-90+,Center Defensive Midfield,MF,0.3547,0.1652,0.1895,2,99,13,0.4477,0.0384,0.4093,0.2198,Positive,3,1
3879777,Serie A 2015/2016,Sassuolo,68,-1,0,22,1,61-75,Right Center Midfield,MF,0.0435,0.0,0.0435,1,101,23,0.0084,0.2685,-0.2601,-0.3036,Negative,2,1
3879777,Serie A 2015/2016,Juventus,71,1,1,19,1,61-75,Right Center Midfield,MF,0.1452,0.0,0.1452,1,91,29,0.1627,0.0084,0.1543,0.0091,Neutral,2,1
3879777,Serie A 2015/2016,Sassuolo,76,-1,0,14,2,76-90+,Center Forward,FW,0.0084,0.1743,-0.1659,1,96,23,0.0942,0.1335,-0.0393,0.1266,Positive,3,0
3879777,Serie A 2015/2016,Juventus,79,1,1,11,2,76-90+,Right Center Forward,FW,0.2685,0.0084,0.2601,3,53,30,0.0393,0.0942,-0.0549,-0.315,Negative,3,0
3879774,Serie A 2015/2016,Inter Milan,65,2,1,25,1,61-75,Right Wing,FW,0.2275,0.0,0.2275,2,96,37,0.075,0.1076,-0.0326,-0.2601,Negative,2,0
3879774,Serie A 2015/2016,Palermo,67,-2,0,23,1,61-75,Left Center Midfield,MF,0.0,0.2275,-0.2275,0,60,45,0.2158,0.075,0.1408,0.3683,Positive,2,1
3879774,Serie A 2015/2016,Palermo,70,-2,0,20,2,61-75,Left Center Forward,FW,0.0,0.0272,-0.0272,0,47,52,0.2158,0.075,0.1408,0.168,Positive,2,0
3879774,Serie A 2015/2016,Inter Milan,78,2,1,12,2,76-90+,Right Wing,FW,0.075,0.1076,-0.0326,1,113,20,0.4589,0.1081,0.3508,0.3834,Positive,3,0
3879774,Serie A 2015/2016,Palermo,82,-2,0,8,3,76-90+,Right Wing Back,FW,0.2158,0.075,0.1408,3,31,52,0.0,0.4589,-0.4589,-0.5997,Negative,3,0
3879776,Serie A 2015/2016,Carpi,21,0,0,69,1,0-30,Right Center Forward,FW,0.0,0.0917,-0.0917,0,39,28,0.3441,0.0451,0.299,0.3907,Positive,0,0
3879776,Serie A 2015/2016,Bologna,45,0,1,45,1,31-60,Right Wing,FW,0.0265,0.1134,-0.0869,1,103,25,0.1429,0.0,0.1429,0.2298,Positive,1,0
3879776,Serie A 2015/2016,Carpi,64,0,0,26,2,61-75,Center Defensive Midfield,MF,0.0,0.0516,-0.0516,0,45,26,0.0,0.1357,-0.1357,-0.0841,Neutral,2,1
3879776,Serie A 2015/2016,Bologna,64,0,1,26,2,61-75,Left Back,DF,0.0516,0.0,0.0516,1,97,11,0.1357,0.0,0.1357,0.0841,Neutral,2,2
3879776,Serie A 2015/2016,Carpi,73,0,0,17,3,61-75,Left Center Forward,FW,0.0,0.1873,-0.1873,0,57,28,0.0,0.3751,-0.3751,-0.1878,Negative,2,0
3879776,Serie A 2015/2016,Bologna,76,0,1,14,3,76-90+,Right Center Midfield,MF,0.1873,0.0,0.1873,4,109,14,0.3751,0.0,0.3751,0.1878,Positive,3,1
3879771,Serie A 2015/2016,AC Milan,54,-1,0,36,1,31-60,Left Center Forward,FW,0.0,0.4411,-0.4411,0,81,46,0.0265,0.1048,-0.0783,0.3628,Positive,1,0
3879771,Serie A 2015/2016,Sassuolo,54,1,1,36,1,31-60,Right Center Back,DF,0.4411,0.0,0.4411,6,86,21,0.1048,0.0265,0.0783,-0.3628,Negative,1,2
3879771,Serie A 2015/2016,Sassuolo,62,1,1,28,2,61-75,Right Center Midfield,MF,0.0784,0.0265,0.0519,2,80,31,0.3883,0.0,0.3883,0.3364,Positive,2,1
3879771,Serie A 2015/2016,AC Milan,67,-1,0,23,2,61-75,Left Center Back,DF,0.0265,0.1048,-0.0783,1,82,53,0.0404,0.2835,-0.2431,-0.1648,Negative,2,2
3879771,Serie A 2015/2016,AC Milan,81,-2,0,9,3,76-90+,Right Midfield,MF,0.0404,0.2835,-0.2431,1,82,32,0.0,0.0401,-0.0401,0.203,Positive,3,1
3879771,Serie A 2015/2016,Sassuolo,85,2,1,5,3,76-90+,Center Forward,FW,0.2835,0.0404,0.2431,1,63,30,0.0401,0.0,0.0401,-0.203,Negative,3,0
3879772,Serie A 2015/2016,Lazio,39,-1,0,51,1,31-60,Left Back,DF,0.054,0.2986,-0.2446,1,66,29,0.0,0.0097,-0.0097,0.2349,Positive,1,2
3879772,Serie A 2015/2016,Lazio,39,-1,0,51,2,31-60,Right Center Midfield,MF,0.054,0.2986,-0.2446,1,66,29,0.0,0.0097,-0.0097,0.2349,Positive,1,1
3879772,Serie A 2015/2016,Lazio,72,-1,0,18,3,61-75,Left Center Forward,FW,0.412,0.0612,0.3508,6,80,32,0.7995,0.0936,0.7059,0.3551,Positive,2,0
3879772,Serie A 2015/2016,Torino,78,0,1,12,1,76-90+,Left Center Midfield,MF,0.0612,1.074,-1.0128,1,38,29,0.1804,0.03,0.1504,1.1632,Positive,3,1
3879772,Serie A 2015/2016,Torino,79,0,1,11,2,76-90+,Right Wing Back,FW,0.0841,1.074,-0.9899,2,36,24,0.1576,0.03,0.1276,1.1175,Positive,3,0
3879772,Serie A 2015/2016,Torino,84,0,1,6,3,76-90+,Center Defensive Midfield,MF,0.0647,0.8734,-0.8087,2,39,22,0.1157,0.014,0.1017,0.9104,Positive,3,1
3879756,Serie A 2015/2016,Napoli,64,0,1,26,1,61-75,Right Wing,FW,0.0466,0.0,0.0466,2,127,22,0.1602,0.0,0.1602,0.1136,Positive,2,0
3879756,Serie A 2015/2016,AC Milan,71,0,0,19,1,61-75,Left Center Forward,FW,0.0,0.1602,-0.1602,0,67,26,0.1199,0.1054,0.0145,0.1747,Positive,2,0
3879756,Serie A 2015/2016,Napoli,79,0,1,11,2,76-90+,Right Center Midfield,MF,0.1602,0.0,0.1602,2,102,19,0.4381,0.1716,0.2665,0.1063,Positive,3,1
3879756,Serie A 2015/2016,AC Milan,82,0,0,8,2,76-90+,Left Defensive Midfield,MF,0.0,0.0732,-0.0732,0,61,27,0.1716,0.3649,-0.1933,-0.1201,Negative,3,1
3879754,Serie A 2015/2016,Carpi,50,0,0,40,1,31-60,Center Attacking Midfield,MF,0.0,0.0,0.0,0,55,26,0.0,0.3029,-0.3029,-0.3029,Negative,1,1
3879754,Serie A 2015/2016,Carpi,66,0,0,24,2,61-75,Left Midfield,MF,0.0,0.3029,-0.3029,0,49,30,0.0546,0.7835,-0.7289,-0.426,Negative,2,1
3879754,Serie A 2015/2016,Torino,72,0,1,18,1,61-75,Right Center Midfield,MF,0.3029,0.0546,0.2483,5,83,22,0.8309,0.0,0.8309,0.5826,Positive,2,1
3879754,Serie A 2015/2016,Carpi,74,0,0,16,3,61-75,Center Forward,FW,0.0546,0.182,-0.1274,1,50,23,0.0061,0.8309,-0.8248,-0.6974,Negative,2,0
3879754,Serie A 2015/2016,Torino,84,0,1,6,2,76-90+,Left Defensive Midfield,MF,0.8309,0.0546,0.7763,2,57,16,0.0,0.0061,-0.0061,-0.7824,Negative,3,1
3879748,Serie A 2015/2016,Chievo,45,-1,0,45,1,31-60,Center Attacking Midfield,MF,0.0,0.402,-0.402,0,45,36,0.2177,0.1761,0.0416,0.4436,Positive,1,1
3879748,Serie A 2015/2016,Hellas Verona,60,2,1,30,1,31-60,Left Midfield,MF,0.1761,0.2177,-0.0416,3,50,32,0.0292,0.9539,-0.9247,-0.8831,Negative,1,1
3879748,Serie A 2015/2016,Chievo,66,-2,0,24,2,61-75,Left Center Midfield,MF,0.2762,0.1115,0.1647,5,61,23,0.9613,0.0753,0.886,0.7213,Positive,2,1
3879748,Serie A 2015/2016,Hellas Verona,67,2,1,23,2,61-75,Left Midfield,MF,0.1115,0.1217,-0.0102,1,35,23,0.0753,0.9613,-0.886,-0.8758,Negative,2,1
3879748,Serie A 2015/2016,Hellas Verona,73,1,1,17,3,61-75,Left Center Forward,FW,0.0292,0.9879,-0.9587,1,33,23,0.2153,0.1175,0.0978,1.0565,Positive,2,0
3879748,Serie A 2015/2016,Chievo,74,-1,0,16,3,61-75,Right Center Forward,FW,0.9879,0.0292,0.9587,5,54,21,0.1175,0.2153,-0.0978,-1.0565,Negative,2,0
3879749,Serie A 2015/2016,Inter Milan,62,2,1,28,1,61-75,Left Center Forward,FW,0.1928,0.1922,0.0006,1,65,43,0.2082,0.0604,0.1478,0.1472,Positive,2,0
3879749,Serie A 2015/2016,Sampdoria,67,-2,0,23,1,61-75,Right Wing Back,FW,0.1401,0.1928,-0.0527,3,69,38,0.0948,0.2082,-0.1134,-0.0607,Neutral,2,0
3879749,Serie A 2015/2016,Inter Milan,77,3,1,13,2,76-90+,Right Wing,FW,0.2082,0.0604,0.1478,1,67,45,0.0285,0.2476,-0.2191,-0.3669,Negative,3,0
3879749,Serie A 2015/2016,Sampdoria,78,-3,0,12,2,76-90+,Left Midfield,MF,0.0604,0.2082,-0.1478,1,98,38,0.2476,0.0285,0.2191,0.3669,Positive,3,1
3879749,Serie A 2015/2016,Sampdoria,84,-3,0,6,3,76-90+,Right Center Midfield,MF,0.0948,0.2082,-0.1134,2,106,38,0.2132,0.0285,0.1847,0.2981,Positive,3,1
3879747,Serie A 2015/2016,Juventus,45,0,0,45,1,31-60,Center Attacking Midfield,MF,0.0,0.0171,-0.0171,0,111,16,0.0708,0.0309,0.0399,0.057,Neutral,1,1
3879747,Serie A 2015/2016,Bologna,64,0,1,26,1,61-75,Right Midfield,MF,0.0217,0.0708,-0.0491,1,85,38,0.0429,0.0232,0.0197,0.0688,Neutral,2,1
3879747,Serie A 2015/2016,Juventus,67,0,0,23,2,61-75,Right Center Forward,FW,0.0708,0.0,0.0708,1,113,29,0.0232,0.0429,-0.0197,-0.0905,Neutral,2,0
3879747,Serie A 2015/2016,Bologna,72,0,1,18,2,61-75,Left Back,DF,0.0,0.0232,-0.0232,0,90,23,0.0777,0.1419,-0.0642,-0.041,Neutral,2,2
3879747,Serie A 2015/2016,Bologna,81,0,1,9,3,76-90+,Left Center Midfield,MF,0.0429,0.0232,0.0197,1,51,21,0.0349,0.2515,-0.2166,-0.2363,Negative,3,1
3879742,Serie A 2015/2016,Genoa,45,-1,0,45,1,31-60,Right Wing,FW,0.075,0.0,0.075,2,63,41,0.0,0.1517,-0.1517,-0.2267,Negative,1,0
3879742,Serie A 2015/2016,Genoa,64,-2,0,26,2,61-75,Right Center Back,DF,0.0,0.2453,-0.2453,0,56,35,0.0217,0.297,-0.2753,-0.03,Neutral,2,2
3879742,Serie A 2015/2016,Genoa,76,-2,0,14,3,76-90+,Left Defensive Midfield,MF,0.0,0.3025,-0.3025,0,45,46,0.0485,0.0,0.0485,0.351,Positive,3,1
3879742,Serie A 2015/2016,AC Milan,76,2,1,14,1,76-90+,Right Center Forward,FW,0.3025,0.0,0.3025,5,87,14,0.0,0.0485,-0.0485,-0.351,Negative,3,0
3879742,Serie A 2015/2016,AC Milan,82,2,1,8,2,76-90+,Right Defensive Midfield,MF,0.1147,0.0217,0.093,3,123,19,0.0,0.3465,-0.3465,-0.4395,Negative,3,1
3879746,Serie A 2015/2016,Fiorentina,57,-1,1,33,1,31-60,Right Wing,FW,0.0948,0.0067,0.0881,3,102,41,0.3808,0.0,0.3808,0.2927,Positive,1,0
3879746,Serie A 2015/2016,Inter Milan,70,0,0,20,1,61-75,Left Wing,FW,0.0067,0.4029,-0.3962,1,53,23,0.0287,0.0,0.0287,0.4249,Positive,2,0
3879746,Serie A 2015/2016,Inter Milan,83,0,0,7,2,76-90+,Right Wing,FW,0.0287,0.0567,-0.028,1,52,12,0.0,0.6286,-0.6286,-0.6006,Negative,3,0
3879744,Serie A 2015/2016,Atalanta,57,0,0,33,1,31-60,Left Defensive Midfield,MF,0.0657,0.156,-0.0903,3,56,40,0.0,0.0476,-0.0476,0.0427,Neutral,1,1
3879744,Serie A 2015/2016,Sampdoria,59,0,1,31,1,31-60,Left Center Forward,FW,0.141,0.0657,0.0753,2,100,23,0.0476,0.0314,0.0162,-0.0591,Neutral,1,0
3879744,Serie A 2015/2016,Atalanta,64,0,0,26,2,61-75,Center Forward,FW,0.0657,0.1666,-0.1009,3,59,26,0.0314,0.022,0.0094,0.1103,Positive,2,0
3879744,Serie A 2015/2016,Sampdoria,74,0,1,16,2,61-75,Center Attacking Midfield,MF,0.0476,0.0314,0.0162,2,91,29,0.282,0.0,0.282,0.2658,Positive,2,1
3879744,Serie A 2015/2016,Atalanta,79,0,0,11,3,76-90+,Center Attacking Midfield,MF,0.0314,0.022,0.0094,1,72,26,0.0,0.4813,-0.4813,-0.4907,Negative,3,1
3879745,Serie A 2015/2016,Palermo,13,1,1,77,1,0-30,Right Center Back,DF,0.4829,0.2165,0.2664,3,54,18,0.0706,1.3623,-1.2917,-1.5581,Negative,0,2
3879745,Serie A 2015/2016,Palermo,37,0,1,53,2,31-60,Goalkeeper,GK,0.0435,0.6185,-0.575,2,45,24,0.1407,0.3293,-0.1886,0.3864,Positive,1,3
3879745,Serie A 2015/2016,Torino,58,0,0,32,1,31-60,Left Wing Back,FW,0.3611,0.257,0.1041,6,75,49,0.7047,0.403,0.3017,0.1976,Positive,1,0
3879745,Serie A 2015/2016,Torino,68,0,0,22,2,61-75,Right Wing Back,FW,0.6078,0.5111,0.0967,5,50,35,0.3148,0.0545,0.2603,0.1636,Positive,2,0
3879745,Serie A 2015/2016,Palermo,75,-1,1,15,3,61-75,Right Center Midfield,MF,0.1422,0.8908,-0.7486,4,83,26,0.0,0.1675,-0.1675,0.5811,Positive,2,1
3879745,Serie A 2015/2016,Torino,81,1,0,9,3,76-90+,Left Center Forward,FW,0.3675,0.0545,0.313,3,71,23,0.1859,0.0,0.1859,-0.1271,Negative,3,0
3879743,Serie A 2015/2016,Bologna,54,0,0,36,1,31-60,Right Wing,FW,0.059,0.0105,0.0485,3,81,27,0.0765,0.0,0.0765,0.028,Neutral,1,0
3879743,Serie A 2015/2016,Udinese,57,0,1,33,1,31-60,Right Center Forward,FW,0.0105,0.1044,-0.0939,1,72,52,0.0,0.0311,-0.0311,0.0628,Neutral,1,0
3879743,Serie A 2015/2016,Udinese,63,0,1,27,2,61-75,Right Center Midfield,MF,0.0,0.1355,-0.1355,0,58,59,0.1022,0.0,0.1022,0.2377,Positive,2,1
3879743,Serie A 2015/2016,Bologna,74,0,0,16,2,61-75,Right Center Midfield,MF,0.0311,0.1022,-0.0711,1,51,20,0.1413,0.1992,-0.0579,0.0132,Neutral,2,1
3879743,Serie A 2015/2016,Udinese,76,0,1,14,3,76-90+,Right Center Forward,FW,0.1022,0.0311,0.0711,2,45,25,0.4949,0.1413,0.3536,0.2825,Positive,3,0
3879743,Serie A 2015/2016,Bologna,83,1,0,7,3,76-90+,Center Forward,FW,0.1413,0.2232,-0.0819,1,43,18,0.2678,0.3739,-0.1061,-0.0242,Neutral,3,0
3879739,Serie A 2015/2016,Juventus,51,0,1,39,1,31-60,Right Center Back,DF,0.1214,0.0175,0.1039,3,112,34,0.1598,0.0,0.1598,0.0559,Neutral,1,2
3879739,Serie A 2015/2016,Juventus,57,0,1,33,2,31-60,Left Center Forward,FW,0.0947,0.0175,0.0772,1,88,26,0.1598,0.056,0.1038,0.0266,Neutral,1,0
3879739,Serie A 2015/2016,Napoli,76,0,0,14,1,76-90+,Left Wing,FW,0.056,0.1598,-0.1038,1,131,22,0.0499,0.0645,-0.0146,0.0892,Neutral,3,0
3879739,Serie A 2015/2016,Juventus,85,0,1,5,3,76-90+,Right Center Forward,FW,0.026,0.0499,-0.0239,1,91,25,0.0385,0.0348,0.0037,0.0276,Neutral,3,0
3879741,Serie A 2015/2016,Chievo,35,0,1,55,1,31-60,Left Center Forward,FW,0.8689,0.1372,0.7317,3,65,23,0.2483,0.3664,-0.1181,-0.8498,Negative,1,0
3879741,Serie A 2015/2016,Chievo,54,0,1,36,2,31-60,Right Back,DF,0.1009,0.3664,-0.2655,2,78,24,0.007,0.1379,-0.1309,0.1346,Positive,1,2
3879741,Serie A 2015/2016,Chievo,67,0,1,23,3,61-75,Right Midfield,MF,0.007,0.1379,-0.1309,1,43,19,0.1376,0.0895,0.0481,0.179,Positive,2,1
3879741,Serie A 2015/2016,Sassuolo,71,0,0,19,1,61-75,Center Forward,FW,0.1379,0.007,0.1309,3,77,22,0.0993,0.1376,-0.0383,-0.1692,Negative,2,0
3879741,Serie A 2015/2016,Sassuolo,79,0,0,11,2,76-90+,Left Wing,FW,0.0995,0.1376,-0.0381,2,77,30,0.1546,0.0349,0.1197,0.1578,Positive,3,0
3879741,Serie A 2015/2016,Sassuolo,79,0,0,11,3,76-90+,Right Wing,FW,0.0995,0.1376,-0.0381,2,77,30,0.1546,0.0349,0.1197,0.1578,Positive,3,0
3879740,Serie A 2015/2016,Frosinone,69,0,0,21,1,61-75,Right Wing,FW,0.0,0.4749,-0.4749,0,51,24,0.7835,0.3957,0.3878,0.8627,Positive,2,0
3879740,Serie A 2015/2016,Frosinone,78,1,0,12,2,76-90+,Left Center Forward,FW,0.7835,0.4865,0.297,1,45,30,0.0217,0.3193,-0.2976,-0.5946,Negative,3,0
3879740,Serie A 2015/2016,Empoli,78,-1,1,12,1,76-90+,Left Center Midfield,MF,0.4865,0.7835,-0.297,6,79,13,0.3193,0.0217,0.2976,0.5946,Positive,3,1
3879740,Serie A 2015/2016,Empoli,80,-1,1,10,2,76-90+,Right Back,DF,0.4865,0.7835,-0.297,6,79,9,0.5304,0.0217,0.5087,0.8057,Positive,3,2
3879738,Serie A 2015/2016,AS Roma,45,0,0,45,1,31-60,Left Wing,FW,0.4404,0.0,0.4404,3,125,11,0.1462,0.0452,0.101,-0.3394,Negative,1,0
3879738,Serie A 2015/2016,Carpi,53,0,1,37,1,31-60,Right Center Forward,FW,0.0,0.3372,-0.3372,0,33,36,0.8914,0.1372,0.7542,1.0914,Positive,1,0
3879738,Serie A 2015/2016,Carpi,78,0,1,12,2,76-90+,Left Center Forward,FW,0.0463,0.3073,-0.261,1,40,25,0.2072,1.1523,-0.9451,-0.6841,Negative,3,0
3879738,Serie A 2015/2016,Carpi,85,-2,1,5,3,76-90+,Left Center Back,DF,0.0,1.4183,-1.4183,0,29,31,0.2072,0.0,0.2072,1.6255,Positive,3,2
3879737,Serie A 2015/2016,Hellas Verona,49,-1,0,41,1,31-60,Left Midfield,MF,0.0,0.1259,-0.1259,0,53,21,0.0957,0.1574,-0.0617,0.0642,Neutral,1,1
3879737,Serie A 2015/2016,Hellas Verona,50,-2,0,40,2,31-60,Left Back,DF,0.0,0.2491,-0.2491,0,40,22,0.0957,0.0,0.0957,0.3448,Positive,1,2
3879737,Serie A 2015/2016,Hellas Verona,68,-2,0,22,3,61-75,Left Center Forward,FW,0.0957,0.0387,0.057,1,78,36,0.3043,1.2934,-0.9891,-1.0461,Negative,2,0
3879737,Serie A 2015/2016,Lazio,72,2,1,18,1,61-75,Right Wing,FW,0.9925,0.1649,0.8276,2,117,24,0.5989,0.235,0.3639,-0.4637,Negative,2,0
3879737,Serie A 2015/2016,Lazio,79,1,1,11,2,76-90+,Center Forward,FW,1.1703,0.3043,0.866,3,110,19,1.2046,0.0,1.2046,0.3386,Positive,3,0
3879737,Serie A 2015/2016,Lazio,84,2,1,6,3,76-90+,Right Wing,FW,0.4694,0.3043,0.1651,3,61,22,0.913,0.0,0.913,0.7479,Positive,3,0
3879732,Serie A 2015/2016,Chievo,45,-1,0,45,1,31-60,Right Center Back,DF,0.0916,0.0181,0.0735,1,53,18,0.0771,0.0891,-0.012,-0.0855,Neutral,1,2
3879732,Serie A 2015/2016,Torino,56,1,1,34,1,31-60,Left Center Midfield,MF,0.0,0.0771,-0.0771,0,94,19,0.0891,0.0884,0.0007,0.0778,Neutral,1,1
3879732,Serie A 2015/2016,Torino,59,1,1,31,2,31-60,Right Center Forward,FW,0.0891,0.0771,0.012,2,98,22,0.0,0.8719,-0.8719,-0.8839,Negative,1,0
3879732,Serie A 2015/2016,Chievo,60,-1,0,30,2,31-60,Right Center Forward,FW,0.0771,0.0891,-0.012,1,86,20,0.8719,0.0289,0.843,0.855,Positive,1,0
3879732,Serie A 2015/2016,Torino,71,1,1,19,3,61-75,Right Center Midfield,MF,0.0891,0.0884,0.0007,2,77,16,0.1564,0.7913,-0.6349,-0.6356,Negative,2,1
3879732,Serie A 2015/2016,Chievo,79,0,0,11,3,76-90+,Right Midfield,MF,0.8719,0.0564,0.8155,2,47,16,0.0158,0.0999,-0.0841,-0.8996,Negative,3,1
3879707,Serie A 2015/2016,AS Roma,58,1,1,32,1,31-60,Center Forward,FW,0.2015,0.0795,0.122,4,125,13,0.0537,0.1366,-0.0829,-0.2049,Negative,1,0
3879707,Serie A 2015/2016,AS Roma,72,1,1,18,2,61-75,Left Back,DF,0.0537,0.1366,-0.0829,1,97,22,0.0948,0.0217,0.0731,0.156,Positive,2,2
3879707,Serie A 2015/2016,Frosinone,75,-1,0,15,1,61-75,Left Center Midfield,MF,0.0842,0.0537,0.0305,2,51,22,0.0217,0.3462,-0.3245,-0.355,Negative,2,1
3879707,Serie A 2015/2016,Frosinone,75,-1,0,15,2,61-75,Right Center Midfield,MF,0.0842,0.0537,0.0305,2,51,22,0.0217,0.3462,-0.3245,-0.355,Negative,2,1
3879707,Serie A 2015/2016,AS Roma,82,1,1,8,3,76-90+,Right Wing,FW,0.0537,0.0507,0.003,1,60,22,0.3997,0.0333,0.3664,0.3634,Positive,3,0
3879702,Serie A 2015/2016,Hellas Verona,45,1,1,45,1,31-60,Left Wing,FW,0.9559,0.0417,0.9142,2,60,41,0.2791,0.0,0.2791,-0.6351,Negative,1,0
3879702,Serie A 2015/2016,Hellas Verona,56,1,1,34,2,31-60,Right Defensive Midfield,MF,0.0712,0.0,0.0712,3,70,35,0.426,0.0086,0.4174,0.3462,Positive,1,1
3879702,Serie A 2015/2016,Genoa,58,-1,0,32,1,31-60,Right Wing,FW,0.0,0.1646,-0.1646,0,93,27,0.0086,0.3326,-0.324,-0.1594,Negative,1,0
3879702,Serie A 2015/2016,Genoa,58,-1,0,32,2,31-60,Left Defensive Midfield,MF,0.0,0.1646,-0.1646,0,93,27,0.0086,0.3326,-0.324,-0.1594,Negative,1,1
3879702,Serie A 2015/2016,Genoa,66,-1,0,24,3,61-75,Left Wing,FW,0.0,0.426,-0.426,0,66,24,0.1246,0.0823,0.0423,0.4683,Positive,2,0
3879702,Serie A 2015/2016,Hellas Verona,80,1,1,10,3,76-90+,Right Wing,FW,0.0823,0.1246,-0.0423,2,101,21,0.1315,0.1771,-0.0456,-0.0033,Neutral,3,0
3879704,Serie A 2015/2016,Inter Milan,45,1,1,45,1,31-60,Left Back,DF,0.9406,0.1895,0.7511,5,117,22,0.0812,0.0,0.0812,-0.6699,Negative,1,2
3879704,Serie A 2015/2016,Carpi,59,-1,0,31,1,31-60,Left Wing Back,FW,0.1282,0.0812,0.047,2,49,50,0.1507,0.0217,0.129,0.082,Neutral,1,0
3879704,Serie A 2015/2016,Carpi,68,-1,0,22,2,61-75,Right Center Forward,FW,0.1141,0.0217,0.0924,2,55,33,0.0365,0.6321,-0.5956,-0.688,Negative,2,0
3879704,Serie A 2015/2016,Carpi,72,-1,0,18,3,61-75,Left Center Midfield,MF,0.1507,0.0217,0.129,3,75,27,0.0,0.6321,-0.6321,-0.7611,Negative,2,1
3879704,Serie A 2015/2016,Inter Milan,75,1,1,15,2,61-75,Right Wing Back,FW,0.0217,0.1507,-0.129,1,72,26,0.6321,0.0,0.6321,0.7611,Positive,2,0
3879704,Serie A 2015/2016,Inter Milan,83,1,1,7,3,76-90+,Right Center Forward,FW,0.6321,0.0365,0.5956,4,86,22,0.0,0.0939,-0.0939,-0.6895,Negative,3,0
3879701,Serie A 2015/2016,Juventus,65,0,1,25,1,61-75,Right Wing Back,FW,0.0,0.0627,-0.0627,0,108,23,0.2888,0.0,0.2888,0.3515,Positive,2,0
3879701,Serie A 2015/2016,AS Roma,70,0,0,20,1,61-75,Left Defensive Midfield,MF,0.0627,0.1289,-0.0662,1,73,35,0.0,0.1598,-0.1598,-0.0936,Neutral,2,1
3879701,Serie A 2015/2016,Juventus,83,1,1,7,2,76-90+,Right Center Forward,FW,0.282,0.0,0.282,3,112,7,0.0619,0.1201,-0.0582,-0.3402,Negative,3,0
3879700,Serie A 2015/2016,Udinese,55,-1,0,35,1,31-60,Right Center Forward,FW,0.3415,0.0978,0.2437,5,97,22,0.4091,0.6022,-0.1931,-0.4368,Negative,1,0
3879700,Serie A 2015/2016,Udinese,66,-2,0,24,2,61-75,Left Wing Back,FW,0.5041,0.6092,-0.1051,5,90,23,0.2781,0.0061,0.272,0.3771,Positive,2,0
3879700,Serie A 2015/2016,Palermo,77,3,1,13,1,76-90+,Right Center Forward,FW,0.0061,0.0911,-0.085,1,65,44,0.9343,0.4484,0.4859,0.5709,Positive,3,0
3879700,Serie A 2015/2016,Udinese,78,-3,0,12,3,76-90+,Right Center Midfield,MF,0.0821,0.0061,0.076,2,125,19,0.5077,0.9343,-0.4266,-0.5026,Negative,3,1
3879700,Serie A 2015/2016,Palermo,85,2,1,5,2,76-90+,Left Center Forward,FW,0.0061,0.4209,-0.4148,1,69,31,0.9343,0.0869,0.8474,1.2622,Positive,3,0
3879706,Serie A 2015/2016,Fiorentina,66,1,1,24,1,61-75,Center Attacking Midfield,MF,0.0145,0.0236,-0.0091,1,77,12,0.0221,0.1114,-0.0893,-0.0802,Neutral,2,1
3879706,Serie A 2015/2016,Torino,71,-1,0,19,1,61-75,Left Center Forward,FW,0.0236,0.0366,-0.013,1,61,37,0.1621,0.0872,0.0749,0.0879,Neutral,2,0
3879706,Serie A 2015/2016,Torino,71,-1,0,19,2,61-75,Right Center Midfield,MF,0.0236,0.0366,-0.013,1,61,37,0.1621,0.0872,0.0749,0.0879,Neutral,2,1
3879706,Serie A 2015/2016,Torino,80,-1,0,10,3,76-90+,Left Center Midfield,MF,0.1114,0.0221,0.0893,2,54,35,0.0507,0.2112,-0.1605,-0.2498,Negative,3,1
3879706,Serie A 2015/2016,Fiorentina,81,1,1,9,2,76-90+,Right Center Forward,FW,0.0221,0.1114,-0.0893,1,78,13,0.2112,0.0507,0.1605,0.2498,Positive,3,0
3879706,Serie A 2015/2016,Fiorentina,85,2,1,5,3,76-90+,Center Attacking Midfield,MF,0.1092,0.1114,-0.0022,2,59,13,0.124,0.0507,0.0733,0.0755,Neutral,3,1
3878559,Serie A 2015/2016,Frosinone,45,-1,0,45,1,31-60,Right Center Forward,FW,0.0491,0.1468,-0.0977,2,45,37,0.2618,0.4368,-0.175,-0.0773,Neutral,1,0
3878559,Serie A 2015/2016,Atalanta,68,1,1,22,1,61-75,Right Center Midfield,MF,0.2002,0.2804,-0.0802,3,77,29,0.275,0.0227,0.2523,0.3325,Positive,2,1
3878559,Serie A 2015/2016,Frosinone,69,-2,0,21,2,61-75,Left Midfield,MF,0.1055,0.2374,-0.1319,3,51,26,0.0227,0.3232,-0.3005,-0.1686,Negative,2,1
3878559,Serie A 2015/2016,Frosinone,74,-2,0,16,3,61-75,Right Midfield,MF,0.0968,0.2035,-0.1067,2,69,23,0.061,0.3232,-0.2622,-0.1555,Negative,2,1
3878559,Serie A 2015/2016,Atalanta,76,2,1,14,2,76-90+,Left Center Midfield,MF,0.0371,0.1195,-0.0824,1,78,34,0.3232,0.0383,0.2849,0.3673,Positive,3,1
3879636,Serie A 2015/2016,Fiorentina,56,0,0,34,1,31-60,Center Forward,FW,0.0249,0.1867,-0.1618,1,101,39,0.1053,0.3255,-0.2202,-0.0584,Neutral,1,0
3879636,Serie A 2015/2016,Fiorentina,68,0,0,22,2,61-75,Right Defensive Midfield,MF,0.0664,0.3451,-0.2787,3,57,34,0.0938,0.0,0.0938,0.3725,Positive,2,1
3879636,Serie A 2015/2016,Sassuolo,71,0,1,19,1,61-75,Right Center Midfield,MF,0.3255,0.1053,0.2202,7,78,16,0.0958,0.0549,0.0409,-0.1793,Negative,2,1
3879636,Serie A 2015/2016,Sassuolo,76,0,1,14,2,76-90+,Center Forward,FW,0.1755,0.0501,0.1254,3,74,24,0.0958,0.1433,-0.0475,-0.1729,Negative,3,0
3879636,Serie A 2015/2016,Fiorentina,78,0,0,12,3,76-90+,Left Back,DF,0.0389,0.1755,-0.1366,1,93,27,0.1433,0.1354,0.0079,0.1445,Positive,3,2
3879627,Serie A 2015/2016,Bologna,53,0,0,37,1,31-60,Left Wing,FW,0.0624,0.0363,0.0261,1,67,30,0.0,0.0749,-0.0749,-0.101,Negative,1,0
3879627,Serie A 2015/2016,Bologna,62,0,0,28,2,61-75,Center Forward,FW,0.0,0.1111,-0.1111,0,61,33,0.0228,0.284,-0.2612,-0.1501,Negative,2,0
3879627,Serie A 2015/2016,Torino,67,0,1,23,1,61-75,Left Center Forward,FW,0.0749,0.0,0.0749,1,92,13,0.4625,0.0228,0.4397,0.3648,Positive,2,0
3879627,Serie A 2015/2016,Bologna,78,-1,0,12,3,76-90+,Left Center Midfield,MF,0.0228,0.284,-0.2612,1,57,21,0.0676,0.2962,-0.2286,0.0326,Neutral,3,1
3879626,Serie A 2015/2016,Inter Milan,59,2,1,31,1,31-60,Right Back,DF,1.1256,0.103,1.0226,4,82,22,0.2186,0.0349,0.1837,-0.8389,Negative,1,2
3879626,Serie A 2015/2016,Frosinone,76,-2,0,14,1,76-90+,Right Center Forward,FW,0.0,0.2429,-0.2429,0,45,34,0.0054,0.7391,-0.7337,-0.4908,Negative,3,0
3879626,Serie A 2015/2016,Frosinone,76,-2,0,14,2,76-90+,Right Defensive Midfield,MF,0.0,0.2429,-0.2429,0,45,34,0.0054,0.7391,-0.7337,-0.4908,Negative,3,1
3879626,Serie A 2015/2016,Frosinone,82,-2,0,8,3,76-90+,Right Center Midfield,MF,0.0,0.2049,-0.2049,0,48,29,0.0054,0.8792,-0.8738,-0.6689,Negative,3,1
3879626,Serie A 2015/2016,Inter Milan,85,2,1,5,2,76-90+,Right Wing,FW,0.5138,0.0054,0.5084,4,92,25,0.5099,0.0,0.5099,0.0015,Neutral,3,0
3879625,Serie A 2015/2016,Sampdoria,63,-1,0,27,1,61-75,Right Wing,FW,0.1341,0.0,0.1341,3,87,30,0.0773,0.0091,0.0682,-0.0659,Neutral,2,0
3879625,Serie A 2015/2016,Sampdoria,64,-1,0,26,2,61-75,Center Forward,FW,0.1341,0.0,0.1341,3,69,31,0.0773,0.0091,0.0682,-0.0659,Neutral,2,0
3879625,Serie A 2015/2016,Udinese,71,1,1,19,1,61-75,Right Center Forward,FW,0.0091,0.0841,-0.075,1,83,27,0.0071,0.0994,-0.0923,-0.0173,Neutral,2,0
3879625,Serie A 2015/2016,Udinese,72,1,1,18,2,61-75,Right Wing Back,FW,0.0091,0.1614,-0.1523,1,78,26,0.0071,0.0222,-0.0151,0.1372,Positive,2,0
3879625,Serie A 2015/2016,Udinese,80,1,1,10,3,76-90+,Left Center Back,DF,0.0091,0.0994,-0.0903,1,72,31,0.0333,0.0,0.0333,0.1236,Positive,3,2
3879625,Serie A 2015/2016,Sampdoria,81,-1,0,9,3,76-90+,Right Center Midfield,MF,0.0994,0.0091,0.0903,2,90,20,0.0,0.0333,-0.0333,-0.1236,Negative,3,1
3879624,Serie A 2015/2016,Lazio,57,-1,1,33,1,31-60,Right Wing,FW,0.0442,0.2018,-0.1576,1,115,25,0.8478,0.4919,0.3559,0.5135,Positive,1,0
3879624,Serie A 2015/2016,Lazio,57,-1,1,33,2,31-60,Center Forward,FW,0.0442,0.2018,-0.1576,1,115,25,0.8478,0.4919,0.3559,0.5135,Positive,1,0
3879624,Serie A 2015/2016,Palermo,72,0,0,18,1,61-75,Left Center Forward,FW,0.4919,0.8478,-0.3559,3,60,20,0.0633,0.0888,-0.0255,0.3304,Positive,2,0
3879624,Serie A 2015/2016,Palermo,73,0,0,17,2,61-75,Right Center Midfield,MF,0.4919,0.8055,-0.3136,3,63,20,0.0633,0.0888,-0.0255,0.2881,Positive,2,1
3879624,Serie A 2015/2016,Palermo,80,0,0,10,3,76-90+,Right Back,DF,0.5281,0.8055,-0.2774,3,55,25,0.0,0.2295,-0.2295,0.0479,Neutral,3,2
3879624,Serie A 2015/2016,Lazio,82,0,1,8,3,76-90+,Left Wing,FW,0.8055,0.0633,0.7422,2,73,22,0.2295,0.0,0.2295,-0.5127,Negative,3,0
3879623,Serie A 2015/2016,Fiorentina,45,-2,1,45,1,31-60,Right Defensive Midfield,MF,0.0353,0.0519,-0.0166,1,122,23,0.1887,0.0907,0.098,0.1146,Positive,1,1
3879623,Serie A 2015/2016,Fiorentina,45,-2,1,45,2,31-60,Right Wing Back,FW,0.0353,0.0519,-0.0166,1,122,23,0.1887,0.0907,0.098,0.1146,Positive,1,0
3879623,Serie A 2015/2016,Empoli,64,0,0,26,1,61-75,Left Center Forward,FW,0.1085,0.7456,-0.6371,5,55,25,0.0,0.1511,-0.1511,0.486,Positive,2,0
3879623,Serie A 2015/2016,Empoli,73,0,0,17,2,61-75,Center Attacking Midfield,MF,0.0178,0.5881,-0.5703,2,72,14,0.0,0.3015,-0.3015,0.2688,Positive,2,1
3879623,Serie A 2015/2016,Fiorentina,78,0,1,12,3,76-90+,Center Forward,FW,0.1511,0.0121,0.139,5,77,37,0.1579,0.0566,0.1013,-0.0377,Neutral,3,0
3879623,Serie A 2015/2016,Empoli,81,0,0,9,3,76-90+,Left Center Midfield,MF,0.0,0.2591,-0.2591,0,65,26,0.0566,0.2935,-0.2369,0.0222,Neutral,3,1
3879622,Serie A 2015/2016,Carpi,45,-2,1,45,1,31-60,Left Midfield,MF,0.0629,0.173,-0.1101,1,73,25,0.154,0.071,0.083,0.1931,Positive,1,1
3879622,Serie A 2015/2016,Carpi,57,-2,1,33,2,31-60,Left Center Back,DF,0.2169,0.071,0.1459,5,115,18,0.1893,0.0,0.1893,0.0434,Neutral,1,2
3879622,Serie A 2015/2016,Chievo,66,2,0,24,1,61-75,Right Center Forward,FW,0.0,0.0602,-0.0602,0,36,28,0.0277,0.1729,-0.1452,-0.085,Neutral,2,0
3879622,Serie A 2015/2016,Carpi,70,-2,1,20,3,61-75,Right Defensive Midfield,MF,0.1893,0.0,0.1893,4,52,16,0.0708,0.0277,0.0431,-0.1462,Negative,2,1
3879622,Serie A 2015/2016,Chievo,73,2,0,17,2,61-75,Left Midfield,MF,0.0,0.1893,-0.1893,0,47,33,0.0277,0.0708,-0.0431,0.1462,Positive,2,1
3879622,Serie A 2015/2016,Chievo,81,2,0,9,3,76-90+,Left Center Forward,FW,0.0277,0.1729,-0.1452,1,55,27,0.0,0.155,-0.155,-0.0098,Neutral,3,0
3879621,Serie A 2015/2016,Atalanta,54,-1,1,36,1,31-60,Left Back,DF,0.1409,0.5045,-0.3636,4,118,28,0.095,0.0214,0.0736,0.4372,Positive,1,2
3879621,Serie A 2015/2016,Atalanta,69,-1,1,21,2,61-75,Right Center Midfield,MF,0.095,0.0214,0.0736,4,95,31,0.5498,0.6456,-0.0958,-0.1694,Negative,2,1
3879621,Serie A 2015/2016,Atalanta,81,-1,1,9,3,76-90+,Right Back,DF,0.5905,0.3385,0.252,5,100,18,0.0584,0.3395,-0.2811,-0.5331,Negative,3,2
3879621,Serie A 2015/2016,Torino,83,1,0,7,1,76-90+,Right Center Forward,FW,0.3385,0.5842,-0.2457,2,38,29,0.3395,0.0584,0.2811,0.5268,Positive,3,0
3879620,Serie A 2015/2016,Hellas Verona,46,0,1,44,1,31-60,Left Back,DF,0.0,0.0515,-0.0515,0,61,32,0.046,0.1136,-0.0676,-0.0161,Neutral,1,2
3879620,Serie A 2015/2016,Napoli,65,0,0,25,1,61-75,Right Wing,FW,0.0474,0.046,0.0014,2,129,19,1.2054,0.0627,1.1427,1.1413,Positive,2,0
3879620,Serie A 2015/2016,Hellas Verona,67,-1,1,23,2,61-75,Center Defensive Midfield,MF,0.046,0.1937,-0.1477,1,62,35,0.1748,1.0591,-0.8843,-0.7366,Negative,2,1
3879620,Serie A 2015/2016,Hellas Verona,72,-1,1,18,3,61-75,Left Midfield,MF,0.1087,0.2454,-0.1367,2,64,28,0.1121,1.5441,-1.432,-1.2953,Negative,2,1
3879620,Serie A 2015/2016,Napoli,77,2,0,13,2,76-90+,Left Center Midfield,MF,1.1753,0.0627,1.1126,8,110,15,0.5891,0.1121,0.477,-0.6356,Negative,3,1
3878611,Serie A 2015/2016,Chievo,67,-1,1,23,1,61-75,Right Center Forward,FW,0.0103,0.0202,-0.0099,1,77,36,0.0,0.0614,-0.0614,-0.0515,Neutral,2,0
3878611,Serie A 2015/2016,Inter Milan,68,1,0,22,1,61-75,Left Center Back,DF,0.0202,0.0103,0.0099,1,65,27,0.0614,0.0,0.0614,0.0515,Neutral,2,2
3878611,Serie A 2015/2016,Inter Milan,73,1,0,17,2,61-75,Left Wing,FW,0.0069,0.0,0.0069,1,61,28,0.0662,0.0,0.0662,0.0593,Neutral,2,0
3878611,Serie A 2015/2016,Chievo,74,-1,1,16,2,61-75,Center Attacking Midfield,MF,0.0,0.0069,-0.0069,0,77,40,0.0,0.0662,-0.0662,-0.0593,Neutral,2,1
3878611,Serie A 2015/2016,Chievo,80,-1,1,10,3,76-90+,Right Defensive Midfield,MF,0.0,0.0069,-0.0069,0,55,46,0.1873,0.0662,0.1211,0.128,Positive,3,1
3878611,Serie A 2015/2016,Inter Milan,84,1,0,6,3,76-90+,Left Center Midfield,MF,0.0614,0.0,0.0614,2,84,22,0.0117,0.1873,-0.1756,-0.237,Negative,3,1
3878610,Serie A 2015/2016,Hellas Verona,24,0,0,66,1,0-30,Center Forward,FW,0.0756,0.2059,-0.1303,1,41,12,0.1047,0.0258,0.0789,0.2092,Positive,0,0
3878610,Serie A 2015/2016,Atalanta,61,0,1,29,1,61-75,Center Forward,FW,0.0816,0.289,-0.2074,3,68,21,0.0649,0.0713,-0.0064,0.201,Positive,2,0
3878610,Serie A 2015/2016,Hellas Verona,69,0,0,21,2,61-75,Right Center Back,DF,0.2252,0.095,0.1302,2,41,16,0.0713,0.0684,0.0029,-0.1273,Negative,2,2
3878610,Serie A 2015/2016,Atalanta,76,0,1,14,2,76-90+,Right Center Midfield,MF,0.0649,0.0713,-0.0064,3,67,22,0.2157,0.071,0.1447,0.1511,Positive,3,1
3878610,Serie A 2015/2016,Atalanta,81,0,1,9,3,76-90+,Right Back,DF,0.0876,0.0713,0.0163,3,63,15,0.1632,0.071,0.0922,0.0759,Neutral,3,2
3878608,Serie A 2015/2016,Frosinone,53,-1,0,37,1,31-60,Right Center Forward,FW,0.5251,0.2926,0.2325,2,79,25,0.2445,0.0,0.2445,0.012,Neutral,1,0
3878608,Serie A 2015/2016,Bologna,54,1,1,36,1,31-60,Left Defensive Midfield,MF,0.2926,0.5423,-0.2497,2,62,35,0.0,0.2272,-0.2272,0.0225,Neutral,1,1
3878608,Serie A 2015/2016,Frosinone,61,-1,0,29,2,61-75,Right Midfield,MF,0.1562,0.0,0.1562,3,66,27,0.1251,0.0088,0.1163,-0.0399,Neutral,2,1
3878608,Serie A 2015/2016,Bologna,72,1,1,18,2,61-75,Center Forward,FW,0.0088,0.1181,-0.1093,1,54,34,0.0422,0.3457,-0.3035,-0.1942,Negative,2,0
3878608,Serie A 2015/2016,Bologna,78,1,1,12,3,76-90+,Center Attacking Midfield,MF,0.0088,0.2644,-0.2556,1,44,35,0.0422,0.2821,-0.2399,0.0157,Neutral,3,1
3878608,Serie A 2015/2016,Frosinone,79,-1,0,11,3,76-90+,Left Midfield,MF,0.3579,0.0088,0.3491,6,61,32,0.1886,0.0422,0.1464,-0.2027,Negative,3,1
3878607,Serie A 2015/2016,AS Roma,49,0,1,41,1,31-60,Left Wing,FW,1.1153,0.4929,0.6224,9,107,30,0.0,0.0,0.0,-0.6224,Negative,1,0
3878607,Serie A 2015/2016,Sassuolo,57,0,0,33,1,31-60,Left Center Midfield,MF,0.4651,0.1862,0.2789,4,55,30,0.0,0.7003,-0.7003,-0.9792,Negative,1,1
3878607,Serie A 2015/2016,Sassuolo,59,0,0,31,2,31-60,Left Wing,FW,0.3166,0.0326,0.284,2,52,30,0.0368,0.7199,-0.6831,-0.9671,Negative,1,0
3878607,Serie A 2015/2016,AS Roma,59,0,1,31,2,31-60,Right Back,DF,0.0326,0.3166,-0.284,1,122,22,0.7199,0.0368,0.6831,0.9671,Positive,1,2
3878607,Serie A 2015/2016,AS Roma,66,0,1,24,3,61-75,Center Forward,FW,0.6411,0.0,0.6411,2,99,27,0.1424,0.0548,0.0876,-0.5535,Negative,2,0
3878607,Serie A 2015/2016,Sassuolo,74,0,0,16,3,61-75,Right Wing,FW,0.0368,0.7199,-0.6831,1,65,24,0.018,0.0636,-0.0456,0.6375,Positive,2,0
3878606,Serie A 2015/2016,Sampdoria,45,-2,0,45,1,31-60,Left Back,DF,0.4889,0.5343,-0.0454,3,119,19,0.0,0.0,0.0,0.0454,Neutral,1,2
3878606,Serie A 2015/2016,Torino,54,2,1,36,1,31-60,Right Center Forward,FW,0.5343,0.0609,0.4734,3,82,26,0.1182,0.078,0.0402,-0.4332,Negative,1,0
3878606,Serie A 2015/2016,Sampdoria,61,-2,0,29,2,61-75,Left Center Midfield,MF,0.0,0.0,0.0,0,97,34,0.078,0.2573,-0.1793,-0.1793,Negative,2,1
3878606,Serie A 2015/2016,Torino,75,2,1,15,2,61-75,Right Wing Back,FW,0.2573,0.078,0.1793,4,74,17,0.1704,0.2773,-0.1069,-0.2862,Negative,2,0
3878606,Serie A 2015/2016,Sampdoria,81,-2,0,9,3,76-90+,Center Attacking Midfield,MF,0.1082,0.2573,-0.1491,4,80,18,0.1967,0.1704,0.0263,0.1754,Positive,3,1
3878606,Serie A 2015/2016,Torino,83,2,1,7,3,76-90+,Right Center Midfield,MF,0.1872,0.2773,-0.0901,3,57,26,0.1222,0.0276,0.0946,0.1847,Positive,3,1
3878605,Serie A 2015/2016,Fiorentina,45,1,0,45,1,31-60,Left Wing Back,FW,0.2566,0.0754,0.1812,2,125,12,0.0513,1.2519,-1.2006,-1.3818,Negative,1,0
3878605,Serie A 2015/2016,Carpi,55,-1,1,35,1,31-60,Center Defensive Midfield,MF,1.2462,0.0,1.2462,4,89,29,0.014,0.1703,-0.1563,-1.4025,Negative,1,1
3878605,Serie A 2015/2016,Fiorentina,57,1,0,33,2,31-60,Right Center Forward,FW,0.0,1.2519,-1.2519,0,95,23,0.1703,0.0083,0.162,1.4139,Positive,1,0
3878605,Serie A 2015/2016,Carpi,70,-1,1,20,2,61-75,Right Wing,FW,0.014,0.1703,-0.1563,2,40,26,0.0345,0.0,0.0345,0.1908,Positive,2,0
3878605,Serie A 2015/2016,Fiorentina,75,1,0,15,3,61-75,Right Center Midfield,MF,0.1189,0.0428,0.0761,1,82,25,0.0218,0.0,0.0218,-0.0543,Neutral,2,1
3878605,Serie A 2015/2016,Carpi,75,-1,1,15,3,61-75,Right Wing Back,FW,0.0428,0.1189,-0.0761,2,41,30,0.0,0.0218,-0.0218,0.0543,Neutral,2,0
3879876,Serie A 2015/2016,Genoa,51,0,1,39,1,31-60,Right Defensive Midfield,MF,0.3464,0.0,0.3464,3,98,31,0.3955,0.4754,-0.0799,-0.4263,Negative,1,1
3879876,Serie A 2015/2016,Genoa,53,-1,1,37,2,31-60,Center Attacking Midfield,MF,0.2159,0.371,-0.1551,2,97,30,0.3955,0.1044,0.2911,0.4462,Positive,1,1
3879876,Serie A 2015/2016,Atalanta,73,0,0,17,1,61-75,Right Wing,FW,0.1187,0.2743,-0.1556,2,43,23,0.3809,0.034,0.3469,0.5025,Positive,2,0
3879876,Serie A 2015/2016,Genoa,74,0,1,16,3,61-75,Center Attacking Midfield,MF,0.2743,0.1187,0.1556,2,75,24,0.034,0.3809,-0.3469,-0.5025,Negative,2,1
3879876,Serie A 2015/2016,Atalanta,77,0,0,13,2,76-90+,Left Center Midfield,MF,0.0981,0.2743,-0.1762,2,45,24,0.329,0.1074,0.2216,0.3978,Positive,3,1
3879876,Serie A 2015/2016,Atalanta,81,0,0,9,3,76-90+,Right Defensive Midfield,MF,0.1499,0.2195,-0.0696,3,55,27,0.2772,0.3401,-0.0629,0.0067,Neutral,3,1
3879875,Serie A 2015/2016,Hellas Verona,45,-1,0,45,1,31-60,Right Midfield,MF,0.3407,0.0,0.3407,4,56,32,0.0916,0.1375,-0.0459,-0.3866,Negative,1,1
3879875,Serie A 2015/2016,Palermo,55,1,1,35,1,31-60,Left Midfield,MF,0.1375,0.0798,0.0577,1,55,25,0.3865,0.0216,0.3649,0.3072,Positive,1,1
3879875,Serie A 2015/2016,Hellas Verona,70,-2,0,20,2,61-75,Left Defensive Midfield,MF,0.0216,0.3865,-0.3649,1,115,27,0.1924,0.0,0.1924,0.5573,Positive,2,1
3879875,Serie A 2015/2016,Hellas Verona,79,-2,0,11,3,76-90+,Left Midfield,MF,0.0274,0.0,0.0274,3,81,30,0.165,0.0,0.165,0.1376,Positive,3,1
3879875,Serie A 2015/2016,Palermo,82,2,1,8,2,76-90+,Right Wing Back,FW,0.0,0.0274,-0.0274,0,86,18,0.0,0.165,-0.165,-0.1376,Negative,3,0
3879874,Serie A 2015/2016,Fiorentina,28,-1,0,62,1,0-30,Left Back,DF,0.2319,0.0,0.2319,2,96,28,0.2646,0.0,0.2646,0.0327,Neutral,0,2
3879874,Serie A 2015/2016,Lazio,59,-2,1,31,1,31-60,Center Defensive Midfield,MF,0.0,0.4799,-0.4799,0,117,39,0.9477,0.1459,0.8018,1.2817,Positive,1,1
3879874,Serie A 2015/2016,Lazio,67,-2,1,23,2,61-75,Right Wing,FW,0.1642,0.0,0.1642,5,96,36,1.0982,0.1459,0.9523,0.7881,Positive,2,0
3879874,Serie A 2015/2016,Fiorentina,79,2,0,11,2,76-90+,Right Center Midfield,MF,0.1459,1.0982,-0.9523,1,78,27,0.1278,0.2824,-0.1546,0.7977,Positive,3,1
3879874,Serie A 2015/2016,Fiorentina,83,2,0,7,3,76-90+,Right Wing,FW,0.1459,1.2261,-1.0802,1,75,37,0.1278,0.1545,-0.0267,1.0535,Positive,3,0
3879874,Serie A 2015/2016,Lazio,84,-2,1,6,3,76-90+,Center Defensive Midfield,MF,1.2261,0.1459,1.0802,7,65,31,0.1545,0.1278,0.0267,-1.0535,Negative,3,1
3879873,Serie A 2015/2016,Torino,39,-1,0,51,1,31-60,Right Center Midfield,MF,0.3514,0.1854,0.166,5,47,16,0.1844,0.2844,-0.1,-0.266,Negative,1,1
3879873,Serie A 2015/2016,Torino,59,-1,0,31,2,31-60,Right Center Forward,FW,0.4286,0.2844,0.1442,6,120,19,0.1398,0.1901,-0.0503,-0.1945,Negative,1,0
3879873,Serie A 2015/2016,Empoli,62,1,1,28,1,61-75,Center Defensive Midfield,MF,0.2844,0.2607,0.0237,2,75,17,0.1901,0.1398,0.0503,0.0266,Neutral,2,1
3879873,Serie A 2015/2016,Torino,70,-1,0,20,3,61-75,Left Center Midfield,MF,0.384,0.0,0.384,5,100,22,0.066,0.1901,-0.1241,-0.5081,Negative,2,1
3879873,Serie A 2015/2016,Empoli,71,1,1,19,2,61-75,Center Attacking Midfield,MF,0.1416,0.2668,-0.1252,1,89,22,0.0486,0.066,-0.0174,0.1078,Positive,2,1
3879873,Serie A 2015/2016,Empoli,76,1,1,14,3,76-90+,Left Center Forward,FW,0.1901,0.1398,0.0503,2,56,18,0.0,0.1014,-0.1014,-0.1517,Negative,3,0
3879872,Serie A 2015/2016,Chievo,37,0,1,53,1,31-60,Right Back,DF,0.0,0.0984,-0.0984,0,94,22,0.0251,0.0214,0.0037,0.1021,Positive,1,2
3879872,Serie A 2015/2016,Bologna,48,0,0,42,1,31-60,Left Back,DF,0.0214,0.0251,-0.0037,1,83,18,0.0389,0.0198,0.0191,0.0228,Neutral,1,2
3879872,Serie A 2015/2016,Chievo,60,0,1,30,2,31-60,Right Center Forward,FW,0.0198,0.0,0.0198,1,94,25,0.0,0.0681,-0.0681,-0.0879,Neutral,1,0
3879872,Serie A 2015/2016,Chievo,64,0,1,26,3,61-75,Left Center Forward,FW,0.0198,0.0389,-0.0191,1,67,30,0.0,0.1449,-0.1449,-0.1258,Negative,2,0
3879872,Serie A 2015/2016,Bologna,70,0,0,20,2,61-75,Right Wing,FW,0.0466,0.0198,0.0268,3,85,16,0.1372,0.0753,0.0619,0.0351,Neutral,2,0
3879872,Serie A 2015/2016,Bologna,82,0,0,8,3,76-90+,Left Wing,FW,0.1372,0.0753,0.0619,3,93,28,0.0734,0.0,0.0734,0.0115,Neutral,3,0
3879871,Serie A 2015/2016,Udinese,45,-2,1,45,1,31-60,Left Wing Back,FW,0.0694,0.9752,-0.9058,3,80,24,0.0346,0.0517,-0.0171,0.8887,Positive,1,0
3879871,Serie A 2015/2016,Carpi,58,2,0,32,1,31-60,Right Center Midfield,MF,0.0517,0.0346,0.0171,1,105,23,0.0581,0.0894,-0.0313,-0.0484,Neutral,1,1
3879871,Serie A 2015/2016,Udinese,77,-2,1,13,2,76-90+,Left Midfield,MF,0.0894,0.0581,0.0313,2,63,21,0.7835,0.1168,0.6667,0.6354,Positive,3,1
3879871,Serie A 2015/2016,Carpi,81,1,0,9,2,76-90+,Center Attacking Midfield,MF,0.0581,0.7835,-0.7254,1,77,17,0.1168,0.0,0.1168,0.8422,Positive,3,1
3879871,Serie A 2015/2016,Carpi,85,1,0,5,3,76-90+,Left Center Midfield,MF,0.0581,0.7835,-0.7254,1,63,17,0.1168,0.0,0.1168,0.8422,Positive,3,1
3879870,Serie A 2015/2016,Sampdoria,54,-3,0,36,1,31-60,Right Back,DF,0.0513,0.2732,-0.2219,2,57,32,0.0,0.0747,-0.0747,0.1472,Positive,1,2
3879870,Serie A 2015/2016,Juventus,64,3,1,26,1,61-75,Right Center Midfield,MF,0.3346,0.0314,0.3032,5,126,22,0.0794,0.101,-0.0216,-0.3248,Negative,2,1
3879870,Serie A 2015/2016,Juventus,66,3,1,24,2,61-75,Right Center Forward,FW,0.3346,0.0,0.3346,5,127,19,0.0884,0.101,-0.0126,-0.3472,Negative,2,0
3879870,Serie A 2015/2016,Juventus,74,3,1,16,3,61-75,Left Center Forward,FW,0.098,0.101,-0.003,4,125,12,0.7204,0.018,0.7024,0.7054,Positive,2,0
3879870,Serie A 2015/2016,Sampdoria,75,-3,0,15,2,61-75,Left Midfield,MF,0.101,0.098,0.003,1,35,14,0.018,0.7204,-0.7024,-0.7054,Negative,2,1
3879870,Serie A 2015/2016,Sampdoria,85,-5,0,5,3,76-90+,Center Forward,FW,0.0,0.7437,-0.7437,0,31,17,0.018,0.0,0.018,0.7617,Positive,3,0
3879869,Serie A 2015/2016,AC Milan,45,-1,1,45,1,31-60,Right Center Forward,FW,0.2638,0.1669,0.0969,3,80,24,0.1258,0.441,-0.3152,-0.4121,Negative,1,0
3879869,Serie A 2015/2016,AC Milan,56,-1,1,34,2,31-60,Left Midfield,MF,0.1258,0.1508,-0.025,1,68,35,0.0781,0.6266,-0.5485,-0.5235,Negative,1,1
3879869,Serie A 2015/2016,AS Roma,62,2,0,28,1,61-75,Left Center Midfield,MF,0.441,0.1258,0.3152,2,132,23,0.2508,0.2063,0.0445,-0.2707,Negative,2,1
3879869,Serie A 2015/2016,AC Milan,65,-2,1,25,3,61-75,Right Center Back,DF,0.0,0.6549,-0.6549,0,47,34,0.2063,0.0716,0.1347,0.7896,Positive,2,2
3879869,Serie A 2015/2016,AS Roma,77,2,0,13,2,76-90+,Left Center Forward,FW,0.2508,0.2063,0.0445,3,142,20,1.1138,1.2174,-0.1036,-0.1481,Negative,3,0
3879869,Serie A 2015/2016,AS Roma,84,3,0,6,3,76-90+,Right Center Forward,FW,1.1507,0.1726,0.9781,5,103,22,0.0,1.2456,-1.2456,-2.2237,Negative,3,0
3879868,Serie A 2015/2016,Sassuolo,50,2,1,40,1,31-60,Center Forward,FW,0.201,0.1949,0.0061,2,48,29,0.1963,0.0,0.1963,0.1902,Positive,1,0
3879868,Serie A 2015/2016,Inter Milan,69,-2,0,21,1,61-75,Left Defensive Midfield,MF,0.0,0.2494,-0.2494,0,64,31,0.0,0.0289,-0.0289,0.2205,Positive,2,1
3879868,Serie A 2015/2016,Inter Milan,71,-2,0,19,2,61-75,Goalkeeper,GK,0.0,0.2494,-0.2494,0,73,26,0.0805,0.0289,0.0516,0.301,Positive,2,3
3879868,Serie A 2015/2016,Sassuolo,72,2,1,18,2,61-75,Right Center Midfield,MF,0.2783,0.0,0.2783,4,69,19,0.0,0.0805,-0.0805,-0.3588,Negative,2,1
3879868,Serie A 2015/2016,Sassuolo,79,2,1,11,3,76-90+,Right Wing,FW,0.1905,0.0,0.1905,3,75,20,0.0,0.0805,-0.0805,-0.271,Negative,3,0
3879868,Serie A 2015/2016,Inter Milan,80,-2,0,10,3,76-90+,Right Midfield,MF,0.0,0.082,-0.082,0,67,25,0.0805,0.0,0.0805,0.1625,Positive,3,1
3879867,Serie A 2015/2016,Napoli,64,3,1,26,1,61-75,Right Wing,FW,0.7085,0.0097,0.6988,4,121,30,0.2791,0.8479,-0.5688,-1.2676,Negative,2,0
3879867,Serie A 2015/2016,Frosinone,67,-3,0,23,1,61-75,Left Center Midfield,MF,0.1022,0.2054,-0.1032,3,58,14,0.7509,0.4628,0.2881,0.3913,Positive,2,1
3879867,Serie A 2015/2016,Frosinone,67,-3,0,23,2,61-75,Right Center Forward,FW,0.1022,0.2054,-0.1032,3,58,14,0.7509,0.4628,0.2881,0.3913,Positive,2,0
3879867,Serie A 2015/2016,Napoli,75,4,1,15,2,61-75,Left Center Back,DF,0.4576,0.097,0.3606,5,111,17,0.3859,0.7509,-0.365,-0.7256,Negative,2,2
3879867,Serie A 2015/2016,Frosinone,75,-4,0,15,3,61-75,Left Center Midfield,MF,0.097,0.4576,-0.3606,2,40,23,0.7509,0.3859,0.365,0.7256,Positive,2,1
3879867,Serie A 2015/2016,Napoli,82,4,1,8,3,76-90+,Left Center Midfield,MF,0.4628,0.7509,-0.2881,5,123,24,0.2021,0.0,0.2021,0.4902,Positive,3,1
3879866,Serie A 2015/2016,Chievo,26,-1,0,64,1,0-30,Left Back,DF,0.0118,0.1861,-0.1743,1,72,28,0.0836,0.5806,-0.497,-0.3227,Negative,0,2
3879866,Serie A 2015/2016,Chievo,31,-1,0,59,2,31-60,Center Defensive Midfield,MF,0.0836,0.0803,0.0033,1,51,22,0.0,0.5806,-0.5806,-0.5839,Negative,1,1
3879866,Serie A 2015/2016,Chievo,45,-2,0,45,3,31-60,Right Center Midfield,MF,0.0,0.5806,-0.5806,0,60,25,0.2669,0.2177,0.0492,0.6298,Positive,1,1
3879866,Serie A 2015/2016,AS Roma,58,2,1,32,1,31-60,Right Wing,FW,0.1469,0.2669,-0.12,4,111,25,0.0778,0.2225,-0.1447,-0.0247,Neutral,1,0
3879866,Serie A 2015/2016,AS Roma,65,2,1,25,2,61-75,Center Defensive Midfield,MF,0.1806,0.2001,-0.0195,4,116,23,0.1092,0.1771,-0.0679,-0.0484,Neutral,2,1
3879866,Serie A 2015/2016,AS Roma,78,2,1,12,3,76-90+,Left Wing,FW,0.1092,0.2019,-0.0927,3,131,32,0.444,0.0,0.444,0.5367,Positive,3,0
3879865,Serie A 2015/2016,Genoa,53,2,0,37,1,31-60,Center Attacking Midfield,MF,0.0408,0.1275,-0.0867,2,77,29,0.0951,0.0537,0.0414,0.1281,Positive,1,1
3879865,Serie A 2015/2016,Sampdoria,57,-2,1,33,1,31-60,Right Wing Back,FW,0.1275,0.0408,0.0867,1,86,35,0.1271,0.1358,-0.0087,-0.0954,Neutral,1,0
3879865,Serie A 2015/2016,Genoa,65,2,0,25,2,61-75,Left Defensive Midfield,MF,0.092,0.1812,-0.0892,2,39,30,0.3011,0.2057,0.0954,0.1846,Positive,2,1
3879865,Serie A 2015/2016,Sampdoria,71,-2,1,19,2,61-75,Right Defensive Midfield,MF,0.1271,0.1358,-0.0087,2,59,25,0.1674,0.3775,-0.2101,-0.2014,Negative,2,1
3879865,Serie A 2015/2016,Sampdoria,84,-3,1,6,3,76-90+,Right Center Forward,FW,0.2057,0.4182,-0.2125,3,57,28,0.0722,0.0,0.0722,0.2847,Positive,3,0
3879864,Serie A 2015/2016,Juventus,61,-2,0,29,1,61-75,Right Center Midfield,MF,0.2095,0.5265,-0.317,3,104,14,0.2271,0.259,-0.0319,0.2851,Positive,2,1
3879864,Serie A 2015/2016,Hellas Verona,64,2,1,26,1,61-75,Left Wing,FW,0.6407,0.2519,0.3888,5,46,32,0.1448,0.2057,-0.0609,-0.4497,Negative,2,0
3879864,Serie A 2015/2016,Juventus,70,-2,0,20,2,61-75,Left Center Midfield,MF,0.3319,0.4427,-0.1108,5,91,23,0.1133,0.0,0.1133,0.2241,Positive,2,1
3879864,Serie A 2015/2016,Juventus,71,-2,0,19,3,61-75,Right Center Back,DF,0.3319,0.4427,-0.1108,5,87,19,0.1133,0.0,0.1133,0.2241,Positive,2,2
3879864,Serie A 2015/2016,Hellas Verona,79,2,1,11,2,76-90+,Left Defensive Midfield,MF,0.1448,0.2057,-0.0609,2,56,23,0.0,0.8251,-0.8251,-0.7642,Negative,3,1
3879864,Serie A 2015/2016,Hellas Verona,84,2,1,6,3,76-90+,Center Forward,FW,0.0,0.1133,-0.1133,0,69,29,0.0,0.8251,-0.8251,-0.7118,Negative,3,0
3879861,Serie A 2015/2016,Frosinone,29,0,1,61,1,0-30,Goalkeeper,GK,0.0072,0.2198,-0.2126,1,51,19,0.1095,0.1995,-0.09,0.1226,Positive,0,3
3879861,Serie A 2015/2016,Sassuolo,61,0,0,29,1,61-75,Left Wing,FW,0.1047,0.0563,0.0484,2,95,15,0.2318,0.1553,0.0765,0.0281,Neutral,2,0
3879861,Serie A 2015/2016,Sassuolo,69,0,0,21,2,61-75,Center Forward,FW,0.2434,0.1249,0.1185,5,89,16,0.1744,0.2095,-0.0351,-0.1536,Negative,2,0
3879861,Serie A 2015/2016,Frosinone,70,0,1,20,2,61-75,Left Defensive Midfield,MF,0.159,0.2434,-0.0844,4,33,31,0.1755,0.2302,-0.0547,0.0297,Neutral,2,1
3879861,Serie A 2015/2016,Frosinone,78,0,1,12,3,76-90+,Right Midfield,MF,0.1658,0.2318,-0.066,4,53,28,0.1451,0.7115,-0.5664,-0.5004,Negative,3,1
3879860,Serie A 2015/2016,Fiorentina,55,0,1,35,1,31-60,Center Attacking Midfield,MF,0.1322,0.0769,0.0553,4,133,21,0.4622,0.0,0.4622,0.4069,Positive,1,1
3879860,Serie A 2015/2016,Fiorentina,60,0,1,30,2,31-60,Left Back,DF,0.3927,0.0769,0.3158,4,113,19,0.1469,0.0,0.1469,-0.1689,Negative,1,2
3879860,Serie A 2015/2016,Palermo,61,0,0,29,1,61-75,Left Wing,FW,0.0447,0.3927,-0.348,1,46,34,0.0,0.1469,-0.1469,0.2011,Positive,2,0
3879860,Serie A 2015/2016,Palermo,73,0,0,17,2,61-75,Right Defensive Midfield,MF,0.0,0.1469,-0.1469,0,31,29,0.0,0.4089,-0.4089,-0.262,Negative,2,1
3879859,Serie A 2015/2016,Lazio,15,0,0,75,1,0-30,Left Center Back,DF,0.1425,0.9421,-0.7996,3,78,26,1.1278,0.1285,0.9993,1.7989,Positive,0,2
3879859,Serie A 2015/2016,Carpi,45,-2,1,45,1,31-60,Right Defensive Midfield,MF,0.7835,0.7725,0.011,1,61,20,0.217,0.0317,0.1853,0.1743,Positive,1,1
3879859,Serie A 2015/2016,Lazio,49,2,0,41,2,31-60,Right Wing,FW,0.0,0.8357,-0.8357,0,51,16,0.0317,0.3168,-0.2851,0.5506,Positive,1,0
3879859,Serie A 2015/2016,Carpi,65,-2,1,25,2,61-75,Left Defensive Midfield,MF,0.3168,0.0,0.3168,5,96,41,0.1222,0.2972,-0.175,-0.4918,Negative,2,1
3879859,Serie A 2015/2016,Lazio,67,2,0,23,3,61-75,Right Wing,FW,0.0,0.3168,-0.3168,0,80,37,0.2972,0.4036,-0.1064,0.2104,Positive,2,0
3879859,Serie A 2015/2016,Carpi,75,-3,1,15,3,61-75,Right Midfield,MF,0.2741,0.1852,0.0889,5,79,27,0.5614,0.112,0.4494,0.3605,Positive,2,1
3879858,Serie A 2015/2016,AC Milan,56,1,0,34,1,31-60,Left Center Midfield,MF,0.0859,0.0,0.0859,2,127,17,0.0674,0.1523,-0.0849,-0.1708,Negative,1,1
3879858,Serie A 2015/2016,AC Milan,69,1,0,21,2,61-75,Right Center Midfield,MF,0.0,0.1523,-0.1523,0,103,29,0.1877,0.0,0.1877,0.34,Positive,2,1
3879858,Serie A 2015/2016,Bologna,71,-1,1,19,1,61-75,Left Center Back,DF,0.1523,0.0674,0.0849,3,65,22,0.0,0.1699,-0.1699,-0.2548,Negative,2,2
3879858,Serie A 2015/2016,Bologna,79,-1,1,11,2,76-90+,Right Wing Back,FW,0.1523,0.1596,-0.0073,3,70,19,0.0662,0.1372,-0.071,-0.0637,Neutral,3,0
3879858,Serie A 2015/2016,AC Milan,83,1,0,7,3,76-90+,Center Attacking Midfield,MF,0.1877,0.0,0.1877,5,117,23,0.1092,0.1079,0.0013,-0.1864,Negative,3,1
3879857,Serie A 2015/2016,Inter Milan,62,1,1,28,1,61-75,Center Attacking Midfield,MF,0.0,0.1688,-0.1688,0,49,37,0.0,0.009,-0.009,0.1598,Positive,2,1
3879857,Serie A 2015/2016,Inter Milan,65,1,1,25,2,61-75,Center Forward,FW,0.0,0.1332,-0.1332,0,44,31,0.0577,0.0,0.0577,0.1909,Positive,2,0
3879857,Serie A 2015/2016,Empoli,68,-1,0,22,1,61-75,Left Center Midfield,MF,0.0979,0.0,0.0979,3,109,17,0.0,0.0577,-0.0577,-0.1556,Negative,2,1
3879857,Serie A 2015/2016,Empoli,81,-1,0,9,2,76-90+,Right Back,DF,0.0,0.0577,-0.0577,0,84,41,0.1595,0.0297,0.1298,0.1875,Positive,3,2
3879857,Serie A 2015/2016,Empoli,81,-1,0,9,3,76-90+,Right Center Midfield,MF,0.0,0.0577,-0.0577,0,84,41,0.1595,0.0297,0.1298,0.1875,Positive,3,1
3879856,Serie A 2015/2016,AS Roma,58,0,0,32,1,31-60,Center Forward,FW,0.1862,0.0699,0.1163,2,146,31,0.1045,0.1863,-0.0818,-0.1981,Negative,1,0
3879856,Serie A 2015/2016,Genoa,60,0,1,30,1,31-60,Left Attacking Midfield,MF,0.1098,0.1862,-0.0764,2,54,38,0.1227,0.1045,0.0182,0.0946,Neutral,1,1
3879856,Serie A 2015/2016,AS Roma,65,-1,0,25,2,61-75,Right Back,DF,0.0469,0.2325,-0.1856,3,126,18,0.1715,0.0273,0.1442,0.3298,Positive,2,2
3879856,Serie A 2015/2016,Genoa,69,1,1,21,2,61-75,Right Wing Back,FW,0.1863,0.0469,0.1394,2,39,20,0.0273,0.1715,-0.1442,-0.2836,Negative,2,0
3879856,Serie A 2015/2016,Genoa,81,0,1,9,3,76-90+,Left Attacking Midfield,MF,0.0273,0.1715,-0.1442,1,33,18,0.4129,0.7256,-0.3127,-0.1685,Negative,3,1
3879855,Serie A 2015/2016,Atalanta,45,-1,0,45,1,31-60,Center Attacking Midfield,MF,0.03,0.1324,-0.1024,1,83,21,0.0,0.5845,-0.5845,-0.4821,Negative,1,1
3879855,Serie A 2015/2016,Napoli,63,1,1,27,1,61-75,Left Wing,FW,0.4061,0.0,0.4061,4,158,27,0.2539,0.0256,0.2283,-0.1778,Negative,2,0
3879855,Serie A 2015/2016,Atalanta,69,-1,0,21,2,61-75,Right Wing,FW,0.0256,0.2283,-0.2027,1,66,34,0.0,0.1744,-0.1744,0.0283,Neutral,2,0
3879855,Serie A 2015/2016,Napoli,78,2,1,12,2,76-90+,Right Wing,FW,0.2539,0.0256,0.2283,4,73,26,0.777,0.2503,0.5267,0.2984,Positive,3,0
3879855,Serie A 2015/2016,Atalanta,82,-2,0,8,3,76-90+,Right Defensive Midfield,MF,0.0,0.1744,-0.1744,0,79,25,0.2503,0.777,-0.5267,-0.3523,Negative,3,1
3879855,Serie A 2015/2016,Napoli,83,2,1,7,3,76-90+,Center Forward,FW,0.1744,0.0,0.1744,2,95,29,0.777,0.2503,0.5267,0.3523,Positive,3,0
3879854,Serie A 2015/2016,Hellas Verona,61,-1,0,29,1,61-75,Center Forward,FW,0.0398,0.062,-0.0222,2,82,29,0.0141,0.3022,-0.2881,-0.2659,Negative,2,0
3879854,Serie A 2015/2016,Hellas Verona,65,-1,0,25,2,61-75,Left Defensive Midfield,MF,0.0398,0.3272,-0.2874,2,77,22,0.1241,0.0369,0.0872,0.3746,Positive,2,1
3879854,Serie A 2015/2016,Sassuolo,68,1,1,22,1,61-75,Left Back,DF,0.3272,0.0,0.3272,2,82,34,0.0369,0.41,-0.3731,-0.7003,Negative,2,2
3879854,Serie A 2015/2016,Sassuolo,73,1,1,17,2,61-75,Right Wing,FW,0.3022,0.0141,0.2881,2,80,31,0.0,0.4199,-0.4199,-0.708,Negative,2,0
3879854,Serie A 2015/2016,Hellas Verona,75,-1,0,15,3,61-75,Left Back,DF,0.0141,0.3022,-0.2881,1,63,28,0.4199,0.0,0.4199,0.708,Positive,2,2
3879854,Serie A 2015/2016,Sassuolo,82,1,1,8,3,76-90+,Center Forward,FW,0.0369,0.1241,-0.0872,1,61,35,0.0306,0.3098,-0.2792,-0.192,Negative,3,0
3879853,Serie A 2015/2016,Inter Milan,55,-1,0,35,1,31-60,Left Defensive Midfield,MF,0.3139,0.0,0.3139,4,130,33,0.0959,0.0287,0.0672,-0.2467,Negative,1,1
3879853,Serie A 2015/2016,Inter Milan,71,-1,0,19,2,61-75,Right Center Forward,FW,0.1274,0.0287,0.0987,4,73,28,0.1361,0.9289,-0.7928,-0.8915,Negative,2,0
3879853,Serie A 2015/2016,Lazio,71,1,1,19,1,61-75,Center Forward,FW,0.0287,0.1274,-0.0987,1,57,23,0.9289,0.1361,0.7928,0.8915,Positive,2,0
3879853,Serie A 2015/2016,Inter Milan,78,-1,0,12,3,76-90+,Left Back,DF,0.2459,0.0,0.2459,5,55,32,0.0717,0.9289,-0.8572,-1.1031,Negative,3,2
3879852,Serie A 2015/2016,Sampdoria,45,-1,0,45,1,31-60,Right Center Midfield,MF,0.0132,0.013,0.0002,2,99,31,0.0,0.0639,-0.0639,-0.0641,Neutral,1,1
3879852,Serie A 2015/2016,Palermo,68,1,1,22,1,61-75,Left Attacking Midfield,MF,0.2553,0.0,0.2553,2,41,19,0.2635,0.0,0.2635,0.0082,Neutral,2,1
3879852,Serie A 2015/2016,Sampdoria,70,-1,0,20,2,61-75,Left Wing Back,FW,0.0,0.2553,-0.2553,0,88,30,0.0,0.2635,-0.2635,-0.0082,Neutral,2,0
3879852,Serie A 2015/2016,Sampdoria,81,-1,0,9,3,76-90+,Right Center Midfield,MF,0.0,0.4549,-0.4549,0,86,36,0.0712,0.0,0.0712,0.5261,Positive,3,1
3879851,Serie A 2015/2016,AC Milan,63,-2,1,27,1,61-75,Center Attacking Midfield,MF,0.9624,0.2331,0.7293,2,86,19,0.1902,0.0322,0.158,-0.5713,Negative,2,1
3879851,Serie A 2015/2016,Frosinone,66,2,0,24,1,61-75,Left Back,DF,0.2331,0.0,0.2331,2,38,26,0.0322,0.1902,-0.158,-0.3911,Negative,2,2
3879851,Serie A 2015/2016,AC Milan,72,-2,1,18,2,61-75,Right Back,DF,0.021,0.0346,-0.0136,1,103,19,0.2359,0.0322,0.2037,0.2173,Positive,2,2
3879851,Serie A 2015/2016,Frosinone,72,2,0,18,2,61-75,Right Center Forward,FW,0.0346,0.021,0.0136,1,27,22,0.0322,0.2359,-0.2037,-0.2173,Negative,2,0
3879851,Serie A 2015/2016,AC Milan,77,-1,1,13,3,76-90+,Left Center Midfield,MF,0.1902,0.0,0.1902,2,95,22,0.9646,0.0322,0.9324,0.7422,Positive,3,1
3879851,Serie A 2015/2016,Frosinone,79,1,0,11,3,76-90+,Left Wing Back,FW,0.0322,0.1902,-0.158,1,36,28,0.0,0.9646,-0.9646,-0.8066,Negative,3,0
3879850,Serie A 2015/2016,Juventus,45,1,1,45,1,31-60,Left Center Forward,FW,0.1062,0.0,0.1062,6,89,18,0.0953,0.0999,-0.0046,-0.1108,Negative,1,0
3879850,Serie A 2015/2016,Carpi,65,-1,0,25,1,61-75,Left Center Midfield,MF,0.021,0.1352,-0.1142,2,60,31,0.0675,0.5647,-0.4972,-0.383,Negative,2,1
3879850,Serie A 2015/2016,Juventus,73,1,1,17,2,61-75,Right Wing Back,FW,0.1352,0.0518,0.0834,3,121,24,0.594,0.0432,0.5508,0.4674,Positive,2,0
3879850,Serie A 2015/2016,Carpi,73,-1,0,17,2,61-75,Right Center Midfield,MF,0.0518,0.1352,-0.0834,2,59,32,0.0432,0.594,-0.5508,-0.4674,Negative,2,1
3879850,Serie A 2015/2016,Carpi,84,-2,0,6,3,76-90+,Left Center Midfield,MF,0.0288,0.594,-0.5652,2,52,29,0.0144,0.1141,-0.0997,0.4655,Positive,3,1
3879850,Serie A 2015/2016,Juventus,84,2,1,6,3,76-90+,Right Center Midfield,MF,0.594,0.0288,0.5652,5,129,22,0.1141,0.0144,0.0997,-0.4655,Negative,3,1
3879849,Serie A 2015/2016,Bologna,53,0,0,37,1,31-60,Left Center Back,DF,0.1469,0.2564,-0.1095,4,76,25,0.1333,0.0416,0.0917,0.2012,Positive,1,2
3879849,Serie A 2015/2016,Empoli,64,0,1,26,1,61-75,Center Defensive Midfield,MF,0.298,0.0808,0.2172,2,116,11,0.0,0.1878,-0.1878,-0.405,Negative,2,1
3879849,Serie A 2015/2016,Bologna,68,0,0,22,2,61-75,Right Back,DF,0.1333,0.0416,0.0917,3,65,29,0.0545,0.1065,-0.052,-0.1437,Negative,2,2
3879849,Serie A 2015/2016,Empoli,77,0,1,13,2,76-90+,Right Back,DF,0.0,0.1878,-0.1878,0,71,14,0.1136,0.1281,-0.0145,0.1733,Positive,3,2
3879849,Serie A 2015/2016,Bologna,83,0,0,7,3,76-90+,Right Wing,FW,0.0545,0.1065,-0.052,1,51,27,0.1281,0.0071,0.121,0.173,Positive,3,0
3879849,Serie A 2015/2016,Empoli,85,0,1,5,3,76-90+,Left Center Midfield,MF,0.1065,0.1627,-0.0562,1,62,11,0.0071,0.0199,-0.0128,0.0434,Neutral,3,1
3879848,Serie A 2015/2016,Fiorentina,58,0,0,32,1,31-60,Right Wing Back,FW,0.1905,0.1432,0.0473,3,112,27,0.3268,0.0706,0.2562,0.2089,Positive,1,0
3879848,Serie A 2015/2016,Chievo,65,0,1,25,1,61-75,Center Attacking Midfield,MF,0.0268,0.3718,-0.345,2,44,23,0.5173,0.1387,0.3786,0.7236,Positive,2,1
3879848,Serie A 2015/2016,Chievo,68,0,1,22,2,61-75,Left Center Forward,FW,0.0268,0.3117,-0.2849,2,54,26,0.5173,0.024,0.4933,0.7782,Positive,2,0
3879848,Serie A 2015/2016,Fiorentina,79,0,0,11,2,76-90+,Right Center Midfield,MF,0.1387,0.5173,-0.3786,3,67,17,0.0374,0.103,-0.0656,0.313,Positive,3,1
3879848,Serie A 2015/2016,Chievo,79,0,1,11,3,76-90+,Right Center Midfield,MF,0.5173,0.1387,0.3786,2,53,19,0.103,0.0374,0.0656,-0.313,Negative,3,1
3879846,Serie A 2015/2016,AC Milan,33,1,0,57,1,31-60,Left Back,DF,0.7986,0.0512,0.7474,3,87,33,0.0,0.2783,-0.2783,-1.0257,Negative,1,2
3879846,Serie A 2015/2016,Hellas Verona,38,-1,1,52,1,31-60,Left Center Forward,FW,0.158,0.1395,0.0185,2,55,33,0.199,0.0,0.199,0.1805,Positive,1,0
3879846,Serie A 2015/2016,Hellas Verona,60,-1,1,30,2,31-60,Right Midfield,MF,0.1294,0.3613,-0.2319,2,54,39,1.2346,0.3518,0.8828,1.1147,Positive,1,1
3879846,Serie A 2015/2016,Hellas Verona,76,0,1,14,3,76-90+,Left Center Forward,FW,1.2346,0.3518,0.8828,6,41,35,0.5115,0.0575,0.454,-0.4288,Negative,3,0
3879846,Serie A 2015/2016,AC Milan,77,0,0,13,2,76-90+,Left Center Midfield,MF,0.3518,1.2346,-0.8828,4,65,18,0.0575,0.5115,-0.454,0.4288,Positive,3,1
3879845,Serie A 2015/2016,AS Roma,20,0,1,70,1,0-30,Right Center Back,DF,0.0331,0.0,0.0331,1,95,25,0.1106,0.553,-0.4424,-0.4755,Negative,0,2
3879845,Serie A 2015/2016,AS Roma,45,0,1,45,2,31-60,Right Back,DF,0.1303,0.0,0.1303,2,88,27,0.0806,0.0684,0.0122,-0.1181,Negative,1,2
3879845,Serie A 2015/2016,Napoli,74,0,0,16,1,61-75,Left Wing,FW,0.2447,0.0842,0.1605,4,78,22,0.0237,0.0691,-0.0454,-0.2059,Negative,2,0
3879845,Serie A 2015/2016,Napoli,78,0,0,12,2,76-90+,Right Center Midfield,MF,0.2447,0.0247,0.22,4,70,19,0.0237,0.0691,-0.0454,-0.2654,Negative,3,1
3879845,Serie A 2015/2016,AS Roma,80,0,1,10,3,76-90+,Left Midfield,MF,0.0,0.1641,-0.1641,0,80,22,0.0691,0.0237,0.0454,0.2095,Positive,3,1
3879844,Serie A 2015/2016,Carpi,53,0,1,37,1,31-60,Right Defensive Midfield,MF,0.1934,0.2496,-0.0562,4,101,36,0.3082,0.0,0.3082,0.3644,Positive,1,1
3879844,Serie A 2015/2016,Carpi,63,0,1,27,2,61-75,Left Midfield,MF,0.3192,0.0632,0.256,3,88,33,0.1147,0.1985,-0.0838,-0.3398,Negative,2,1
3879844,Serie A 2015/2016,Empoli,66,0,0,24,1,61-75,Left Center Midfield,MF,0.0,0.3096,-0.3096,0,73,22,0.262,0.0898,0.1722,0.4818,Positive,2,1
3879844,Serie A 2015/2016,Carpi,83,0,1,7,3,76-90+,Center Forward,FW,0.1621,0.262,-0.0999,3,84,40,0.431,0.0394,0.3916,0.4915,Positive,3,0
3879844,Serie A 2015/2016,Empoli,85,-1,0,5,2,76-90+,Center Defensive Midfield,MF,0.262,0.5931,-0.3311,3,96,16,0.0394,0.0,0.0394,0.3705,Positive,3,1
3879843,Serie A 2015/2016,Sassuolo,69,0,0,21,1,61-75,Left Wing,FW,0.0286,0.0998,-0.0712,1,91,12,0.1439,0.0342,0.1097,0.1809,Positive,2,0
3879843,Serie A 2015/2016,Torino,70,0,1,20,1,61-75,Left Center Midfield,MF,0.0998,0.0286,0.0712,1,92,18,0.0342,0.1892,-0.155,-0.2262,Negative,2,1
3879843,Serie A 2015/2016,Torino,71,0,1,19,2,61-75,Right Center Midfield,MF,0.0998,0.0286,0.0712,1,96,18,0.0342,0.1892,-0.155,-0.2262,Negative,2,1
3879843,Serie A 2015/2016,Torino,80,-1,1,10,3,76-90+,Left Wing Back,FW,0.0998,0.1439,-0.0441,1,105,16,0.0911,0.4255,-0.3344,-0.2903,Negative,3,0
3879843,Serie A 2015/2016,Sassuolo,85,1,0,5,2,76-90+,Center Forward,FW,0.1892,0.0342,0.155,4,38,18,0.3802,0.057,0.3232,0.1682,Positive,3,0
3879842,Serie A 2015/2016,Atalanta,27,0,1,63,1,0-30,Left Center Back,DF,0.0378,0.0377,0.0001,2,81,26,0.0239,0.1489,-0.125,-0.1251,Negative,0,2
3879842,Serie A 2015/2016,Atalanta,36,0,1,54,2,31-60,Left Center Back,DF,0.0196,0.0638,-0.0442,1,65,26,0.0239,0.1228,-0.0989,-0.0547,Neutral,1,2
3879842,Serie A 2015/2016,Chievo,54,0,0,36,1,31-60,Left Center Forward,FW,0.1228,0.0,0.1228,2,68,29,0.131,0.6868,-0.5558,-0.6786,Negative,1,0
3879842,Serie A 2015/2016,Chievo,65,-1,0,25,2,61-75,Right Center Forward,FW,0.131,0.6868,-0.5558,3,109,31,0.0,0.0668,-0.0668,0.489,Positive,2,0
3879842,Serie A 2015/2016,Chievo,71,-1,0,19,3,61-75,Center Attacking Midfield,MF,0.0633,0.2478,-0.1845,1,98,33,0.0398,0.053,-0.0132,0.1713,Positive,2,1
3879842,Serie A 2015/2016,Atalanta,82,1,1,8,3,76-90+,Left Midfield,MF,0.0668,0.0174,0.0494,2,58,13,0.0557,0.0393,0.0164,-0.033,Neutral,3,1
3879841,Serie A 2015/2016,Palermo,61,1,0,29,1,61-75,Left Attacking Midfield,MF,0.2258,0.293,-0.0672,1,59,31,0.0278,0.0767,-0.0489,0.0183,Neutral,2,1
3879841,Serie A 2015/2016,Frosinone,68,-1,1,22,1,61-75,Left Back,DF,0.1007,0.2258,-0.1251,2,66,29,0.5569,0.0278,0.5291,0.6542,Positive,2,2
3879841,Serie A 2015/2016,Frosinone,74,-1,1,16,2,61-75,Left Defensive Midfield,MF,0.0767,0.0,0.0767,1,52,21,0.583,0.0353,0.5477,0.471,Positive,2,1
3879841,Serie A 2015/2016,Palermo,76,1,0,14,2,76-90+,Right Attacking Midfield,MF,0.0278,0.0767,-0.0489,1,51,13,0.0075,0.583,-0.5755,-0.5266,Negative,3,1
3879841,Serie A 2015/2016,Frosinone,83,-1,1,7,3,76-90+,Right Center Back,DF,0.5569,0.0278,0.5291,5,73,27,0.1029,0.5113,-0.4084,-0.9375,Negative,3,2
3879835,Serie A 2015/2016,Chievo,14,-1,1,76,1,0-30,Right Center Midfield,MF,0.0981,0.0302,0.0679,2,114,36,0.1478,0.0,0.1478,0.0799,Neutral,0,1
3879835,Serie A 2015/2016,Frosinone,20,1,0,70,1,0-30,Left Back,DF,0.0,0.0981,-0.0981,0,70,48,0.0841,0.3296,-0.2455,-0.1474,Negative,0,2
3879835,Serie A 2015/2016,Frosinone,63,-3,0,27,2,61-75,Center Forward,FW,0.0549,0.0521,0.0028,2,44,39,0.0181,0.0357,-0.0176,-0.0204,Neutral,2,0
3879835,Serie A 2015/2016,Chievo,75,3,1,15,2,61-75,Left Defensive Midfield,MF,0.0357,0.0181,0.0176,2,165,16,0.716,0.0049,0.7111,0.6935,Positive,2,1
3879835,Serie A 2015/2016,Frosinone,77,-3,0,13,3,76-90+,Right Wing,FW,0.0181,0.0357,-0.0176,1,38,38,0.0049,0.716,-0.7111,-0.6935,Negative,3,0
3879835,Serie A 2015/2016,Chievo,82,4,1,8,3,76-90+,Right Back,DF,0.7381,0.0,0.7381,4,143,8,0.0036,0.0049,-0.0013,-0.7394,Negative,3,2
3879834,Serie A 2015/2016,Fiorentina,60,-1,0,30,1,31-60,Right Defensive Midfield,MF,0.0,0.7197,-0.7197,0,88,34,0.0852,0.3115,-0.2263,0.4934,Positive,1,1
3879834,Serie A 2015/2016,Fiorentina,60,-1,0,30,2,31-60,Right Attacking Midfield,MF,0.0,0.7197,-0.7197,0,88,34,0.0852,0.3115,-0.2263,0.4934,Positive,1,1
3879834,Serie A 2015/2016,Fiorentina,71,-1,0,19,3,61-75,Right Wing Back,FW,0.0852,0.2824,-0.1972,3,115,20,0.0425,0.0291,0.0134,0.2106,Positive,2,0
3879834,Serie A 2015/2016,Udinese,77,1,1,13,1,76-90+,Left Center Midfield,MF,0.3115,0.0852,0.2263,2,29,36,0.0,0.0425,-0.0425,-0.2688,Negative,3,1
3879834,Serie A 2015/2016,Udinese,82,1,1,8,2,76-90+,Left Center Forward,FW,0.0291,0.0751,-0.046,1,36,50,0.0,0.0,0.0,0.046,Neutral,3,0
3879831,Serie A 2015/2016,Sassuolo,30,0,1,60,1,0-30,Center Forward,FW,0.0566,0.0338,0.0228,1,94,14,0.3454,0.0,0.3454,0.3226,Positive,0,0
3879831,Serie A 2015/2016,Sassuolo,36,0,1,54,2,31-60,Right Center Midfield,MF,0.0566,0.0338,0.0228,1,74,15,0.3454,0.0,0.3454,0.3226,Positive,1,1
3879831,Serie A 2015/2016,Sampdoria,45,0,0,45,1,31-60,Left Midfield,MF,0.0,0.3454,-0.3454,0,36,15,0.0202,0.8958,-0.8756,-0.5302,Negative,1,1
3879831,Serie A 2015/2016,Sampdoria,57,0,0,33,2,31-60,Right Center Midfield,MF,0.0202,0.7628,-0.7426,1,47,29,0.0,0.9668,-0.9668,-0.2242,Negative,1,1
3879831,Serie A 2015/2016,Sampdoria,72,0,0,18,3,61-75,Center Forward,FW,0.0,0.9668,-0.9668,0,35,16,0.0562,0.2972,-0.241,0.7258,Positive,2,0
3879831,Serie A 2015/2016,Sassuolo,76,0,1,14,3,76-90+,Right Center Midfield,MF,0.4594,0.0,0.4594,4,116,15,1.2419,0.0562,1.1857,0.7263,Positive,3,1
3879829,Serie A 2015/2016,Empoli,51,1,1,39,1,31-60,Right Back,DF,0.2047,0.501,-0.2963,2,101,21,0.6868,0.4445,0.2423,0.5386,Positive,1,2
3879829,Serie A 2015/2016,Hellas Verona,52,-1,0,38,1,31-60,Left Defensive Midfield,MF,0.501,0.2047,0.2963,3,84,28,0.4445,0.6868,-0.2423,-0.5386,Negative,1,1
3879829,Serie A 2015/2016,Empoli,59,1,1,31,2,31-60,Center Attacking Midfield,MF,0.185,0.3841,-0.1991,1,81,23,1.0316,0.2151,0.8165,1.0156,Positive,1,1
3879829,Serie A 2015/2016,Hellas Verona,73,-1,0,17,2,61-75,Left Midfield,MF,0.2151,1.0316,-0.8165,4,76,40,0.3458,0.0261,0.3197,1.1362,Positive,2,1
3879829,Serie A 2015/2016,Hellas Verona,73,-1,0,17,3,61-75,Right Center Forward,FW,0.2151,1.0316,-0.8165,4,76,40,0.3458,0.0261,0.3197,1.1362,Positive,2,0
3879829,Serie A 2015/2016,Empoli,82,1,1,8,3,76-90+,Right Center Forward,FW,0.3448,0.2412,0.1036,2,78,31,0.0261,0.1369,-0.1108,-0.2144,Negative,3,0
3879827,Serie A 2015/2016,Bologna,58,-3,0,32,1,31-60,Left Midfield,MF,0.2312,0.0728,0.1584,2,65,37,0.0,0.0747,-0.0747,-0.2331,Negative,1,1
3879827,Serie A 2015/2016,Bologna,59,-3,0,31,2,31-60,Center Forward,FW,0.2312,0.0728,0.1584,2,53,37,0.0,0.0747,-0.0747,-0.2331,Negative,1,0
3879827,Serie A 2015/2016,Napoli,72,3,1,18,1,61-75,Center Forward,FW,0.1475,0.0,0.1475,2,79,37,0.3989,0.0155,0.3834,0.2359,Positive,2,0
3879827,Serie A 2015/2016,Napoli,76,3,1,14,2,76-90+,Right Wing,FW,0.0747,0.0,0.0747,1,68,44,1.2448,0.0155,1.2293,1.1546,Positive,3,0
3879827,Serie A 2015/2016,Napoli,80,4,1,10,3,76-90+,Left Center Midfield,MF,0.4386,0.0155,0.4231,3,85,37,0.8809,0.0,0.8809,0.4578,Positive,3,1
3879827,Serie A 2015/2016,Bologna,80,-4,0,10,3,76-90+,Center Midfield,MF,0.0155,0.4386,-0.4231,1,102,13,0.0,0.8809,-0.8809,-0.4578,Negative,3,1
3879826,Serie A 2015/2016,Hellas Verona,20,-1,1,70,1,0-30,Left Center Back,DF,0.1869,0.1263,0.0606,2,68,25,0.1298,0.1781,-0.0483,-0.1089,Negative,0,2
3879826,Serie A 2015/2016,Frosinone,45,1,0,45,1,31-60,Left Wing,FW,0.3402,0.1746,0.1656,3,53,27,0.0463,0.069,-0.0227,-0.1883,Negative,1,0
3879826,Serie A 2015/2016,Hellas Verona,45,-1,1,45,2,31-60,Right Wing,FW,0.1746,0.3402,-0.1656,4,78,22,0.069,0.0463,0.0227,0.1883,Positive,1,0
3879826,Serie A 2015/2016,Frosinone,70,0,0,20,2,61-75,Right Center Midfield,MF,0.0463,1.3315,-1.2852,1,52,22,0.0906,0.1563,-0.0657,1.2195,Positive,2,1
3879826,Serie A 2015/2016,Hellas Verona,79,0,1,11,3,76-90+,Left Back,DF,0.6335,0.0906,0.5429,2,66,33,0.1563,0.3316,-0.1753,-0.7182,Negative,3,2
3879826,Serie A 2015/2016,Frosinone,85,0,0,5,3,76-90+,Center Defensive Midfield,MF,0.0906,0.1563,-0.0657,2,39,31,0.3316,0.0,0.3316,0.3973,Positive,3,1
3879824,Serie A 2015/2016,AC Milan,53,0,0,37,1,31-60,Left Center Midfield,MF,0.0089,0.1546,-0.1457,1,118,14,0.4421,0.0602,0.3819,0.5276,Positive,1,1
3879824,Serie A 2015/2016,Sampdoria,55,0,1,35,1,31-60,Right Attacking Midfield,MF,0.1546,0.0089,0.1457,4,68,32,0.0602,0.4421,-0.3819,-0.5276,Negative,1,1
3879824,Serie A 2015/2016,Sampdoria,65,0,1,25,2,61-75,Left Defensive Midfield,MF,0.0602,0.4096,-0.3494,1,70,34,0.0355,0.227,-0.1915,0.1579,Positive,2,1
3879824,Serie A 2015/2016,AC Milan,79,1,0,11,2,76-90+,Left Center Forward,FW,0.3832,0.0,0.3832,4,68,15,0.0,0.0355,-0.0355,-0.4187,Negative,3,0
3879824,Serie A 2015/2016,Sampdoria,80,-1,1,10,3,76-90+,Right Attacking Midfield,MF,0.0355,0.227,-0.1915,1,53,25,0.0,0.0,0.0,0.1915,Positive,3,1
3879823,Serie A 2015/2016,AS Roma,32,2,0,58,1,31-60,Left Back,DF,0.1926,0.0629,0.1297,2,87,20,0.4893,0.3815,0.1078,-0.0219,Neutral,1,2
3879823,Serie A 2015/2016,AS Roma,53,-1,0,37,2,31-60,Left Center Back,DF,0.5003,0.3583,0.142,3,123,14,0.0,0.5803,-0.5803,-0.7223,Negative,1,2
3879823,Serie A 2015/2016,Atalanta,74,1,1,16,1,61-75,Right Wing,FW,0.5803,0.2193,0.361,2,42,28,0.032,0.8463,-0.8143,-1.1753,Negative,2,0
3879823,Serie A 2015/2016,AS Roma,77,-1,0,13,3,76-90+,Right Defensive Midfield,MF,0.2193,0.3658,-0.1465,4,101,17,0.8463,0.032,0.8143,0.9608,Positive,3,1
3879823,Serie A 2015/2016,Atalanta,83,1,1,7,2,76-90+,Center Forward,FW,0.032,0.6141,-0.5821,2,42,34,0.0327,0.4514,-0.4187,0.1634,Positive,3,0
3879822,Serie A 2015/2016,Udinese,50,0,1,40,1,31-60,Right Center Midfield,MF,0.0,0.0696,-0.0696,0,54,34,0.6007,0.0,0.6007,0.6703,Positive,1,1
3879822,Serie A 2015/2016,Udinese,55,0,1,35,2,31-60,Left Wing Back,FW,0.0,0.0696,-0.0696,0,63,34,0.704,0.0,0.704,0.7736,Positive,1,0
3879822,Serie A 2015/2016,Chievo,63,0,0,27,1,61-75,Left Center Forward,FW,0.0,0.6007,-0.6007,0,67,14,0.042,0.249,-0.207,0.3937,Positive,2,0
3879822,Serie A 2015/2016,Chievo,68,0,0,22,2,61-75,Center Attacking Midfield,MF,0.0,0.704,-0.704,0,55,18,0.042,0.1901,-0.1481,0.5559,Positive,2,1
3879822,Serie A 2015/2016,Chievo,74,0,0,16,3,61-75,Right Center Back,DF,0.042,0.8497,-0.8077,1,50,16,0.0196,0.0444,-0.0248,0.7829,Positive,2,2
3879821,Serie A 2015/2016,Sassuolo,68,-1,0,22,1,61-75,Left Wing,FW,0.6657,0.0608,0.6049,4,72,20,0.0,0.1843,-0.1843,-0.7892,Negative,2,0
3879821,Serie A 2015/2016,Fiorentina,69,1,1,21,1,61-75,Right Wing,FW,0.0436,0.6657,-0.6221,1,65,22,0.1843,0.0,0.1843,0.8064,Positive,2,0
3879821,Serie A 2015/2016,Sassuolo,72,-1,0,18,2,61-75,Right Back,DF,0.3992,0.1561,0.2431,3,65,15,0.1202,0.0282,0.092,-0.1511,Negative,2,2
3879821,Serie A 2015/2016,Sassuolo,75,-1,0,15,3,61-75,Right Center Midfield,MF,0.0155,0.1561,-0.1406,1,72,16,0.1202,0.0282,0.092,0.2326,Positive,2,1
3879821,Serie A 2015/2016,Fiorentina,76,1,1,14,2,76-90+,Center Attacking Midfield,MF,0.1561,0.0155,0.1406,1,58,29,0.0282,0.1202,-0.092,-0.2326,Negative,3,1
3879820,Serie A 2015/2016,Juventus,15,1,1,75,1,0-30,Center Defensive Midfield,MF,0.2621,0.0,0.2621,5,114,16,0.1108,0.0099,0.1009,-0.1612,Negative,0,1
3879820,Serie A 2015/2016,Palermo,58,-1,0,32,1,31-60,Center Defensive Midfield,MF,0.1391,0.2021,-0.063,2,58,27,0.0406,0.5598,-0.5192,-0.4562,Negative,1,1
3879820,Serie A 2015/2016,Juventus,67,1,1,23,2,61-75,Right Center Forward,FW,0.2347,0.0406,0.1941,3,83,30,0.5321,0.0157,0.5164,0.3223,Positive,2,0
3879820,Serie A 2015/2016,Palermo,71,-2,0,19,2,61-75,Right Center Back,DF,0.0406,0.5662,-0.5256,2,58,21,0.0704,0.2006,-0.1302,0.3954,Positive,2,2
3879820,Serie A 2015/2016,Juventus,78,3,1,12,3,76-90+,Right Center Midfield,MF,0.7107,0.0406,0.6701,3,54,13,0.2854,0.0868,0.1986,-0.4715,Negative,3,1
3879818,Serie A 2015/2016,Bologna,45,0,1,45,1,31-60,Right Wing,FW,0.0,0.0961,-0.0961,0,92,32,0.2654,0.0,0.2654,0.3615,Positive,1,0
3879818,Serie A 2015/2016,Bologna,59,0,1,31,2,31-60,Left Back,DF,0.2654,0.0,0.2654,3,106,25,0.1649,0.0,0.1649,-0.1005,Negative,1,2
3879818,Serie A 2015/2016,Torino,69,0,0,21,1,61-75,Center Defensive Midfield,MF,0.0,0.4159,-0.4159,0,74,29,0.0,0.0,0.0,0.4159,Positive,2,1
3879818,Serie A 2015/2016,Torino,79,0,0,11,2,76-90+,Left Center Midfield,MF,0.0,0.1649,-0.1649,0,68,35,0.8769,0.0,0.8769,1.0418,Positive,3,1
3879818,Serie A 2015/2016,Bologna,80,0,1,10,3,76-90+,Right Center Midfield,MF,0.1649,0.0,0.1649,2,83,27,0.0,0.8769,-0.8769,-1.0418,Negative,3,1
3879816,Serie A 2015/2016,Bologna,42,1,0,48,1,31-60,Right Center Midfield,MF,0.0,0.15,-0.15,0,45,37,0.0987,0.4896,-0.3909,-0.2409,Negative,1,1
3879816,Serie A 2015/2016,AS Roma,45,-1,1,45,1,31-60,Center Attacking Midfield,MF,0.15,0.0,0.15,2,112,25,0.4896,0.0987,0.3909,0.2409,Positive,1,1
3879816,Serie A 2015/2016,Bologna,58,0,0,32,2,31-60,Left Back,DF,0.0987,0.4896,-0.3909,2,80,50,0.0307,0.068,-0.0373,0.3536,Positive,1,2
3879816,Serie A 2015/2016,AS Roma,70,0,1,20,2,61-75,Left Wing,FW,0.0159,0.0307,-0.0148,1,113,23,0.0809,0.0533,0.0276,0.0424,Neutral,2,0
3879816,Serie A 2015/2016,Bologna,80,0,0,10,3,76-90+,Left Center Back,DF,0.0839,0.0521,0.0318,2,60,28,0.0106,0.0697,-0.0591,-0.0909,Neutral,3,2
3879815,Serie A 2015/2016,Atalanta,45,-1,0,45,1,31-60,Right Wing,FW,0.0,0.226,-0.226,0,62,33,0.0617,0.3672,-0.3055,-0.0795,Neutral,1,0
3879815,Serie A 2015/2016,Torino,45,1,1,45,1,31-60,Right Center Midfield,MF,0.226,0.0,0.226,2,86,18,0.3672,0.0617,0.3055,0.0795,Neutral,1,1
3879815,Serie A 2015/2016,Torino,55,2,1,35,2,31-60,Left Center Midfield,MF,0.4705,0.0617,0.4088,2,54,25,0.0,0.0851,-0.0851,-0.4939,Negative,1,1
3879815,Serie A 2015/2016,Atalanta,68,-2,0,22,2,61-75,Center Attacking Midfield,MF,0.053,0.0,0.053,3,91,28,0.201,0.0,0.201,0.148,Positive,2,1
3879815,Serie A 2015/2016,Torino,72,2,1,18,3,61-75,Right Center Forward,FW,0.0,0.1392,-0.1392,0,60,31,0.0,0.1206,-0.1206,0.0186,Neutral,2,0
3879815,Serie A 2015/2016,Atalanta,73,-2,0,17,3,61-75,Center Attacking Midfield,MF,0.1392,0.0,0.1392,4,86,25,0.1206,0.0,0.1206,-0.0186,Neutral,2,1
3879814,Serie A 2015/2016,Fiorentina,56,-1,0,34,1,31-60,Left Wing,FW,0.3703,0.3655,0.0048,6,102,24,0.3532,0.0,0.3532,0.3484,Positive,1,0
3879814,Serie A 2015/2016,Empoli,56,1,1,34,1,31-60,Right Back,DF,0.3655,0.3703,-0.0048,1,64,32,0.0,0.3532,-0.3532,-0.3484,Negative,1,2
3879814,Serie A 2015/2016,Empoli,69,1,1,21,2,61-75,Left Center Midfield,MF,0.0,0.2801,-0.2801,0,59,26,0.0326,0.2757,-0.2431,0.037,Neutral,2,1
3879814,Serie A 2015/2016,Empoli,75,1,1,15,3,61-75,Center Attacking Midfield,MF,0.0,0.3532,-0.3532,0,61,34,0.2673,0.3024,-0.0351,0.3181,Positive,2,1
3879814,Serie A 2015/2016,Fiorentina,81,-1,0,9,2,76-90+,Center Attacking Midfield,MF,0.2352,0.0326,0.2026,4,103,24,0.3168,0.2347,0.0821,-0.1205,Negative,3,1
3879814,Serie A 2015/2016,Fiorentina,81,-1,0,9,3,76-90+,Right Back,DF,0.2352,0.0326,0.2026,4,103,24,0.3168,0.2347,0.0821,-0.1205,Negative,3,2
3879813,Serie A 2015/2016,Udinese,61,0,0,29,1,61-75,Left Center Midfield,MF,0.0617,0.6132,-0.5515,1,61,40,0.1306,0.0,0.1306,0.6821,Positive,2,1
3879813,Serie A 2015/2016,Sampdoria,64,0,1,26,1,61-75,Right Center Forward,FW,0.6132,0.0,0.6132,4,87,23,0.0,0.1306,-0.1306,-0.7438,Negative,2,0
3879813,Serie A 2015/2016,Udinese,67,0,0,23,2,61-75,Left Center Back,DF,0.0,0.6132,-0.6132,0,63,29,0.1593,0.0,0.1593,0.7725,Positive,2,2
3879813,Serie A 2015/2016,Sampdoria,70,0,1,20,2,61-75,Right Center Midfield,MF,0.2687,0.0,0.2687,2,71,26,0.132,0.1807,-0.0487,-0.3174,Negative,2,1
3879813,Serie A 2015/2016,Sampdoria,74,0,1,16,3,61-75,Right Center Midfield,MF,0.2687,0.1306,0.1381,2,61,27,0.132,0.05,0.082,-0.0561,Neutral,2,1
3879813,Serie A 2015/2016,Udinese,74,0,0,16,3,61-75,Right Center Back,DF,0.1306,0.2687,-0.1381,2,63,19,0.05,0.132,-0.082,0.0561,Neutral,2,2
3879812,Serie A 2015/2016,Palermo,36,-2,1,54,1,31-60,Left Midfield,MF,0.0,0.3944,-0.3944,0,32,37,0.0721,0.4107,-0.3386,0.0558,Neutral,1,1
3879812,Serie A 2015/2016,Palermo,51,-2,1,39,2,31-60,Right Midfield,MF,0.0721,0.4107,-0.3386,2,54,31,0.0888,0.1529,-0.0641,0.2745,Positive,1,1
3879812,Serie A 2015/2016,Lazio,68,2,0,22,1,61-75,Left Wing,FW,0.1529,0.1578,-0.0049,3,68,23,0.3175,0.0538,0.2637,0.2686,Positive,2,0
3879812,Serie A 2015/2016,Palermo,73,-3,1,17,3,61-75,Center Attacking Midfield,MF,0.069,0.2041,-0.1351,1,58,19,0.0538,0.1134,-0.0596,0.0755,Neutral,2,1
3879812,Serie A 2015/2016,Lazio,74,3,0,16,2,61-75,Left Back,DF,0.2114,0.069,0.1424,2,72,17,0.1061,0.0538,0.0523,-0.0901,Neutral,2,2
3879812,Serie A 2015/2016,Lazio,77,3,0,13,3,76-90+,Center Forward,FW,0.278,0.1228,0.1552,3,83,22,0.0395,0.0427,-0.0032,-0.1584,Negative,3,0
3879811,Serie A 2015/2016,Hellas Verona,51,-2,0,39,1,31-60,Left Center Midfield,MF,0.0,0.8789,-0.8789,0,88,37,0.0773,0.0494,0.0279,0.9068,Positive,1,1
3879811,Serie A 2015/2016,Hellas Verona,51,-2,0,39,2,31-60,Right Midfield,MF,0.0,0.8789,-0.8789,0,88,37,0.0773,0.0494,0.0279,0.9068,Positive,1,1
3879811,Serie A 2015/2016,Napoli,67,2,1,23,1,61-75,Center Forward,FW,0.0494,0.0773,-0.0279,1,136,29,0.8325,0.0208,0.8117,0.8396,Positive,2,0
3879811,Serie A 2015/2016,Hellas Verona,71,-3,0,19,3,61-75,Left Midfield,MF,0.0773,0.6391,-0.5618,3,59,36,0.0208,0.2118,-0.191,0.3708,Positive,2,1
3879811,Serie A 2015/2016,Napoli,78,3,1,12,2,76-90+,Left Center Midfield,MF,0.8325,0.0208,0.8117,2,104,27,0.0184,0.0551,-0.0367,-0.8484,Negative,3,1
3879810,Serie A 2015/2016,Juventus,66,1,0,24,1,61-75,Right Center Forward,FW,0.2036,0.0977,0.1059,4,59,8,0.0,0.0449,-0.0449,-0.1508,Negative,2,0
3879810,Serie A 2015/2016,AC Milan,72,-1,1,18,1,61-75,Right Midfield,MF,0.0449,0.157,-0.1121,1,32,25,0.0,0.0,0.0,0.1121,Positive,2,1
3879810,Serie A 2015/2016,AC Milan,76,-1,1,14,2,76-90+,Left Center Forward,FW,0.0449,0.0987,-0.0538,1,47,34,0.0,0.0,0.0,0.0538,Neutral,3,0
3879810,Serie A 2015/2016,Juventus,80,1,0,10,2,76-90+,Right Wing Back,FW,0.0,0.0449,-0.0449,0,82,13,0.0,0.045,-0.045,-0.0001,Neutral,3,0
3879810,Serie A 2015/2016,Juventus,84,1,0,6,3,76-90+,Left Center Midfield,MF,0.0,0.0449,-0.0449,0,88,11,0.0,0.045,-0.045,-0.0001,Neutral,3,1
3879809,Serie A 2015/2016,Genoa,63,1,0,27,1,61-75,Right Center Midfield,MF,0.1475,0.4064,-0.2589,2,58,28,0.0265,0.0672,-0.0407,0.2182,Positive,2,1
3879809,Serie A 2015/2016,Genoa,71,1,0,19,2,61-75,Left Center Forward,FW,0.0483,0.2059,-0.1576,1,44,28,0.0265,0.1009,-0.0744,0.0832,Neutral,2,0
3879809,Serie A 2015/2016,Sassuolo,74,-1,1,16,1,61-75,Right Wing,FW,0.2059,0.0265,0.1794,4,102,15,0.1009,0.0,0.1009,-0.0785,Neutral,2,0
3879809,Serie A 2015/2016,Sassuolo,78,-1,1,12,2,76-90+,Right Center Midfield,MF,0.0672,0.0265,0.0407,2,102,15,0.1851,0.0,0.1851,0.1444,Positive,3,1
3879809,Serie A 2015/2016,Genoa,79,1,0,11,3,76-90+,Left Center Back,DF,0.0265,0.0672,-0.0407,1,27,28,0.0,0.1851,-0.1851,-0.1444,Negative,3,2
3879808,Serie A 2015/2016,Frosinone,70,0,1,20,1,61-75,Right Center Midfield,MF,0.273,0.5317,-0.2587,5,50,38,0.16,0.2901,-0.1301,0.1286,Positive,2,1
3879808,Serie A 2015/2016,Frosinone,74,-1,1,16,2,61-75,Left Wing,FW,0.2865,0.6442,-0.3577,6,46,33,0.2468,0.2258,0.021,0.3787,Positive,2,0
3879808,Serie A 2015/2016,Frosinone,79,-1,1,11,3,76-90+,Center Defensive Midfield,MF,0.16,0.7095,-0.5495,2,35,38,0.257,0.3845,-0.1275,0.422,Positive,3,1
3879808,Serie A 2015/2016,Inter Milan,85,1,0,5,1,76-90+,Left Defensive Midfield,MF,0.2901,0.16,0.1301,3,108,18,0.3845,0.257,0.1275,-0.0026,Neutral,3,1
3879808,Serie A 2015/2016,Inter Milan,85,1,0,5,2,76-90+,Left Back,DF,0.2901,0.16,0.1301,3,108,18,0.3845,0.257,0.1275,-0.0026,Neutral,3,2
3879807,Serie A 2015/2016,Chievo,45,0,1,45,1,31-60,Right Center Forward,FW,0.0264,0.0094,0.017,2,112,31,0.2597,0.226,0.0337,0.0167,Neutral,1,0
3879807,Serie A 2015/2016,Carpi,63,0,0,27,1,61-75,Left Midfield,MF,0.226,0.2597,-0.0337,2,46,30,0.0,0.0643,-0.0643,-0.0306,Neutral,2,1
3879807,Serie A 2015/2016,Carpi,67,0,0,23,2,61-75,Right Center Midfield,MF,0.2199,0.324,-0.1041,1,37,30,0.0853,0.0,0.0853,0.1894,Positive,2,1
3879807,Serie A 2015/2016,Chievo,78,0,1,12,2,76-90+,Center Attacking Midfield,MF,0.0643,0.0,0.0643,2,107,16,0.2922,0.5678,-0.2756,-0.3399,Negative,3,1
3879807,Serie A 2015/2016,Carpi,81,0,0,9,3,76-90+,Left Center Midfield,MF,0.0853,0.0392,0.0461,1,57,30,0.4825,0.2922,0.1903,0.1442,Positive,3,1
3879807,Serie A 2015/2016,Chievo,85,1,1,5,3,76-90+,Left Attacking Midfield,MF,0.1372,0.145,-0.0078,1,83,14,0.1551,0.4228,-0.2677,-0.2599,Negative,3,1
3879806,Serie A 2015/2016,Bologna,9,0,1,81,1,0-30,Left Center Midfield,MF,0.0312,0.0,0.0312,1,54,10,0.0621,0.0,0.0621,0.0309,Neutral,0,1
3879806,Serie A 2015/2016,Bologna,45,-1,1,45,2,31-60,Right Wing,FW,0.0096,0.1004,-0.0908,1,62,26,0.0,0.0,0.0,0.0908,Neutral,1,0
3879806,Serie A 2015/2016,Hellas Verona,65,1,0,25,1,61-75,Left Midfield,MF,0.0,0.2727,-0.2727,0,51,35,0.0,0.2206,-0.2206,0.0521,Neutral,2,1
3879806,Serie A 2015/2016,Bologna,71,-1,1,19,3,61-75,Right Center Midfield,MF,0.4401,0.0,0.4401,4,83,19,0.0983,0.0665,0.0318,-0.4083,Negative,2,1
3879806,Serie A 2015/2016,Hellas Verona,73,1,0,17,2,61-75,Left Center Forward,FW,0.0,0.4933,-0.4933,0,26,35,0.0665,0.0451,0.0214,0.5147,Positive,2,0
3879806,Serie A 2015/2016,Hellas Verona,78,1,0,12,3,76-90+,Left Back,DF,0.0,0.2641,-0.2641,0,23,31,0.0665,0.0451,0.0214,0.2855,Positive,3,2
3879805,Serie A 2015/2016,AC Milan,57,0,0,33,1,31-60,Right Center Forward,FW,0.0227,0.2508,-0.2281,1,59,44,0.3193,0.2119,0.1074,0.3355,Positive,1,0
3879805,Serie A 2015/2016,AC Milan,66,-1,0,24,2,61-75,Right Midfield,MF,0.0847,0.2654,-0.1807,1,86,26,0.3203,0.1035,0.2168,0.3975,Positive,2,1
3879805,Serie A 2015/2016,AC Milan,76,-1,0,14,3,76-90+,Left Center Midfield,MF,0.2723,0.2734,-0.0011,4,79,27,0.0999,0.0419,0.058,0.0591,Neutral,3,1
3879805,Serie A 2015/2016,Atalanta,77,1,1,13,1,76-90+,Right Defensive Midfield,MF,0.0615,0.2723,-0.2108,1,43,26,0.0419,0.0999,-0.058,0.1528,Positive,3,1
3879805,Serie A 2015/2016,Atalanta,81,1,1,9,2,76-90+,Center Attacking Midfield,MF,0.1035,0.3203,-0.2168,2,49,30,0.1713,0.0519,0.1194,0.3362,Positive,3,1
3879804,Serie A 2015/2016,Genoa,19,0,1,71,1,0-30,Left Center Forward,FW,0.0555,0.0682,-0.0127,2,90,18,0.1223,0.0199,0.1024,0.1151,Positive,0,0
3879804,Serie A 2015/2016,Frosinone,61,-2,0,29,1,61-75,Left Wing,FW,0.0456,0.3776,-0.332,1,56,17,0.0,0.6312,-0.6312,-0.2992,Negative,2,0
3879804,Serie A 2015/2016,Frosinone,67,-2,0,23,2,61-75,Right Center Forward,FW,0.0456,0.0515,-0.0059,1,50,14,0.1955,0.6143,-0.4188,-0.4129,Negative,2,0
3879804,Serie A 2015/2016,Frosinone,72,-3,0,18,3,61-75,Center Attacking Midfield,MF,0.0,0.6183,-0.6183,0,51,19,0.2346,0.1236,0.111,0.7293,Positive,2,1
3879804,Serie A 2015/2016,Genoa,77,4,1,13,2,76-90+,Left Center Midfield,MF,0.6312,0.0548,0.5764,4,97,24,0.2637,0.1799,0.0838,-0.4926,Negative,3,1
3879803,Serie A 2015/2016,Napoli,57,-2,0,33,1,31-60,Right Wing,FW,0.0217,0.3331,-0.3114,1,113,16,0.057,0.0,0.057,0.3684,Positive,1,0
3879803,Serie A 2015/2016,Udinese,63,2,1,27,1,61-75,Center Forward,FW,0.2907,0.0,0.2907,2,42,27,0.0552,0.057,-0.0018,-0.2925,Negative,2,0
3879803,Serie A 2015/2016,Napoli,71,-2,0,19,2,61-75,Right Wing,FW,0.057,0.2727,-0.2157,2,115,18,0.1839,0.0552,0.1287,0.3444,Positive,2,0
3879803,Serie A 2015/2016,Napoli,73,-2,0,17,3,61-75,Center Defensive Midfield,MF,0.057,0.0,0.057,2,122,19,0.1839,0.0552,0.1287,0.0717,Neutral,2,1
3879803,Serie A 2015/2016,Udinese,74,2,1,16,2,61-75,Left Wing Back,FW,0.0552,0.057,-0.0018,1,41,21,0.0,0.1839,-0.1839,-0.1821,Negative,2,0
3879803,Serie A 2015/2016,Udinese,83,2,1,7,3,76-90+,Center Attacking Midfield,MF,0.0552,0.0789,-0.0237,1,35,23,0.0,0.1244,-0.1244,-0.1007,Negative,3,1
3879802,Serie A 2015/2016,Palermo,37,0,0,53,1,31-60,Right Center Midfield,MF,0.7146,0.121,0.5936,2,90,25,0.0,0.0162,-0.0162,-0.6098,Negative,1,1
3879802,Serie A 2015/2016,Chievo,57,1,1,33,1,31-60,Left Center Forward,FW,0.1155,0.0,0.1155,1,89,39,0.0,0.0093,-0.0093,-0.1248,Negative,1,0
3879802,Serie A 2015/2016,Palermo,64,-1,0,26,2,61-75,Right Center Midfield,MF,0.0093,0.1155,-0.1062,1,86,13,0.0941,0.0429,0.0512,0.1574,Positive,2,1
3879802,Serie A 2015/2016,Palermo,75,-2,0,15,3,61-75,Left Center Midfield,MF,0.1034,0.0429,0.0605,2,79,16,0.6141,0.0,0.6141,0.5536,Positive,2,1
3879802,Serie A 2015/2016,Chievo,76,2,1,14,2,76-90+,Left Center Midfield,MF,0.0429,0.1034,-0.0605,1,72,41,0.0,0.6141,-0.6141,-0.5536,Negative,3,1
3879802,Serie A 2015/2016,Chievo,81,2,1,9,3,76-90+,Right Center Forward,FW,0.0429,0.2392,-0.1963,1,87,33,0.0,0.469,-0.469,-0.2727,Negative,3,0
3879801,Serie A 2015/2016,Torino,55,0,0,35,1,31-60,Left Center Midfield,MF,0.4446,0.0,0.4446,3,67,55,0.2925,0.2596,0.0329,-0.4117,Negative,1,1
3879801,Serie A 2015/2016,Inter Milan,58,0,1,32,1,31-60,Right Defensive Midfield,MF,0.0,0.5803,-0.5803,0,127,32,0.2596,0.9403,-0.6807,-0.1004,Negative,1,1
3879801,Serie A 2015/2016,Torino,66,0,0,24,2,61-75,Center Defensive Midfield,MF,0.633,0.0,0.633,6,83,30,0.975,0.2596,0.7154,0.0824,Neutral,2,1
3879801,Serie A 2015/2016,Inter Milan,70,0,1,20,2,61-75,Center Forward,FW,0.2596,0.2925,-0.0329,1,80,18,0.0,0.8709,-0.8709,-0.838,Negative,2,0
3879801,Serie A 2015/2016,Torino,79,1,0,11,3,76-90+,Right Center Midfield,MF,0.8996,0.2596,0.64,4,49,27,0.2202,0.0523,0.1679,-0.4721,Negative,3,1
3879801,Serie A 2015/2016,Inter Milan,84,-1,1,6,3,76-90+,Left Center Back,DF,0.0,0.8709,-0.8709,0,65,28,0.1511,0.1328,0.0183,0.8892,Positive,3,2
3879800,Serie A 2015/2016,Fiorentina,45,0,1,45,1,31-60,Left Defensive Midfield,MF,0.0433,0.0947,-0.0514,1,96,27,0.1055,0.0356,0.0699,0.1213,Positive,1,1
3879800,Serie A 2015/2016,Fiorentina,61,0,1,29,2,61-75,Center Forward,FW,0.1055,0.0356,0.0699,3,98,38,0.1956,0.0416,0.154,0.0841,Neutral,2,0
3879800,Serie A 2015/2016,Sampdoria,61,0,0,29,1,61-75,Right Wing,FW,0.0356,0.1055,-0.0699,1,74,40,0.0416,0.1956,-0.154,-0.0841,Neutral,2,0
3879800,Serie A 2015/2016,Sampdoria,66,0,0,24,2,61-75,Left Defensive Midfield,MF,0.0416,0.1403,-0.0987,1,62,29,0.0,0.2486,-0.2486,-0.1499,Negative,2,1
3879800,Serie A 2015/2016,Fiorentina,69,0,1,21,3,61-75,Right Defensive Midfield,MF,0.1355,0.0416,0.0939,3,70,33,0.1987,0.02,0.1787,0.0848,Neutral,2,1
3879800,Serie A 2015/2016,Sampdoria,85,0,0,5,3,76-90+,Left Wing Back,FW,0.02,0.1987,-0.1787,1,34,30,0.0,0.2663,-0.2663,-0.0876,Neutral,3,0
3879799,Serie A 2015/2016,Lazio,55,-1,1,35,1,31-60,Center Forward,FW,0.0543,0.4833,-0.429,2,62,41,0.4595,0.454,0.0055,0.4345,Positive,1,0
3879799,Serie A 2015/2016,Lazio,55,-1,1,35,2,31-60,Left Midfield,MF,0.0543,0.4833,-0.429,2,62,41,0.4595,0.454,0.0055,0.4345,Positive,1,1
3879799,Serie A 2015/2016,AS Roma,59,1,0,31,1,31-60,Left Midfield,MF,0.3063,0.069,0.2373,4,66,32,0.454,0.4448,0.0092,-0.2281,Negative,1,1
3879799,Serie A 2015/2016,AS Roma,70,2,0,20,2,61-75,Center Attacking Midfield,MF,0.454,0.4595,-0.0055,2,40,19,0.0219,1.7613,-1.7394,-1.7339,Negative,2,1
3879799,Serie A 2015/2016,AS Roma,80,1,0,10,3,76-90+,Right Midfield,MF,0.0,2.0884,-2.0884,0,62,35,0.1841,0.1164,0.0677,2.1561,Positive,3,1
3879799,Serie A 2015/2016,Lazio,83,-2,1,7,3,76-90+,Right Center Midfield,MF,1.9814,0.0219,1.9595,6,63,14,0.1164,0.1622,-0.0458,-2.0053,Negative,3,1
3879798,Serie A 2015/2016,Empoli,53,-1,0,37,1,31-60,Left Center Midfield,MF,0.0,0.251,-0.251,0,101,33,0.0054,0.0,0.0054,0.2564,Positive,1,1
3879798,Serie A 2015/2016,Juventus,53,1,1,37,1,31-60,Left Center Back,DF,0.251,0.0,0.251,2,84,29,0.0,0.0054,-0.0054,-0.2564,Negative,1,2
3879798,Serie A 2015/2016,Empoli,59,-1,0,31,2,31-60,Center Attacking Midfield,MF,0.0,0.0901,-0.0901,0,89,24,0.1134,0.0,0.1134,0.2035,Positive,1,1
3879798,Serie A 2015/2016,Juventus,65,1,1,25,2,61-75,Right Center Forward,FW,0.0901,0.0054,0.0847,1,60,21,0.032,0.1195,-0.0875,-0.1722,Negative,2,0
3879798,Serie A 2015/2016,Empoli,74,-1,0,16,3,61-75,Left Center Forward,FW,0.1134,0.0,0.1134,3,84,22,0.0116,0.1153,-0.1037,-0.2171,Negative,2,0
3879798,Serie A 2015/2016,Juventus,80,1,1,10,3,76-90+,Right Defensive Midfield,MF,0.032,0.1195,-0.0875,1,61,17,0.9608,0.0379,0.9229,1.0104,Positive,3,1
3879797,Serie A 2015/2016,Carpi,45,-1,1,45,1,31-60,Center Attacking Midfield,MF,0.6937,0.7054,-0.0117,3,62,26,0.0383,0.0,0.0383,0.05,Neutral,1,1
3879797,Serie A 2015/2016,Carpi,62,-1,1,28,2,61-75,Left Midfield,MF,0.0383,0.0,0.0383,1,74,41,0.0623,0.3036,-0.2413,-0.2796,Negative,2,1
3879797,Serie A 2015/2016,Sassuolo,66,1,0,24,1,61-75,Left Back,DF,0.0,0.0,0.0,0,76,33,0.3036,0.0623,0.2413,0.2413,Positive,2,2
3879797,Serie A 2015/2016,Carpi,77,-2,1,13,3,76-90+,Center Forward,FW,0.0623,0.3036,-0.2413,2,83,23,0.0779,0.0521,0.0258,0.2671,Positive,3,0
3879797,Serie A 2015/2016,Sassuolo,79,2,0,11,2,76-90+,Right Wing,FW,0.3036,0.0623,0.2413,1,51,22,0.0521,0.0936,-0.0415,-0.2828,Negative,3,0
3879797,Serie A 2015/2016,Sassuolo,84,2,0,6,3,76-90+,Right Center Midfield,MF,0.3036,0.1187,0.1849,1,57,22,0.0521,0.0372,0.0149,-0.17,Negative,3,1
3879796,Serie A 2015/2016,Genoa,16,1,0,74,1,0-30,Center Back,DF,0.0704,0.4493,-0.3789,1,59,38,0.0948,0.1229,-0.0281,0.3508,Positive,0,2
3879796,Serie A 2015/2016,Genoa,56,0,0,34,2,31-60,Left Center Forward,FW,0.0,0.9808,-0.9808,0,65,30,0.365,0.3414,0.0236,1.0044,Positive,1,0
3879796,Serie A 2015/2016,Napoli,58,0,1,32,1,31-60,Right Wing,FW,1.0119,0.0,1.0119,5,159,25,0.3103,0.365,-0.0547,-1.0666,Negative,1,0
3879796,Serie A 2015/2016,Genoa,64,0,0,26,3,61-75,Left Center Midfield,MF,0.0,0.7203,-0.7203,0,65,21,0.365,0.2708,0.0942,0.8145,Positive,2,1
3879796,Serie A 2015/2016,Napoli,73,0,1,17,2,61-75,Left Wing,FW,0.3103,0.365,-0.0547,5,133,24,0.3001,0.038,0.2621,0.3168,Positive,2,0
3879793,Serie A 2015/2016,Sassuolo,35,-1,1,55,1,31-60,Right Center Back,DF,0.2009,0.0,0.2009,5,62,23,0.0,0.3847,-0.3847,-0.5856,Negative,1,2
3879793,Serie A 2015/2016,Sassuolo,59,-1,1,31,2,31-60,Right Center Midfield,MF,0.0,0.4884,-0.4884,0,141,37,0.1184,0.0,0.1184,0.6068,Positive,1,1
3879793,Serie A 2015/2016,Udinese,72,0,0,18,1,61-75,Right Center Forward,FW,0.0,0.1184,-0.1184,0,36,27,0.1049,0.1918,-0.0869,0.0315,Neutral,2,0
3879793,Serie A 2015/2016,Udinese,79,0,0,11,2,76-90+,Right Center Back,DF,0.1049,0.1262,-0.0213,1,41,24,0.0928,0.0887,0.0041,0.0254,Neutral,3,2
3879793,Serie A 2015/2016,Sassuolo,82,0,1,8,3,76-90+,Right Midfield,MF,0.1262,0.1049,0.0213,3,80,14,0.0887,0.0928,-0.0041,-0.0254,Neutral,3,1
3879791,Serie A 2015/2016,AC Milan,73,0,1,17,1,61-75,Left Center Forward,FW,0.4375,0.1633,0.2742,5,53,14,0.2109,0.0047,0.2062,-0.068,Neutral,2,0
3879791,Serie A 2015/2016,Lazio,78,0,0,12,1,76-90+,Center Forward,FW,0.1633,0.6146,-0.4513,2,53,30,0.0047,0.0291,-0.0244,0.4269,Positive,3,0
3879791,Serie A 2015/2016,AC Milan,83,0,1,7,2,76-90+,Right Midfield,MF,0.2109,0.0,0.2109,4,66,20,0.0291,0.0047,0.0244,-0.1865,Negative,3,1
3879790,Serie A 2015/2016,Juventus,31,0,0,59,1,31-60,Right Center Forward,FW,0.0274,0.0,0.0274,1,67,20,0.3537,0.0292,0.3245,0.2971,Positive,1,0
3879790,Serie A 2015/2016,Torino,45,-2,1,45,1,31-60,Right Center Forward,FW,0.0292,0.3537,-0.3245,1,50,38,0.8279,0.026,0.8019,1.1264,Positive,1,0
3879790,Serie A 2015/2016,Juventus,49,1,0,41,2,31-60,Right Wing Back,FW,0.3479,0.8127,-0.4648,4,95,21,0.1653,0.0444,0.1209,0.5857,Positive,1,0
3879790,Serie A 2015/2016,Torino,74,-2,1,16,2,61-75,Left Wing Back,FW,0.5212,0.1653,0.3559,3,76,33,0.0098,0.5181,-0.5083,-0.8642,Negative,2,0
3879790,Serie A 2015/2016,Torino,80,-3,1,10,3,76-90+,Left Center Midfield,MF,0.5212,0.5181,0.0031,3,62,31,0.0198,0.175,-0.1552,-0.1583,Negative,3,1
3879790,Serie A 2015/2016,Juventus,84,3,0,6,3,76-90+,Left Center Forward,FW,0.5181,0.531,-0.0129,3,58,24,0.175,0.01,0.165,0.1779,Positive,3,0
3879789,Serie A 2015/2016,Frosinone,23,0,1,67,1,0-30,Left Center Midfield,MF,0.0553,0.2137,-0.1584,1,67,47,0.2757,0.0177,0.258,0.4164,Positive,0,1
3879789,Serie A 2015/2016,Fiorentina,62,0,0,28,1,61-75,Right Wing,FW,0.3178,0.1346,0.1832,7,75,32,0.2012,0.0338,0.1674,-0.0158,Neutral,2,0
3879789,Serie A 2015/2016,Fiorentina,71,0,0,19,2,61-75,Left Defensive Midfield,MF,0.3171,0.0,0.3171,5,103,12,0.1211,0.2263,-0.1052,-0.4223,Negative,2,1
3879789,Serie A 2015/2016,Frosinone,73,0,1,17,2,61-75,Center Forward,FW,0.0,0.2889,-0.2889,0,44,26,0.2263,0.1211,0.1052,0.3941,Positive,2,0
3879789,Serie A 2015/2016,Fiorentina,85,0,0,5,3,76-90+,Center Attacking Midfield,MF,0.0494,0.2263,-0.1769,2,88,20,0.2223,0.0,0.2223,0.3992,Positive,3,1
3879775,Serie A 2015/2016,Genoa,45,0,1,45,1,31-60,Right Center Forward,FW,0.0696,0.0,0.0696,1,85,34,0.241,0.5236,-0.2826,-0.3522,Negative,1,0
3879775,Serie A 2015/2016,Empoli,51,-1,0,39,1,31-60,Left Center Forward,FW,0.4907,0.2493,0.2414,1,91,15,0.2606,0.1238,0.1368,-0.1046,Negative,1,0
3879775,Serie A 2015/2016,Empoli,51,-1,0,39,2,31-60,Left Center Midfield,MF,0.4907,0.2493,0.2414,1,91,15,0.2606,0.1238,0.1368,-0.1046,Negative,1,1
3879775,Serie A 2015/2016,Empoli,73,-1,0,17,3,61-75,Left Back,DF,0.2278,0.1046,0.1232,2,121,18,0.2398,0.1433,0.0965,-0.0267,Neutral,2,2
3879775,Serie A 2015/2016,Genoa,81,1,1,9,2,76-90+,Left Center Midfield,MF,0.1855,0.192,-0.0065,2,56,35,0.0,0.3469,-0.3469,-0.3404,Negative,3,1
3879770,Serie A 2015/2016,Atalanta,53,-1,1,37,1,31-60,Right Wing Back,FW,0.0898,0.0,0.0898,1,69,36,0.0245,0.1686,-0.1441,-0.2339,Negative,1,0
3879770,Serie A 2015/2016,Atalanta,65,-1,1,25,2,61-75,Right Center Forward,FW,0.0245,0.1686,-0.1441,1,83,17,0.0967,0.0455,0.0512,0.1953,Positive,2,0
3879770,Serie A 2015/2016,Juventus,67,1,0,23,1,61-75,Right Center Midfield,MF,0.1686,0.0245,0.1441,2,49,28,0.0455,0.0967,-0.0512,-0.1953,Negative,2,1
3879770,Serie A 2015/2016,Atalanta,75,-1,1,15,3,61-75,Center Attacking Midfield,MF,0.0,0.0455,-0.0455,0,71,24,0.2387,0.1206,0.1181,0.1636,Positive,2,1
3879770,Serie A 2015/2016,Juventus,80,1,0,10,2,76-90+,Center Attacking Midfield,MF,0.0455,0.0967,-0.0512,1,72,15,0.1206,0.2323,-0.1117,-0.0605,Neutral,3,1
3879769,Serie A 2015/2016,Chievo,54,-1,0,36,1,31-60,Center Forward,FW,0.0969,0.5014,-0.4045,2,100,16,0.0289,0.3905,-0.3616,0.0429,Neutral,1,0
3879769,Serie A 2015/2016,Chievo,63,-1,0,27,2,61-75,Center Attacking Midfield,MF,0.0684,0.0643,0.0041,3,97,25,0.0761,0.8161,-0.74,-0.7441,Negative,2,1
3879769,Serie A 2015/2016,Napoli,66,1,1,24,1,61-75,Right Center Midfield,MF,0.2761,0.0684,0.2077,4,120,21,0.8012,0.0761,0.7251,0.5174,Positive,2,1
3879769,Serie A 2015/2016,Chievo,66,-1,0,24,3,61-75,Left Defensive Midfield,MF,0.0684,0.2761,-0.2077,3,93,24,0.0761,0.8012,-0.7251,-0.5174,Negative,2,1
3879769,Serie A 2015/2016,Napoli,70,2,1,20,2,61-75,Left Wing,FW,0.8804,0.0166,0.8638,7,143,11,0.2532,0.0761,0.1771,-0.6867,Negative,2,0
3879769,Serie A 2015/2016,Napoli,85,2,1,5,3,76-90+,Left Center Midfield,MF,0.2532,0.0761,0.1771,2,119,27,0.0283,0.0,0.0283,-0.1488,Negative,3,1
3879768,Serie A 2015/2016,Hellas Verona,27,-2,1,63,1,0-30,Left Back,DF,0.0423,0.0,0.0423,1,81,25,0.4052,0.408,-0.0028,-0.0451,Neutral,0,2
3879768,Serie A 2015/2016,Hellas Verona,55,-3,1,35,2,31-60,Center Attacking Midfield,MF,0.5962,0.2718,0.3244,3,98,33,0.0,0.3154,-0.3154,-0.6398,Negative,1,1
3879768,Serie A 2015/2016,Sampdoria,57,3,0,33,1,31-60,Left Wing Back,FW,0.1914,0.5962,-0.4048,1,88,31,0.3868,0.0445,0.3423,0.7471,Positive,1,0
3879768,Serie A 2015/2016,Hellas Verona,69,-3,1,21,3,61-75,Left Wing,FW,0.0,0.3154,-0.3154,0,74,41,0.0445,0.0981,-0.0536,0.2618,Positive,2,0
3879768,Serie A 2015/2016,Sampdoria,73,3,0,17,2,61-75,Left Defensive Midfield,MF,0.3868,0.0445,0.3423,2,96,17,0.0267,0.0801,-0.0534,-0.3957,Negative,2,1
3879768,Serie A 2015/2016,Sampdoria,77,3,0,13,3,76-90+,Left Attacking Midfield,MF,0.4135,0.0445,0.369,3,90,17,0.2745,0.105,0.1695,-0.1995,Negative,3,1
3879767,Serie A 2015/2016,Fiorentina,28,-2,0,62,1,0-30,Left Wing,FW,0.0,0.8851,-0.8851,0,83,22,0.1323,0.5569,-0.4246,0.4605,Positive,0,0
3879767,Serie A 2015/2016,Fiorentina,33,-2,0,57,2,31-60,Right Defensive Midfield,MF,0.1323,0.9422,-0.8099,2,79,24,0.8048,0.5216,0.2832,1.0931,Positive,1,1
3879767,Serie A 2015/2016,AS Roma,61,3,1,29,1,61-75,Center Attacking Midfield,MF,0.4147,0.825,-0.4103,4,79,34,0.1195,0.1138,0.0057,0.416,Positive,2,1
3879767,Serie A 2015/2016,Fiorentina,66,-3,0,24,3,61-75,Center Attacking Midfield,MF,0.0491,0.4312,-0.3821,2,89,40,0.085,0.0812,0.0038,0.3859,Positive,2,1
3879767,Serie A 2015/2016,AS Roma,75,3,1,15,2,61-75,Left Center Forward,FW,0.1195,0.1138,0.0057,2,87,28,0.0,0.018,-0.018,-0.0237,Neutral,2,0
3879767,Serie A 2015/2016,AS Roma,84,3,1,6,3,76-90+,Right Center Forward,FW,0.0812,0.0,0.0812,1,102,24,0.0599,0.018,0.0419,-0.0393,Neutral,3,0
3879766,Serie A 2015/2016,Lazio,62,-1,1,28,1,61-75,Left Center Midfield,MF,0.2742,0.5263,-0.2521,5,105,36,0.3553,0.5231,-0.1678,0.0843,Neutral,2,1
3879766,Serie A 2015/2016,Sassuolo,75,2,0,15,1,61-75,Left Wing,FW,1.0494,0.2811,0.7683,4,47,44,0.0886,0.2066,-0.118,-0.8863,Negative,2,0
3879766,Serie A 2015/2016,Lazio,75,-2,1,15,2,61-75,Left Center Midfield,MF,0.2811,1.0494,-0.7683,3,103,36,0.2066,0.0886,0.118,0.8863,Positive,2,1
3879766,Serie A 2015/2016,Lazio,75,-2,1,15,3,61-75,Center Forward,FW,0.2811,1.0494,-0.7683,3,103,36,0.2066,0.0886,0.118,0.8863,Positive,2,0
3879766,Serie A 2015/2016,Sassuolo,81,2,0,9,2,76-90+,Center Forward,FW,0.409,0.2361,0.1729,1,43,48,0.0886,0.1324,-0.0438,-0.2167,Negative,3,0
3879766,Serie A 2015/2016,Sassuolo,85,2,0,5,3,76-90+,Right Center Midfield,MF,0.0,0.1917,-0.1917,0,56,47,0.0886,0.0149,0.0737,0.2654,Positive,3,1
3879765,Serie A 2015/2016,Napoli,66,0,0,24,1,61-75,Right Center Midfield,MF,0.5347,0.0168,0.5179,2,119,27,0.0244,0.065,-0.0406,-0.5585,Negative,2,1
3879765,Serie A 2015/2016,Fiorentina,68,0,1,22,1,61-75,Center Attacking Midfield,MF,0.0168,0.5347,-0.5179,1,89,39,0.065,0.0244,0.0406,0.5585,Positive,2,1
3879765,Serie A 2015/2016,Napoli,76,0,0,14,2,76-90+,Right Wing,FW,0.0244,0.0496,-0.0252,1,126,41,0.0,0.0508,-0.0508,-0.0256,Neutral,3,0
3879764,Serie A 2015/2016,Genoa,56,-1,0,34,1,31-60,Center Attacking Midfield,MF,0.1376,0.5657,-0.4281,2,52,28,0.0178,0.5056,-0.4878,-0.0597,Neutral,1,1
3879764,Serie A 2015/2016,Genoa,59,-1,0,31,2,31-60,Left Defensive Midfield,MF,0.1148,0.7805,-0.6657,1,60,23,0.0178,0.126,-0.1082,0.5575,Positive,1,1
3879764,Serie A 2015/2016,Genoa,62,-1,0,28,3,61-75,Right Wing,FW,0.0178,0.7914,-0.7736,1,58,21,0.0,0.1249,-0.1249,0.6487,Positive,2,0
3879764,Serie A 2015/2016,Chievo,67,1,1,23,1,61-75,Left Center Midfield,MF,0.5271,0.0178,0.5093,5,67,33,0.0708,0.0822,-0.0114,-0.5207,Negative,2,1
3879764,Serie A 2015/2016,Chievo,71,1,1,19,2,61-75,Right Wing,FW,0.5056,0.0178,0.4878,5,74,25,0.0098,0.0822,-0.0724,-0.5602,Negative,2,0
3879764,Serie A 2015/2016,Chievo,81,1,1,9,3,76-90+,Right Center Midfield,MF,0.0708,0.0822,-0.0114,2,53,24,0.1317,0.0234,0.1083,0.1197,Positive,3,1
3879763,Serie A 2015/2016,Sampdoria,67,1,1,23,1,61-75,Right Wing Back,FW,0.5928,0.12,0.4728,6,68,30,0.1656,0.1683,-0.0027,-0.4755,Negative,2,0
3879763,Serie A 2015/2016,Frosinone,67,-1,0,23,1,61-75,Left Center Midfield,MF,0.12,0.5928,-0.4728,2,64,24,0.1683,0.1656,0.0027,0.4755,Positive,2,1
3879763,Serie A 2015/2016,Sampdoria,76,2,1,14,2,76-90+,Left Attacking Midfield,MF,0.7354,0.154,0.5814,6,47,31,0.049,0.0851,-0.0361,-0.6175,Negative,3,1
3879763,Serie A 2015/2016,Frosinone,78,-2,0,12,2,76-90+,Right Wing,FW,0.125,0.6705,-0.5455,3,71,18,0.0731,0.049,0.0241,0.5696,Positive,3,0
3879763,Serie A 2015/2016,Frosinone,83,-2,0,7,3,76-90+,Left Center Back,DF,0.1683,0.2146,-0.0463,4,63,18,0.0298,0.0,0.0298,0.0761,Neutral,3,2
3879763,Serie A 2015/2016,Sampdoria,83,2,1,7,3,76-90+,Right Attacking Midfield,MF,0.2146,0.1683,0.0463,3,42,28,0.0,0.0298,-0.0298,-0.0761,Neutral,3,1
3879762,Serie A 2015/2016,Hellas Verona,45,-1,0,45,1,31-60,Left Midfield,MF,0.0479,0.2954,-0.2475,1,56,15,0.2537,1.4002,-1.1465,-0.899,Negative,1,1
3879762,Serie A 2015/2016,Hellas Verona,54,-1,0,36,2,31-60,Left Center Forward,FW,0.2316,0.1303,0.1013,2,96,19,0.0221,1.2867,-1.2646,-1.3659,Negative,1,0
3879762,Serie A 2015/2016,Hellas Verona,61,-2,0,29,3,61-75,Left Midfield,MF,0.2537,1.4002,-1.1465,3,88,15,0.0,0.4081,-0.4081,0.7384,Positive,2,1
3879762,Serie A 2015/2016,Udinese,71,2,1,19,1,61-75,Center Forward,FW,0.4081,0.0221,0.386,1,96,29,0.0,0.2273,-0.2273,-0.6133,Negative,2,0
3879762,Serie A 2015/2016,Udinese,79,2,1,11,2,76-90+,Right Wing,FW,0.4081,0.0,0.4081,1,66,29,0.0084,0.2597,-0.2513,-0.6594,Negative,3,0
3879761,Serie A 2015/2016,Carpi,42,0,1,48,1,31-60,Right Midfield,MF,0.2259,0.1158,0.1101,2,41,20,0.206,0.2761,-0.0701,-0.1802,Negative,1,1
3879761,Serie A 2015/2016,Carpi,62,-1,1,28,2,61-75,Left Midfield,MF,0.3407,0.2498,0.0909,4,90,24,0.8835,0.0449,0.8386,0.7477,Positive,2,1
3879761,Serie A 2015/2016,Atalanta,66,1,0,24,1,61-75,Center Forward,FW,0.2667,0.2839,-0.0172,2,71,21,0.0521,0.8835,-0.8314,-0.8142,Negative,2,0
3879761,Serie A 2015/2016,Carpi,68,-1,1,22,3,61-75,Right Center Forward,FW,0.2839,0.0449,0.239,2,83,21,0.8835,0.091,0.7925,0.5535,Positive,2,0
3879761,Serie A 2015/2016,Atalanta,71,1,0,19,2,61-75,Left Center Midfield,MF,0.0449,0.1348,-0.0899,1,54,18,0.091,0.8835,-0.7925,-0.7026,Negative,2,1
3879760,Serie A 2015/2016,Palermo,64,0,1,26,1,61-75,Left Center Midfield,MF,0.4948,0.0,0.4948,3,74,29,0.013,0.3535,-0.3405,-0.8353,Negative,2,1
3879760,Serie A 2015/2016,Bologna,64,0,0,26,1,61-75,Right Wing,FW,0.0,0.4948,-0.4948,0,83,19,0.3535,0.013,0.3405,0.8353,Positive,2,0
3879760,Serie A 2015/2016,Bologna,65,0,0,25,2,61-75,Left Back,DF,0.0,0.4948,-0.4948,0,81,20,0.3535,0.013,0.3405,0.8353,Positive,2,2
3879760,Serie A 2015/2016,Palermo,73,0,1,17,2,61-75,Right Center Forward,FW,0.356,0.1163,0.2397,1,82,29,0.013,0.2556,-0.2426,-0.4823,Negative,2,0
3879760,Serie A 2015/2016,Palermo,83,0,1,7,3,76-90+,Left Center Forward,FW,0.013,0.3719,-0.3589,1,65,42,0.0,0.0265,-0.0265,0.3324,Positive,3,0
3879760,Serie A 2015/2016,Bologna,83,0,0,7,3,76-90+,Left Center Midfield,MF,0.3719,0.013,0.3589,6,119,24,0.0265,0.0,0.0265,-0.3324,Negative,3,1
3879759,Serie A 2015/2016,Juventus,35,0,1,55,1,31-60,Left Center Back,DF,0.0,0.0,0.0,0,76,27,0.2245,0.0357,0.1888,0.1888,Positive,1,2
3879759,Serie A 2015/2016,Inter Milan,55,-1,0,35,1,31-60,Center Defensive Midfield,MF,0.0,0.3149,-0.3149,0,54,40,0.0203,0.0,0.0203,0.3352,Positive,1,1
3879759,Serie A 2015/2016,Inter Milan,72,-1,0,18,2,61-75,Left Wing Back,FW,0.0203,0.0,0.0203,2,57,40,0.0,0.7835,-0.7835,-0.8038,Negative,2,0
3879759,Serie A 2015/2016,Juventus,77,1,1,13,2,76-90+,Right Center Midfield,MF,0.0,0.0079,-0.0079,0,87,23,0.7835,0.2392,0.5443,0.5522,Positive,3,1
3879759,Serie A 2015/2016,Juventus,81,1,1,9,3,76-90+,Right Center Forward,FW,0.0,0.0,0.0,0,60,27,0.7835,0.268,0.5155,0.5155,Positive,3,0
3879759,Serie A 2015/2016,Inter Milan,84,-2,0,6,3,76-90+,Right Center Forward,FW,0.0,0.7835,-0.7835,0,132,22,0.268,0.0,0.268,1.0515,Positive,3,0
3879758,Serie A 2015/2016,AC Milan,68,1,1,22,1,61-75,Left Center Forward,FW,0.3419,0.0,0.3419,6,83,27,0.0106,0.1004,-0.0898,-0.4317,Negative,2,0
3879758,Serie A 2015/2016,Torino,77,-1,0,13,1,76-90+,Left Center Midfield,MF,0.1004,0.0357,0.0647,3,80,25,0.0188,0.0,0.0188,-0.0459,Neutral,3,1
3879758,Serie A 2015/2016,Torino,85,-1,0,5,2,76-90+,Right Wing Back,FW,0.1004,0.0106,0.0898,3,58,27,0.0188,0.0,0.0188,-0.071,Neutral,3,0
3879757,Serie A 2015/2016,AS Roma,36,2,0,54,1,31-60,Left Center Midfield,MF,0.242,0.0,0.242,4,99,17,0.0703,0.0776,-0.0073,-0.2493,Negative,1,1
3879757,Serie A 2015/2016,Empoli,50,-2,1,40,1,31-60,Center Attacking Midfield,MF,0.0776,0.0703,0.0073,1,83,34,0.1138,0.0455,0.0683,0.061,Neutral,1,1
3879757,Serie A 2015/2016,Empoli,63,-2,1,27,2,61-75,Center Attacking Midfield,MF,0.1138,0.0713,0.0425,1,94,25,0.0066,1.0057,-0.9991,-1.0416,Negative,2,1
3879757,Serie A 2015/2016,Empoli,72,-2,1,18,3,61-75,Left Center Forward,FW,0.1204,0.0288,0.0916,2,99,28,0.0452,1.0086,-0.9634,-1.055,Negative,2,0
3879757,Serie A 2015/2016,AS Roma,72,2,0,18,2,61-75,Right Back,DF,0.0288,0.1204,-0.0916,1,74,34,1.0086,0.0452,0.9634,1.055,Positive,2,2
3879757,Serie A 2015/2016,AS Roma,78,3,0,12,3,76-90+,Left Wing,FW,1.0057,0.0066,0.9991,3,85,24,0.1224,0.0452,0.0772,-0.9219,Negative,3,0
3879755,Serie A 2015/2016,Lazio,52,0,0,38,1,31-60,Left Wing,FW,0.0,0.0,0.0,0,126,18,0.2954,0.2307,0.0647,0.0647,Neutral,1,0
3879755,Serie A 2015/2016,Lazio,65,0,0,25,2,61-75,Center Forward,FW,0.1997,0.2307,-0.031,6,96,14,0.2431,0.05,0.1931,0.2241,Positive,2,0
3879755,Serie A 2015/2016,Frosinone,69,0,1,21,1,61-75,Left Wing,FW,0.2307,0.3267,-0.096,2,35,33,0.05,0.1365,-0.0865,0.0095,Neutral,2,0
3879755,Serie A 2015/2016,Lazio,75,0,0,15,3,61-75,Left Center Midfield,MF,0.1764,0.2807,-0.1043,5,88,12,0.1743,0.1896,-0.0153,0.089,Neutral,2,1
3879755,Serie A 2015/2016,Frosinone,83,0,1,7,2,76-90+,Left Wing,FW,0.05,0.1365,-0.0865,1,37,40,0.1896,0.0379,0.1517,0.2382,Positive,3,0
3879753,Serie A 2015/2016,Empoli,55,-2,0,35,1,31-60,Left Back,DF,0.0,0.3199,-0.3199,0,72,30,0.8022,0.0928,0.7094,1.0293,Positive,1,2
3879753,Serie A 2015/2016,Empoli,55,-2,0,35,2,31-60,Right Center Midfield,MF,0.0,0.3199,-0.3199,0,72,30,0.8022,0.0928,0.7094,1.0293,Positive,1,1
3879753,Serie A 2015/2016,Empoli,67,-2,0,23,3,61-75,Left Defensive Midfield,MF,0.0187,0.0928,-0.0741,1,57,32,0.7922,0.1482,0.644,0.7181,Positive,2,1
3879753,Serie A 2015/2016,Sassuolo,74,1,1,16,1,61-75,Left Midfield,MF,0.0245,0.8022,-0.7777,1,100,20,0.1482,0.0087,0.1395,0.9172,Positive,2,1
3879753,Serie A 2015/2016,Sassuolo,81,1,1,9,2,76-90+,Right Midfield,MF,0.1482,0.7922,-0.644,2,66,17,0.0444,0.0,0.0444,0.6884,Positive,3,1
3879753,Serie A 2015/2016,Sassuolo,85,1,1,5,3,76-90+,Center Forward,FW,0.1482,0.0087,0.1395,2,61,22,0.0444,0.0,0.0444,-0.0951,Neutral,3,0
3879752,Serie A 2015/2016,Genoa,45,-1,1,45,1,31-60,Left Center Back,DF,0.0473,0.0467,0.0006,2,94,26,1.1376,0.5656,0.572,0.5714,Positive,1,2
3879752,Serie A 2015/2016,Udinese,60,0,0,30,1,31-60,Right Center Forward,FW,0.5656,1.1376,-0.572,3,45,36,0.1698,0.5404,-0.3706,0.2014,Positive,1,0
3879752,Serie A 2015/2016,Genoa,65,0,1,25,2,61-75,Center Attacking Midfield,MF,0.8553,0.5829,0.2724,4,66,17,0.5404,0.4355,0.1049,-0.1675,Negative,2,1
3879752,Serie A 2015/2016,Udinese,66,0,0,24,2,61-75,Left Center Midfield,MF,0.5829,0.8122,-0.2293,3,33,25,0.4355,0.5774,-0.1419,0.0874,Neutral,2,1
3879752,Serie A 2015/2016,Udinese,73,-1,0,17,3,61-75,Center Defensive Midfield,MF,0.0298,0.5691,-0.5393,1,50,17,0.5054,0.0811,0.4243,0.9636,Positive,2,1
3879752,Serie A 2015/2016,Genoa,78,1,1,12,3,76-90+,Right Center Forward,FW,0.5404,0.4184,0.122,4,64,30,0.1293,0.9002,-0.7709,-0.8929,Negative,3,0
3879751,Serie A 2015/2016,Palermo,56,-2,0,34,1,31-60,Center Defensive Midfield,MF,0.0,0.3319,-0.3319,0,75,31,0.1336,0.4254,-0.2918,0.0401,Neutral,1,1
3879751,Serie A 2015/2016,Palermo,66,-4,0,24,2,61-75,Center Attacking Midfield,MF,0.1336,0.5931,-0.4595,2,57,30,0.0,0.0374,-0.0374,0.4221,Positive,2,1
3879751,Serie A 2015/2016,Palermo,71,-4,0,19,3,61-75,Center Forward,FW,0.1336,0.4254,-0.2918,2,70,23,0.0,0.0374,-0.0374,0.2544,Positive,2,0
3879751,Serie A 2015/2016,AS Roma,71,4,1,19,1,61-75,Center Attacking Midfield,MF,0.4254,0.1336,0.2918,6,92,15,0.0374,0.0,0.0374,-0.2544,Negative,2,1
3879751,Serie A 2015/2016,AS Roma,77,4,1,13,2,76-90+,Right Back,DF,0.2916,0.0,0.2916,6,98,21,0.116,0.1562,-0.0402,-0.3318,Negative,3,2
3879751,Serie A 2015/2016,AS Roma,85,4,1,5,3,76-90+,Right Center Forward,FW,0.0374,0.0,0.0374,2,114,33,0.116,0.1562,-0.0402,-0.0776,Neutral,3,0
3879736,Serie A 2015/2016,AS Roma,45,1,1,45,1,31-60,Left Back,DF,0.2045,0.0349,0.1696,2,115,25,0.2379,0.0545,0.1834,0.0138,Neutral,1,2
3879736,Serie A 2015/2016,Sampdoria,55,-2,0,35,1,31-60,Center Forward,FW,0.008,0.4423,-0.4343,1,79,32,0.0843,0.0,0.0843,0.5186,Positive,1,0
3879736,Serie A 2015/2016,AS Roma,65,2,1,25,2,61-75,Right Back,DF,0.162,0.0923,0.0697,1,69,40,0.0853,0.0305,0.0548,-0.0149,Neutral,2,2
3879736,Serie A 2015/2016,Sampdoria,70,-2,0,20,2,61-75,Left Defensive Midfield,MF,0.0843,0.0,0.0843,2,105,10,0.0582,0.0853,-0.0271,-0.1114,Negative,2,1
3879736,Serie A 2015/2016,Sampdoria,76,-2,0,14,3,76-90+,Left Attacking Midfield,MF,0.0379,0.0853,-0.0474,1,90,27,0.5077,0.0575,0.4502,0.4976,Positive,3,1
3879736,Serie A 2015/2016,AS Roma,85,2,1,5,3,76-90+,Left Wing,FW,0.0853,0.0582,0.0271,1,99,28,0.0575,0.584,-0.5265,-0.5536,Negative,3,0
3879735,Serie A 2015/2016,Atalanta,59,0,1,31,1,31-60,Center Forward,FW,0.0,0.0366,-0.0366,0,63,41,0.0575,0.0504,0.0071,0.0437,Neutral,1,0
3879735,Serie A 2015/2016,Empoli,63,0,0,27,1,61-75,Right Back,DF,0.0,0.05,-0.05,0,86,23,0.0504,0.0075,0.0429,0.0929,Neutral,2,2
3879735,Serie A 2015/2016,Empoli,70,0,0,20,2,61-75,Left Center Forward,FW,0.0443,0.0575,-0.0132,1,87,24,0.0127,0.0442,-0.0315,-0.0183,Neutral,2,0
3879735,Serie A 2015/2016,Atalanta,71,0,1,19,2,61-75,Left Wing,FW,0.0575,0.0504,0.0071,2,48,35,0.0442,0.0067,0.0375,0.0304,Neutral,2,0
3879735,Serie A 2015/2016,Atalanta,80,0,1,10,3,76-90+,Right Wing,FW,0.0517,0.0127,0.039,2,47,35,0.0,0.0,0.0,-0.039,Neutral,3,0
3879735,Serie A 2015/2016,Empoli,84,0,0,6,3,76-90+,Center Attacking Midfield,MF,0.0127,0.0517,-0.039,2,75,25,0.0,0.0,0.0,0.039,Neutral,3,1
3879734,Serie A 2015/2016,AC Milan,45,-1,1,45,1,31-60,Left Midfield,MF,0.1099,0.0,0.1099,4,100,23,0.742,0.2623,0.4797,0.3698,Positive,1,1
3879734,Serie A 2015/2016,AC Milan,61,0,1,29,2,61-75,Left Midfield,MF,0.6993,0.2623,0.437,2,95,16,0.1901,0.0846,0.1055,-0.3315,Negative,2,1
3879734,Serie A 2015/2016,Udinese,62,0,0,28,1,61-75,Center Defensive Midfield,MF,0.2623,0.6993,-0.437,2,39,30,0.0846,0.2506,-0.166,0.271,Positive,2,1
3879734,Serie A 2015/2016,Udinese,65,0,0,25,2,61-75,Right Center Forward,FW,0.0,0.4928,-0.4928,0,43,32,0.0846,0.2951,-0.2105,0.2823,Positive,2,0
3879734,Serie A 2015/2016,Udinese,73,0,0,17,3,61-75,Left Wing Back,FW,0.0846,0.1496,-0.065,2,50,27,0.0,0.4279,-0.4279,-0.3629,Negative,2,0
3879733,Serie A 2015/2016,Juventus,65,0,0,25,1,61-75,Right Center Midfield,MF,0.3291,0.0,0.3291,6,81,16,0.5228,0.0,0.5228,0.1937,Positive,2,1
3879733,Serie A 2015/2016,Frosinone,71,0,1,19,1,61-75,Right Center Midfield,MF,0.0,0.3415,-0.3415,0,24,37,0.0,0.569,-0.569,-0.2275,Negative,2,1
3879733,Serie A 2015/2016,Juventus,76,1,0,14,2,76-90+,Left Center Back,DF,0.5628,0.0,0.5628,6,84,21,0.4325,0.0,0.4325,-0.1303,Negative,3,2
3879733,Serie A 2015/2016,Frosinone,80,-1,1,10,2,76-90+,Center Defensive Midfield,MF,0.0,0.5228,-0.5228,0,49,48,0.0799,0.4457,-0.3658,0.157,Positive,3,1
3879733,Serie A 2015/2016,Frosinone,85,-1,1,5,3,76-90+,Center Forward,FW,0.0,0.5966,-0.5966,0,43,43,0.0799,0.2768,-0.1969,0.3997,Positive,3,0
3879731,Serie A 2015/2016,Carpi,12,0,0,78,1,0-30,Right Wing Back,FW,0.0,0.1062,-0.1062,0,33,45,0.0,0.2392,-0.2392,-0.133,Negative,0,0
3879731,Serie A 2015/2016,Carpi,59,0,0,31,2,31-60,Left Center Back,DF,0.0,0.4671,-0.4671,0,53,48,0.0113,0.8996,-0.8883,-0.4212,Negative,1,2
3879731,Serie A 2015/2016,Napoli,61,0,1,29,1,61-75,Right Wing,FW,0.4507,0.0,0.4507,4,111,11,0.8852,0.0113,0.8739,0.4232,Positive,2,0
3879731,Serie A 2015/2016,Carpi,78,-1,0,12,3,76-90+,Center Forward,FW,0.0113,1.0608,-1.0495,1,40,31,0.0213,0.0927,-0.0714,0.9781,Positive,3,0
3879731,Serie A 2015/2016,Napoli,81,1,1,9,2,76-90+,Center Forward,FW,1.0209,0.0213,0.9996,4,107,19,0.0572,0.0,0.0572,-0.9424,Negative,3,0
3879731,Serie A 2015/2016,Napoli,83,1,1,7,3,76-90+,Right Wing,FW,1.0209,0.0213,0.9996,4,123,19,0.0572,0.0,0.0572,-0.9424,Negative,3,0
3879730,Serie A 2015/2016,Inter Milan,45,-1,0,45,1,31-60,Center Defensive Midfield,MF,0.1092,0.0,0.1092,4,98,30,0.0295,0.0852,-0.0557,-0.1649,Negative,1,1
3879730,Serie A 2015/2016,Hellas Verona,59,2,1,31,1,31-60,Left Midfield,MF,0.0852,0.0575,0.0277,1,34,42,0.0,0.8598,-0.8598,-0.8875,Negative,1,1
3879730,Serie A 2015/2016,Hellas Verona,67,1,1,23,2,61-75,Right Center Forward,FW,0.0852,0.8893,-0.8041,1,24,28,0.3265,0.1364,0.1901,0.9942,Positive,2,0
3879730,Serie A 2015/2016,Hellas Verona,80,0,1,10,3,76-90+,Right Midfield,MF,0.207,0.5845,-0.3775,2,45,42,0.1679,0.1928,-0.0249,0.3526,Positive,3,1
3879730,Serie A 2015/2016,Inter Milan,82,0,0,8,2,76-90+,Left Back,DF,0.1364,0.3265,-0.1901,1,81,33,0.1928,0.0484,0.1444,0.3345,Positive,3,2
3879729,Serie A 2015/2016,Sassuolo,45,0,1,45,1,31-60,Right Back,DF,0.3306,0.0317,0.2989,3,83,26,0.3232,0.4172,-0.094,-0.3929,Negative,1,2
3879729,Serie A 2015/2016,Sassuolo,61,0,1,29,2,61-75,Right Center Midfield,MF,0.3232,0.4172,-0.094,3,107,36,0.2891,0.0,0.2891,0.3831,Positive,2,1
3879729,Serie A 2015/2016,Palermo,72,0,0,18,1,61-75,Left Wing,FW,0.033,0.2891,-0.2561,2,61,26,0.0,0.5233,-0.5233,-0.2672,Negative,2,0
3879729,Serie A 2015/2016,Palermo,79,0,0,11,2,76-90+,Center Forward,FW,0.0,0.2891,-0.2891,0,45,16,0.0,0.7406,-0.7406,-0.4515,Negative,3,0
3879729,Serie A 2015/2016,Sassuolo,80,0,1,10,3,76-90+,Right Center Midfield,MF,0.2891,0.0,0.2891,4,92,25,0.7406,0.0,0.7406,0.4515,Positive,3,1
3879728,Serie A 2015/2016,Fiorentina,45,0,0,45,1,31-60,Center Forward,FW,0.3367,0.1132,0.2235,3,112,26,0.1916,0.0849,0.1067,-0.1168,Negative,1,0
3879728,Serie A 2015/2016,Bologna,64,0,1,26,1,61-75,Right Wing,FW,0.2227,0.1916,0.0311,2,72,27,0.1623,0.1633,-0.001,-0.0321,Neutral,2,0
3879728,Serie A 2015/2016,Bologna,75,0,1,15,2,61-75,Left Back,DF,0.2258,0.1633,0.0625,2,107,17,0.2455,0.018,0.2275,0.165,Positive,2,2
3879728,Serie A 2015/2016,Fiorentina,80,0,0,10,2,76-90+,Left Midfield,MF,0.1633,0.1623,0.001,1,44,24,0.018,0.1273,-0.1093,-0.1103,Negative,3,1
3879728,Serie A 2015/2016,Bologna,81,0,1,9,3,76-90+,Left Center Midfield,MF,0.1623,0.1633,-0.001,2,109,14,0.1273,0.018,0.1093,0.1103,Positive,3,1
3879727,Serie A 2015/2016,Lazio,45,0,0,45,1,31-60,Right Back,DF,0.0,0.0987,-0.0987,0,60,30,0.0095,0.0591,-0.0496,0.0491,Neutral,1,2
3879727,Serie A 2015/2016,Genoa,57,0,1,33,1,31-60,Right Wing Back,FW,0.0,0.0095,-0.0095,0,84,34,0.1746,0.0172,0.1574,0.1669,Positive,1,0
3879727,Serie A 2015/2016,Lazio,64,0,0,26,2,61-75,Right Wing,FW,0.0095,0.1746,-0.1651,1,61,25,0.1442,0.1538,-0.0096,0.1555,Positive,2,0
3879727,Serie A 2015/2016,Genoa,68,0,1,22,2,61-75,Right Center Forward,FW,0.1746,0.0172,0.1574,3,50,32,0.1538,0.127,0.0268,-0.1306,Negative,2,0
3879727,Serie A 2015/2016,Lazio,77,0,0,13,3,76-90+,Center Defensive Midfield,MF,0.1039,0.2692,-0.1653,3,65,36,0.0403,0.0,0.0403,0.2056,Positive,3,1
3879727,Serie A 2015/2016,Genoa,78,0,1,12,3,76-90+,Center Attacking Midfield,MF,0.1538,0.1039,0.0499,1,66,37,0.0,0.2824,-0.2824,-0.3323,Negative,3,1
3879726,Serie A 2015/2016,Juventus,40,0,1,50,1,31-60,Left Wing Back,FW,0.0684,0.0287,0.0397,2,81,17,0.2923,0.1686,0.1237,0.084,Neutral,1,0
3879726,Serie A 2015/2016,Juventus,53,0,1,37,2,31-60,Left Center Forward,FW,0.0144,0.1686,-0.1542,2,65,38,0.2779,0.0069,0.271,0.4252,Positive,1,0
3879726,Serie A 2015/2016,Genoa,53,0,0,37,1,31-60,Left Center Forward,FW,0.1686,0.0144,0.1542,3,131,36,0.0069,0.2779,-0.271,-0.4252,Negative,1,0
3879726,Serie A 2015/2016,Genoa,57,0,0,33,2,31-60,Center Attacking Midfield,MF,0.1755,0.2779,-0.1024,4,132,27,0.0,0.0,0.0,0.1024,Positive,1,1
3879726,Serie A 2015/2016,Juventus,62,0,1,28,3,61-75,Right Center Back,DF,0.2779,0.0069,0.271,1,49,35,0.0,0.0,0.0,-0.271,Negative,2,2
3879726,Serie A 2015/2016,Genoa,80,0,0,10,3,76-90+,Right Defensive Midfield,MF,0.0,0.0512,-0.0512,0,92,21,0.0,0.0,0.0,0.0512,Neutral,3,1
3879725,Serie A 2015/2016,Frosinone,10,0,1,80,1,0-30,Right Center Back,DF,0.086,0.0808,0.0052,3,56,20,0.0925,0.1287,-0.0362,-0.0414,Neutral,0,2
3879725,Serie A 2015/2016,Frosinone,56,0,1,34,2,31-60,Right Center Midfield,MF,0.185,0.0451,0.1399,5,64,47,0.0956,0.0514,0.0442,-0.0957,Neutral,1,1
3879725,Serie A 2015/2016,Bologna,58,0,0,32,1,31-60,Left Wing,FW,0.0451,0.1953,-0.1502,2,119,25,0.0514,0.0804,-0.029,0.1212,Positive,1,0
3879725,Serie A 2015/2016,Bologna,67,0,0,23,2,61-75,Right Wing,FW,0.0514,0.083,-0.0316,1,105,23,0.0863,1.2741,-1.1878,-1.1562,Negative,2,0
3879725,Serie A 2015/2016,Frosinone,67,0,1,23,3,61-75,Left Back,DF,0.083,0.0514,0.0316,3,44,51,1.2741,0.0863,1.1878,1.1562,Positive,2,2
3879725,Serie A 2015/2016,Bologna,80,-1,0,10,3,76-90+,Right Wing,FW,0.0548,1.3004,-1.2456,2,64,34,0.2171,0.0,0.2171,1.4627,Positive,3,0
3879724,Serie A 2015/2016,Carpi,53,-1,0,37,1,31-60,Center Defensive Midfield,MF,0.0593,0.2575,-0.1982,1,40,71,0.0,0.0,0.0,0.1982,Positive,1,1
3879724,Serie A 2015/2016,Fiorentina,59,1,1,31,1,31-60,Right Wing Back,FW,0.0359,0.0,0.0359,1,122,28,0.0,0.1943,-0.1943,-0.2302,Negative,1,0
3879724,Serie A 2015/2016,Carpi,62,-1,0,28,2,61-75,Right Center Forward,FW,0.0,0.0359,-0.0359,0,61,62,0.2057,0.0,0.2057,0.2416,Positive,2,0
3879724,Serie A 2015/2016,Carpi,70,-1,0,20,3,61-75,Right Center Midfield,MF,0.0,0.0,0.0,0,79,39,0.2057,0.0337,0.172,0.172,Positive,2,1
3879724,Serie A 2015/2016,Fiorentina,75,0,1,15,2,61-75,Right Attacking Midfield,MF,0.0,0.2057,-0.2057,0,72,28,0.0963,0.0,0.0963,0.302,Positive,2,1
3879724,Serie A 2015/2016,Fiorentina,84,0,1,6,3,76-90+,Right Center Forward,FW,0.0337,0.2057,-0.172,1,80,18,0.0911,0.0,0.0911,0.2631,Positive,3,0
3879723,Serie A 2015/2016,Chievo,57,-1,0,33,1,31-60,Right Defensive Midfield,MF,0.0,1.074,-1.074,0,63,38,0.0725,0.2822,-0.2097,0.8643,Positive,1,1
3879723,Serie A 2015/2016,Chievo,71,-1,0,19,2,61-75,Left Midfield,MF,0.0725,0.2221,-0.1496,1,85,25,0.0,0.1672,-0.1672,-0.0176,Neutral,2,1
3879723,Serie A 2015/2016,Inter Milan,76,1,1,14,1,76-90+,Right Wing,FW,0.2822,0.0,0.2822,3,56,21,0.1072,0.1778,-0.0706,-0.3528,Negative,3,0
3879723,Serie A 2015/2016,Chievo,81,-1,0,9,3,76-90+,Right Defensive Midfield,MF,0.0,0.2015,-0.2015,0,62,26,0.2048,0.0,0.2048,0.4063,Positive,3,1
3879723,Serie A 2015/2016,Inter Milan,83,1,1,7,2,76-90+,Left Center Forward,FW,0.2015,0.0,0.2015,4,57,16,0.0,0.2048,-0.2048,-0.4063,Negative,3,0
3879722,Serie A 2015/2016,Hellas Verona,45,0,1,45,1,31-60,Left Midfield,MF,0.6594,0.0061,0.6533,2,81,27,0.2206,0.1833,0.0373,-0.616,Negative,1,1
3879722,Serie A 2015/2016,Hellas Verona,67,0,1,23,2,61-75,Left Back,DF,0.1484,0.4002,-0.2518,2,42,39,0.1995,0.0,0.1995,0.4513,Positive,2,2
3879722,Serie A 2015/2016,Atalanta,67,0,0,23,1,61-75,Right Back,DF,0.4002,0.1484,0.2518,7,77,17,0.0,0.1995,-0.1995,-0.4513,Negative,2,2
3879722,Serie A 2015/2016,Atalanta,76,0,0,14,2,76-90+,Left Wing,FW,0.2451,0.128,0.1171,4,71,17,0.111,0.6412,-0.5302,-0.6473,Negative,3,0
3879722,Serie A 2015/2016,Hellas Verona,77,0,1,13,3,76-90+,Left Defensive Midfield,MF,0.0586,0.2451,-0.1865,1,67,31,0.6748,0.111,0.5638,0.7503,Positive,3,1
3879722,Serie A 2015/2016,Atalanta,81,0,0,9,3,76-90+,Center Forward,FW,0.0,0.1995,-0.1995,0,65,17,0.111,0.5339,-0.4229,-0.2234,Negative,3,0
3879721,Serie A 2015/2016,Palermo,45,-2,1,45,1,31-60,Right Back,DF,0.241,0.864,-0.623,4,48,32,0.0194,0.3434,-0.324,0.299,Positive,1,2
3879721,Serie A 2015/2016,Palermo,45,-2,1,45,2,31-60,Left Wing,FW,0.241,0.864,-0.623,4,48,32,0.0194,0.3434,-0.324,0.299,Positive,1,0
3879721,Serie A 2015/2016,AC Milan,54,2,0,36,1,31-60,Left Defensive Midfield,MF,0.3205,0.1198,0.2007,2,102,26,0.0922,0.117,-0.0248,-0.2255,Negative,1,1
3879721,Serie A 2015/2016,Palermo,57,-2,1,33,3,31-60,Right Center Forward,FW,0.0194,0.3434,-0.324,1,65,31,0.117,0.1046,0.0124,0.3364,Positive,1,0
3879721,Serie A 2015/2016,AC Milan,74,2,0,16,2,61-75,Left Center Forward,FW,0.1046,0.2207,-0.1161,2,114,14,0.0264,0.0506,-0.0242,0.0919,Neutral,2,0
3879721,Serie A 2015/2016,AC Milan,83,2,0,7,3,76-90+,Right Center Forward,FW,0.0616,0.1543,-0.0927,2,105,18,0.0,0.0098,-0.0098,0.0829,Neutral,3,0
3879720,Serie A 2015/2016,Lazio,38,-2,1,52,1,31-60,Left Wing,FW,0.0,0.8321,-0.8321,0,89,24,0.0462,0.0135,0.0327,0.8648,Positive,1,0
3879720,Serie A 2015/2016,Napoli,64,2,0,26,1,61-75,Left Wing,FW,0.0041,0.0786,-0.0745,1,123,37,0.09,0.3493,-0.2593,-0.1848,Negative,2,0
3879720,Serie A 2015/2016,Lazio,69,-2,1,21,2,61-75,Center Forward,FW,0.3202,0.0,0.3202,2,65,35,0.1077,0.1671,-0.0594,-0.3796,Negative,2,0
3879720,Serie A 2015/2016,Napoli,70,2,0,20,2,61-75,Center Forward,FW,0.0,0.3202,-0.3202,0,100,24,0.1671,0.1077,0.0594,0.3796,Positive,2,0
3879719,Serie A 2015/2016,Sampdoria,24,0,1,66,1,0-30,Right Wing Back,FW,0.0195,0.2466,-0.2271,1,77,21,0.0319,0.073,-0.0411,0.186,Positive,0,0
3879719,Serie A 2015/2016,Sampdoria,45,0,1,45,2,31-60,Right Center Back,DF,0.0,0.0,0.0,0,88,22,0.0613,0.1248,-0.0635,-0.0635,Neutral,1,2
3879719,Serie A 2015/2016,Torino,45,0,0,45,1,31-60,Right Center Midfield,MF,0.0,0.0,0.0,0,99,29,0.1248,0.0613,0.0635,0.0635,Neutral,1,1
3879719,Serie A 2015/2016,Torino,62,0,0,28,2,61-75,Left Center Forward,FW,0.1251,0.0803,0.0448,2,83,29,0.855,0.3907,0.4643,0.4195,Positive,2,0
3879719,Serie A 2015/2016,Torino,69,-1,0,21,3,61-75,Right Center Midfield,MF,0.0495,0.3847,-0.3352,2,63,21,0.9624,0.1238,0.8386,1.1738,Positive,2,1
3879719,Serie A 2015/2016,Sampdoria,78,0,1,12,3,76-90+,Left Attacking Midfield,MF,0.3907,0.855,-0.4643,2,63,34,0.1221,0.1143,0.0078,0.4721,Positive,3,1
3879718,Serie A 2015/2016,Udinese,56,1,0,34,1,31-60,Right Center Midfield,MF,0.1368,0.3187,-0.1819,3,42,42,0.0,0.8089,-0.8089,-0.627,Negative,1,1
3879718,Serie A 2015/2016,Udinese,68,1,0,22,2,61-75,Center Defensive Midfield,MF,0.0,0.8089,-0.8089,0,37,29,0.0,0.3968,-0.3968,0.4121,Positive,2,1
3879718,Serie A 2015/2016,Empoli,70,-1,1,20,1,61-75,Left Center Back,DF,0.8089,0.0,0.8089,2,75,13,0.421,0.0,0.421,-0.3879,Negative,2,2
3879718,Serie A 2015/2016,Udinese,77,1,0,13,3,76-90+,Left Center Forward,FW,0.0,1.1753,-1.1753,0,32,33,0.0,0.3942,-0.3942,0.7811,Positive,3,0
3879718,Serie A 2015/2016,Empoli,78,-1,1,12,2,76-90+,Center Attacking Midfield,MF,1.1753,0.0,1.1753,4,83,18,0.4294,0.0,0.4294,-0.7459,Negative,3,1
3879717,Serie A 2015/2016,AS Roma,42,1,0,48,1,31-60,Center Back,DF,0.9832,0.2727,0.7105,5,87,16,0.1816,0.0977,0.0839,-0.6266,Negative,1,2
3879717,Serie A 2015/2016,AS Roma,61,1,0,29,2,61-75,Right Center Midfield,MF,0.1816,0.192,-0.0104,2,57,46,0.0,0.1754,-0.1754,-0.165,Negative,2,1
3879717,Serie A 2015/2016,Sassuolo,65,-1,1,25,1,61-75,Center Forward,FW,0.1489,0.1816,-0.0327,3,102,23,0.1754,0.0,0.1754,0.2081,Positive,2,0
3879717,Serie A 2015/2016,Sassuolo,67,-1,1,23,2,61-75,Right Center Midfield,MF,0.1745,0.154,0.0205,3,105,19,0.1194,0.1118,0.0076,-0.0129,Neutral,2,1
3879717,Serie A 2015/2016,AS Roma,79,1,0,11,3,76-90+,Right Back,DF,0.0,0.1754,-0.1754,0,66,39,0.6125,1.0756,-0.4631,-0.2877,Negative,3,2
3879717,Serie A 2015/2016,Sassuolo,82,-1,1,8,3,76-90+,Left Center Midfield,MF,0.1194,0.1118,0.0076,2,76,26,1.0756,0.5007,0.5749,0.5673,Positive,3,1
3879716,Serie A 2015/2016,Fiorentina,55,0,0,35,1,31-60,Right Center Forward,FW,0.0098,0.6833,-0.6735,1,61,19,0.2797,0.0,0.2797,0.9532,Positive,1,0
3879716,Serie A 2015/2016,Fiorentina,55,0,0,35,2,31-60,Center Attacking Midfield,MF,0.0098,0.6833,-0.6735,1,61,19,0.2797,0.0,0.2797,0.9532,Positive,1,1
3879716,Serie A 2015/2016,Genoa,63,0,1,27,1,61-75,Left Wing,FW,0.6008,0.2895,0.3113,3,61,25,0.0625,0.0,0.0625,-0.2488,Negative,2,0
3879716,Serie A 2015/2016,Genoa,63,0,1,27,2,61-75,Right Wing,FW,0.6008,0.2895,0.3113,3,61,25,0.0625,0.0,0.0625,-0.2488,Negative,2,0
3879716,Serie A 2015/2016,Fiorentina,76,0,0,14,3,76-90+,Left Wing Back,FW,0.0,0.0,0.0,0,111,20,0.1375,0.098,0.0395,0.0395,Neutral,3,0
3879715,Serie A 2015/2016,Hellas Verona,55,0,0,35,1,31-60,Left Center Forward,FW,0.149,0.0208,0.1282,4,76,22,0.0883,0.1465,-0.0582,-0.1864,Negative,1,0
3879715,Serie A 2015/2016,Torino,57,0,1,33,1,31-60,Left Wing Back,FW,0.0,0.149,-0.149,0,64,30,0.1465,0.0883,0.0582,0.2072,Positive,1,0
3879715,Serie A 2015/2016,Torino,57,0,1,33,2,31-60,Right Center Midfield,MF,0.0,0.149,-0.149,0,64,30,0.1465,0.0883,0.0582,0.2072,Positive,1,1
3879715,Serie A 2015/2016,Hellas Verona,77,0,0,13,2,76-90+,Left Back,DF,0.3168,0.1918,0.125,4,49,20,0.0064,1.0686,-1.0622,-1.1872,Negative,3,2
3879715,Serie A 2015/2016,Hellas Verona,80,0,0,10,3,76-90+,Left Midfield,MF,0.3168,0.1122,0.2046,4,47,21,0.0064,1.0615,-1.0551,-1.2597,Negative,3,1
3879714,Serie A 2015/2016,Empoli,57,-1,0,33,1,31-60,Center Attacking Midfield,MF,0.0241,0.1173,-0.0932,1,75,31,0.1404,0.5619,-0.4215,-0.3283,Negative,1,1
3879714,Serie A 2015/2016,Empoli,67,-1,0,23,2,61-75,Left Center Forward,FW,0.0362,0.4943,-0.4581,2,81,36,0.1486,0.0676,0.081,0.5391,Positive,2,0
3879714,Serie A 2015/2016,Napoli,71,1,1,19,1,61-75,Center Forward,FW,0.5619,0.1645,0.3974,4,110,18,0.3962,0.0551,0.3411,-0.0563,Neutral,2,0
3879714,Serie A 2015/2016,Napoli,74,1,1,16,2,61-75,Left Wing,FW,0.5619,0.1404,0.4215,4,111,23,0.4454,0.0705,0.3749,-0.0466,Neutral,2,0
3879714,Serie A 2015/2016,Empoli,81,-1,0,9,3,76-90+,Center Attacking Midfield,MF,0.1486,0.0676,0.081,2,62,20,0.0502,0.4454,-0.3952,-0.4762,Negative,3,1
3879714,Serie A 2015/2016,Napoli,85,2,1,5,3,76-90+,Left Center Midfield,MF,0.4192,0.0203,0.3989,2,112,29,0.0492,0.0502,-0.001,-0.3999,Negative,3,1
3879713,Serie A 2015/2016,Juventus,45,2,0,45,1,31-60,Right Center Midfield,MF,1.0188,0.0238,0.995,4,136,18,0.1083,0.0421,0.0662,-0.9288,Negative,1,1
3879713,Serie A 2015/2016,Chievo,60,-2,1,30,1,31-60,Left Center Midfield,MF,0.0421,0.1083,-0.0662,2,99,26,0.0833,0.6856,-0.6023,-0.5361,Negative,1,1
3879713,Serie A 2015/2016,Chievo,67,-4,1,23,2,61-75,Center Attacking Midfield,MF,0.0421,0.4087,-0.3666,2,86,30,0.0833,0.5047,-0.4214,-0.0548,Neutral,2,1
3879713,Serie A 2015/2016,Juventus,68,4,0,22,2,61-75,Center Defensive Midfield,MF,0.4087,0.0421,0.3666,4,78,12,0.5047,0.0833,0.4214,0.0548,Neutral,2,1
3879713,Serie A 2015/2016,Chievo,72,-4,1,18,3,61-75,Center Attacking Midfield,MF,0.0,0.66,-0.66,0,63,38,0.0833,0.2381,-0.1548,0.5052,Positive,2,1
3879713,Serie A 2015/2016,Juventus,80,4,0,10,3,76-90+,Right Wing Back,FW,0.6842,0.0833,0.6009,7,128,17,0.5245,0.0,0.5245,-0.0764,Neutral,3,0
3879712,Serie A 2015/2016,Inter Milan,63,-1,0,27,1,61-75,Center Forward,FW,0.0468,0.0531,-0.0063,2,51,26,1.0635,1.0879,-0.0244,-0.0181,Neutral,2,0
3879712,Serie A 2015/2016,Inter Milan,76,-2,0,14,2,76-90+,Right Midfield,MF,1.0635,0.4082,0.6553,3,54,22,0.0,0.8777,-0.8777,-1.533,Negative,3,1
3879712,Serie A 2015/2016,AC Milan,78,3,1,12,1,76-90+,Left Center Forward,FW,1.0879,1.0635,0.0244,4,49,26,0.198,0.0,0.198,0.1736,Positive,3,0
3879712,Serie A 2015/2016,AC Milan,84,3,1,6,2,76-90+,Right Center Forward,FW,1.2448,0.8391,0.4057,6,52,27,0.041,0.0,0.041,-0.3647,Negative,3,0
3879711,Serie A 2015/2016,Lazio,7,0,0,83,1,0-30,Right Center Back,DF,0.0,0.0214,-0.0214,0,23,27,0.0377,0.1148,-0.0771,-0.0557,Neutral,0,2
3879711,Serie A 2015/2016,Lazio,43,0,0,47,2,31-60,Center Forward,FW,0.1978,0.0811,0.1167,3,69,20,0.2357,0.0101,0.2256,0.1089,Positive,1,0
3879711,Serie A 2015/2016,Udinese,53,0,1,37,1,31-60,Center Forward,FW,0.0067,0.2157,-0.209,1,45,34,0.0123,0.0443,-0.032,0.177,Positive,1,0
3879711,Serie A 2015/2016,Udinese,58,0,1,32,2,31-60,Center Defensive Midfield,MF,0.0101,0.2357,-0.2256,2,40,37,0.0089,0.0243,-0.0154,0.2102,Positive,1,1
3879711,Serie A 2015/2016,Udinese,68,0,1,22,3,61-75,Left Center Midfield,MF,0.0123,0.0443,-0.032,2,29,20,0.0,0.1672,-0.1672,-0.1352,Negative,2,1
3879711,Serie A 2015/2016,Lazio,74,0,0,16,3,61-75,Left Center Midfield,MF,0.0179,0.0089,0.009,1,96,21,0.1553,0.1123,0.043,0.034,Neutral,2,1
3879710,Serie A 2015/2016,Sampdoria,45,-2,0,45,1,31-60,Left Defensive Midfield,MF,0.0,0.0,0.0,0,96,36,0.3207,0.1085,0.2122,0.2122,Positive,1,1
3879710,Serie A 2015/2016,Bologna,60,1,1,30,1,31-60,Right Center Midfield,MF,0.1085,0.3207,-0.2122,1,59,41,0.0877,0.2332,-0.1455,0.0667,Neutral,1,1
3879710,Serie A 2015/2016,Bologna,65,1,1,25,2,61-75,Right Wing,FW,0.0,0.4904,-0.4904,0,51,44,0.0877,1.2371,-1.1494,-0.659,Negative,2,0
3879710,Serie A 2015/2016,Bologna,75,1,1,15,3,61-75,Center Attacking Midfield,MF,0.0877,0.2332,-0.1455,1,51,31,0.8461,1.1931,-0.347,-0.2015,Negative,2,1
3879710,Serie A 2015/2016,Sampdoria,75,-1,0,15,2,61-75,Right Center Midfield,MF,0.2332,0.0877,0.1455,3,89,15,1.1931,0.8461,0.347,0.2015,Positive,2,1
3879710,Serie A 2015/2016,Sampdoria,83,0,0,7,3,76-90+,Left Wing Back,FW,1.2371,0.0877,1.1494,5,115,24,0.0997,0.8461,-0.7464,-1.8958,Negative,3,0
3879709,Serie A 2015/2016,Carpi,45,-1,1,45,1,31-60,Right Defensive Midfield,MF,0.0653,0.1205,-0.0552,3,74,37,0.034,0.0,0.034,0.0892,Neutral,1,1
3879709,Serie A 2015/2016,Palermo,56,1,0,34,1,31-60,Left Wing,FW,0.0,0.034,-0.034,0,58,22,0.0,0.0,0.0,0.034,Neutral,1,0
3879709,Serie A 2015/2016,Carpi,59,-1,1,31,2,31-60,Center Forward,FW,0.034,0.0,0.034,2,102,41,0.7835,0.0,0.7835,0.7495,Positive,1,0
3879709,Serie A 2015/2016,Palermo,67,1,0,23,2,61-75,Center Forward,FW,0.0,0.034,-0.034,0,62,23,0.0796,0.86,-0.7804,-0.7464,Negative,2,0
3879709,Serie A 2015/2016,Carpi,69,-1,1,21,3,61-75,Left Back,DF,0.028,0.0,0.028,1,70,35,0.9225,0.1984,0.7241,0.6961,Positive,2,2
3879708,Serie A 2015/2016,Atalanta,22,0,1,68,1,0-30,Right Center Back,DF,0.1095,0.0519,0.0576,1,90,35,1.3705,0.6741,0.6964,0.6388,Positive,0,2
3879708,Serie A 2015/2016,Sassuolo,71,0,0,19,1,61-75,Center Forward,FW,0.0,0.0776,-0.0776,0,101,28,0.0164,0.0,0.0164,0.094,Neutral,2,0
3879708,Serie A 2015/2016,Sassuolo,71,0,0,19,2,61-75,Right Wing,FW,0.0,0.0776,-0.0776,0,101,28,0.0164,0.0,0.0164,0.094,Neutral,2,0
3879708,Serie A 2015/2016,Atalanta,71,0,1,19,2,61-75,Left Center Midfield,MF,0.0776,0.0,0.0776,2,74,29,0.0,0.0164,-0.0164,-0.094,Neutral,2,1
3879708,Serie A 2015/2016,Atalanta,81,0,1,9,3,76-90+,Center Forward,FW,0.0,0.0164,-0.0164,0,57,23,0.0,0.0,0.0,0.0164,Neutral,3,0
3879698,Serie A 2015/2016,AC Milan,45,0,0,45,1,31-60,Right Center Back,DF,0.316,0.24,0.076,4,54,39,0.3499,0.0378,0.3121,0.2361,Positive,1,2
3879698,Serie A 2015/2016,Empoli,53,-1,1,37,1,31-60,Center Defensive Midfield,MF,0.0919,0.5376,-0.4457,3,67,40,0.6549,0.0367,0.6182,1.0639,Positive,1,1
3879698,Serie A 2015/2016,AC Milan,66,0,0,24,2,61-75,Right Center Forward,FW,0.0367,0.6549,-0.6182,1,54,46,0.0689,0.1142,-0.0453,0.5729,Positive,2,0
3879698,Serie A 2015/2016,Empoli,69,0,1,21,2,61-75,Left Center Forward,FW,0.6549,0.0367,0.6182,5,100,22,0.1451,0.0689,0.0762,-0.542,Negative,2,0
3879698,Serie A 2015/2016,AC Milan,85,0,0,5,3,76-90+,Right Midfield,MF,0.0689,0.1451,-0.0762,1,68,47,0.0,0.1399,-0.1399,-0.0637,Neutral,3,1
3879697,Serie A 2015/2016,Frosinone,63,0,1,27,1,61-75,Right Wing,FW,0.041,0.161,-0.12,1,58,25,0.0,0.0214,-0.0214,0.0986,Neutral,2,0
3879697,Serie A 2015/2016,Atalanta,73,0,0,17,1,61-75,Center Forward,FW,0.0214,0.041,-0.0196,1,54,35,0.2992,0.0275,0.2717,0.2913,Positive,2,0
3879697,Serie A 2015/2016,Frosinone,76,0,1,14,2,76-90+,Right Center Forward,FW,0.0,0.0214,-0.0214,0,58,18,0.0427,0.2992,-0.2565,-0.2351,Negative,3,0
3879697,Serie A 2015/2016,Atalanta,77,0,0,13,2,76-90+,Right Wing Back,FW,0.0214,0.0,0.0214,1,51,33,0.2992,0.0427,0.2565,0.2351,Positive,3,0
3879696,Serie A 2015/2016,Sassuolo,74,0,1,16,1,61-75,Right Wing,FW,0.4118,0.1226,0.2892,3,82,30,0.2996,0.0151,0.2845,-0.0047,Neutral,2,0
3879696,Serie A 2015/2016,Torino,79,0,0,11,1,76-90+,Left Center Midfield,MF,0.0291,0.3658,-0.3367,1,58,22,0.0151,0.2776,-0.2625,0.0742,Neutral,3,1
3879696,Serie A 2015/2016,Sassuolo,80,0,1,10,2,76-90+,Right Center Midfield,MF,0.3658,0.0291,0.3367,4,96,28,0.2776,0.0151,0.2625,-0.0742,Neutral,3,1
3879696,Serie A 2015/2016,Torino,80,0,0,10,2,76-90+,Right Wing Back,FW,0.0291,0.3658,-0.3367,1,54,26,0.0151,0.2776,-0.2625,0.0742,Neutral,3,0
3879695,Serie A 2015/2016,Genoa,59,1,1,31,1,31-60,Right Wing,FW,0.0981,0.0204,0.0777,1,60,45,0.7858,0.0,0.7858,0.7081,Positive,1,0
3879695,Serie A 2015/2016,Palermo,61,-1,0,29,1,61-75,Left Center Forward,FW,0.0204,0.0981,-0.0777,1,92,22,0.0,0.906,-0.906,-0.8283,Negative,2,0
3879695,Serie A 2015/2016,Palermo,69,-1,0,21,2,61-75,Center Defensive Midfield,MF,0.0204,0.2781,-0.2577,1,62,32,0.2163,0.8325,-0.6162,-0.3585,Negative,2,1
3879695,Serie A 2015/2016,Genoa,77,3,1,13,2,76-90+,Right Defensive Midfield,MF,1.0125,0.0,1.0125,6,90,17,0.1182,0.4781,-0.3599,-1.3724,Negative,3,1
3879694,Serie A 2015/2016,Lazio,45,-2,0,45,1,31-60,Center Forward,FW,0.0984,0.1518,-0.0534,1,106,29,0.1009,0.0371,0.0638,0.1172,Positive,1,0
3879694,Serie A 2015/2016,Lazio,45,-2,0,45,2,31-60,Left Center Midfield,MF,0.0984,0.1518,-0.0534,1,106,29,0.1009,0.0371,0.0638,0.1172,Positive,1,1
3879694,Serie A 2015/2016,Bologna,61,2,1,29,1,61-75,Left Center Back,DF,0.0371,0.0929,-0.0558,1,51,48,0.0311,0.8428,-0.8117,-0.7559,Negative,2,2
3879694,Serie A 2015/2016,Bologna,70,2,1,20,2,61-75,Left Wing,FW,0.0311,0.0662,-0.0351,1,46,48,0.0,1.0756,-1.0756,-1.0405,Negative,2,0
3879694,Serie A 2015/2016,Lazio,81,0,0,9,3,76-90+,Right Wing,FW,1.0756,0.0311,1.0445,4,64,27,0.0,0.0,0.0,-1.0445,Negative,3,0
3879694,Serie A 2015/2016,Bologna,83,0,1,7,3,76-90+,Center Forward,FW,0.0,1.0756,-1.0756,0,65,33,0.0,0.0,0.0,1.0756,Positive,3,0
3879693,Serie A 2015/2016,Udinese,54,-4,1,36,1,31-60,Right Center Back,DF,0.0413,0.2617,-0.2204,1,83,41,0.0091,0.2904,-0.2813,-0.0609,Neutral,1,2
3879693,Serie A 2015/2016,Juventus,57,4,0,33,1,31-60,Left Center Back,DF,0.2074,0.0413,0.1661,3,171,28,0.2904,0.0091,0.2813,0.1152,Positive,1,2
3879693,Serie A 2015/2016,Udinese,59,-4,1,31,2,31-60,Left Center Forward,FW,0.0413,0.4373,-0.396,1,64,42,0.0658,0.0604,0.0054,0.4014,Positive,1,0
3879693,Serie A 2015/2016,Juventus,65,4,0,25,2,61-75,Center Attacking Midfield,MF,0.23,0.0,0.23,2,143,36,0.0604,0.0658,-0.0054,-0.2354,Negative,2,1
3879693,Serie A 2015/2016,Udinese,69,-4,1,21,3,61-75,Center Attacking Midfield,MF,0.0091,0.2904,-0.2813,1,86,26,0.0567,0.0,0.0567,0.338,Positive,2,1
3879693,Serie A 2015/2016,Juventus,79,4,0,11,3,76-90+,Right Wing Back,FW,0.0604,0.0658,-0.0054,1,131,20,0.0514,0.0425,0.0089,0.0143,Neutral,3,0
3879692,Serie A 2015/2016,Chievo,41,1,1,49,1,31-60,Center Attacking Midfield,MF,0.0891,0.0241,0.065,2,55,26,0.0665,0.8043,-0.7378,-0.8028,Negative,1,1
3879692,Serie A 2015/2016,Empoli,59,0,0,31,1,31-60,Center Attacking Midfield,MF,0.8043,0.0665,0.7378,4,109,33,0.1131,0.0466,0.0665,-0.6713,Negative,1,1
3879692,Serie A 2015/2016,Chievo,71,0,1,19,2,61-75,Center Attacking Midfield,MF,0.0369,0.1131,-0.0762,1,81,40,0.2057,0.0924,0.1133,0.1895,Positive,2,1
3879692,Serie A 2015/2016,Chievo,81,0,1,9,3,76-90+,Left Center Forward,FW,0.1503,0.0992,0.0511,4,60,32,0.3062,0.0398,0.2664,0.2153,Positive,3,0
3879692,Serie A 2015/2016,Empoli,81,0,0,9,2,76-90+,Right Center Forward,FW,0.0992,0.1503,-0.0511,3,117,34,0.0398,0.3062,-0.2664,-0.2153,Negative,3,0
3879691,Serie A 2015/2016,Hellas Verona,45,-1,0,45,1,31-60,Left Wing Back,FW,0.0,0.7941,-0.7941,0,39,32,0.4048,0.2677,0.1371,0.9312,Positive,1,0
3879691,Serie A 2015/2016,Hellas Verona,45,-1,0,45,2,31-60,Right Center Back,DF,0.0,0.7941,-0.7941,0,39,32,0.4048,0.2677,0.1371,0.9312,Positive,1,2
3879691,Serie A 2015/2016,AS Roma,65,0,1,25,1,61-75,Left Center Back,DF,0.191,0.9885,-0.7975,2,95,27,0.2371,0.0,0.2371,1.0346,Positive,2,2
3879691,Serie A 2015/2016,Hellas Verona,72,0,0,18,3,61-75,Right Wing,FW,0.8667,0.157,0.7097,2,37,27,0.0,0.2626,-0.2626,-0.9723,Negative,2,0
3879691,Serie A 2015/2016,AS Roma,72,0,1,18,2,61-75,Right Back,DF,0.157,0.8667,-0.7097,3,89,15,0.2626,0.0,0.2626,0.9723,Positive,2,2
3879690,Serie A 2015/2016,Fiorentina,66,-1,0,24,1,61-75,Left Defensive Midfield,MF,0.8565,0.2765,0.58,5,89,37,0.0245,0.047,-0.0225,-0.6025,Negative,2,1
3879690,Serie A 2015/2016,AC Milan,68,1,1,22,1,61-75,Right Defensive Midfield,MF,0.2765,0.2852,-0.0087,1,61,33,0.047,0.0245,0.0225,0.0312,Neutral,2,1
3879690,Serie A 2015/2016,Fiorentina,75,-1,0,15,2,61-75,Left Wing Back,FW,0.06,0.3235,-0.2635,2,88,26,0.2373,0.9006,-0.6633,-0.3998,Negative,2,0
3879690,Serie A 2015/2016,AC Milan,78,1,1,12,2,76-90+,Left Center Forward,FW,0.047,0.0245,0.0225,1,40,40,0.9006,0.2373,0.6633,0.6408,Positive,3,0
3879690,Serie A 2015/2016,Fiorentina,82,-1,0,8,3,76-90+,Right Attacking Midfield,MF,0.0245,0.047,-0.0225,1,91,24,0.2373,0.9006,-0.6633,-0.6408,Negative,3,1
3879689,Serie A 2015/2016,Carpi,60,1,1,30,1,31-60,Left Defensive Midfield,MF,1.2432,0.0229,1.2203,3,52,45,0.1751,0.4476,-0.2725,-1.4928,Negative,1,1
3879689,Serie A 2015/2016,Sampdoria,62,-1,0,28,1,61-75,Left Center Midfield,MF,0.0424,1.2432,-1.2008,2,92,25,0.5416,0.1751,0.3665,1.5673,Positive,2,1
3879689,Serie A 2015/2016,Sampdoria,63,-1,0,27,2,61-75,Right Back,DF,0.0195,1.4183,-1.3988,1,93,25,0.5416,0.0,0.5416,1.9404,Positive,2,2
3879689,Serie A 2015/2016,Carpi,65,1,1,25,2,61-75,Left Midfield,MF,1.4183,0.0677,1.3506,4,36,40,0.0845,0.4934,-0.4089,-1.7595,Negative,2,1
3879689,Serie A 2015/2016,Carpi,74,1,1,16,3,61-75,Center Forward,FW,0.1751,0.4476,-0.2725,1,31,42,0.0845,0.1776,-0.0931,0.1794,Positive,2,0
3879689,Serie A 2015/2016,Sampdoria,79,-1,0,11,3,76-90+,Left Center Midfield,MF,0.5416,0.0,0.5416,4,140,19,0.0641,0.0845,-0.0204,-0.562,Negative,3,1
3879688,Serie A 2015/2016,Inter Milan,57,0,0,33,1,31-60,Right Center Midfield,MF,0.0,0.3803,-0.3803,0,93,29,0.2834,0.5325,-0.2491,0.1312,Positive,1,1
3879688,Serie A 2015/2016,Inter Milan,69,0,0,21,2,61-75,Left Back,DF,0.2834,0.4749,-0.1915,3,77,21,0.1199,0.239,-0.1191,0.0724,Neutral,2,2
3879688,Serie A 2015/2016,Atalanta,72,0,1,18,1,61-75,Right Wing Back,FW,0.5325,0.2834,0.2491,3,48,21,0.1815,0.1548,0.0267,-0.2224,Negative,2,0
3879688,Serie A 2015/2016,Atalanta,81,0,1,9,2,76-90+,Left Center Midfield,MF,0.0576,0.214,-0.1564,1,40,26,0.1815,0.0348,0.1467,0.3031,Positive,3,1
3879688,Serie A 2015/2016,Inter Milan,83,0,0,7,3,76-90+,Left Center Forward,FW,0.1199,0.239,-0.1191,2,84,16,0.0348,0.0,0.0348,0.1539,Positive,3,0
3879688,Serie A 2015/2016,Atalanta,84,0,1,6,3,76-90+,Left Center Forward,FW,0.239,0.1199,0.1191,2,44,31,0.0,0.0348,-0.0348,-0.1539,Negative,3,0
3879687,Serie A 2015/2016,Torino,65,2,1,25,1,61-75,Left Wing Back,FW,0.2905,0.2418,0.0487,4,50,34,0.0442,0.0365,0.0077,-0.041,Neutral,2,0
3879687,Serie A 2015/2016,Frosinone,66,-2,0,24,1,61-75,Right Center Back,DF,0.2418,0.2429,-0.0011,5,71,19,0.0365,0.0442,-0.0077,-0.0066,Neutral,2,2
3879687,Serie A 2015/2016,Frosinone,66,-2,0,24,2,61-75,Left Defensive Midfield,MF,0.2418,0.2429,-0.0011,5,71,19,0.0365,0.0442,-0.0077,-0.0066,Neutral,2,1
3879687,Serie A 2015/2016,Torino,70,2,1,20,2,61-75,Left Center Midfield,MF,0.2681,0.1557,0.1124,4,46,28,0.166,0.0924,0.0736,-0.0388,Neutral,2,1
3879687,Serie A 2015/2016,Torino,75,2,1,15,3,61-75,Right Wing Back,FW,0.2043,0.1921,0.0122,4,48,25,0.152,0.0708,0.0812,0.069,Neutral,2,0
3879687,Serie A 2015/2016,Frosinone,82,-3,0,8,3,76-90+,Left Wing Back,FW,0.0365,0.1912,-0.1547,1,45,19,0.0825,0.0049,0.0776,0.2323,Positive,3,0
3879686,Serie A 2015/2016,Sassuolo,15,1,0,75,1,0-30,Right Center Midfield,MF,0.8947,0.0639,0.8308,2,57,28,0.2011,0.3987,-0.1976,-1.0284,Negative,0,1
3879686,Serie A 2015/2016,Napoli,67,1,1,23,1,61-75,Left Center Back,DF,0.1445,0.0407,0.1038,3,108,29,0.1172,0.031,0.0862,-0.0176,Neutral,2,2
3879686,Serie A 2015/2016,Sassuolo,67,-1,0,23,2,61-75,Right Wing,FW,0.0407,0.1445,-0.1038,1,78,23,0.031,0.1172,-0.0862,0.0176,Neutral,2,0
3879686,Serie A 2015/2016,Napoli,76,1,1,14,2,76-90+,Left Wing,FW,0.1172,0.031,0.0862,2,126,30,0.0745,0.1113,-0.0368,-0.123,Negative,3,0
3879686,Serie A 2015/2016,Sassuolo,82,-1,0,8,3,76-90+,Left Wing,FW,0.031,0.1172,-0.0862,1,64,33,0.1113,0.1433,-0.032,0.0542,Neutral,3,0
3879685,Serie A 2015/2016,Genoa,45,0,0,45,1,31-60,Right Attacking Midfield,MF,0.0855,0.0736,0.0119,3,86,24,0.0701,0.0,0.0701,0.0582,Neutral,1,1
3879685,Serie A 2015/2016,Genoa,67,0,0,23,2,61-75,Right Defensive Midfield,MF,0.0,0.0947,-0.0947,0,76,41,1.2811,0.0,1.2811,1.3758,Positive,2,1
3879685,Serie A 2015/2016,Atalanta,70,0,1,20,1,61-75,Right Center Midfield,MF,0.0947,0.1002,-0.0055,4,106,28,0.0402,1.1809,-1.1407,-1.1352,Negative,2,1
3879685,Serie A 2015/2016,Atalanta,81,-2,1,9,2,76-90+,Right Back,DF,0.0,1.2811,-1.2811,0,56,19,0.1826,0.0682,0.1144,1.3955,Positive,3,2
3879685,Serie A 2015/2016,Atalanta,82,-2,1,8,3,76-90+,Left Center Midfield,MF,0.0,1.2811,-1.2811,0,51,17,0.1826,0.0682,0.1144,1.3955,Positive,3,1
3879684,Serie A 2015/2016,Sampdoria,36,-1,1,54,1,31-60,Right Center Midfield,MF,0.0,0.0,0.0,0,59,19,0.1204,0.5149,-0.3945,-0.3945,Negative,1,1
3879684,Serie A 2015/2016,Juventus,64,1,0,26,1,61-75,Right Wing Back,FW,0.4291,0.3846,0.0445,4,70,25,0.0472,0.0503,-0.0031,-0.0476,Neutral,2,0
3879684,Serie A 2015/2016,Sampdoria,72,-1,1,18,2,61-75,Left Center Midfield,MF,0.4262,0.4569,-0.0307,3,70,25,0.0,0.0194,-0.0194,0.0113,Neutral,2,1
3879684,Serie A 2015/2016,Juventus,76,1,0,14,2,76-90+,Left Center Forward,FW,0.4109,0.2256,0.1853,4,84,23,0.0,0.2723,-0.2723,-0.4576,Negative,3,0
3879684,Serie A 2015/2016,Sampdoria,84,-1,1,6,3,76-90+,Left Midfield,MF,0.0,0.0194,-0.0194,0,64,39,0.2723,0.0,0.2723,0.2917,Positive,3,1
3879683,Serie A 2015/2016,Hellas Verona,45,-1,1,45,1,31-60,Right Midfield,MF,0.1772,0.3961,-0.2189,5,62,18,0.0885,0.0947,-0.0062,0.2127,Positive,1,1
3879683,Serie A 2015/2016,Hellas Verona,63,-1,1,27,2,61-75,Left Defensive Midfield,MF,0.2301,0.0947,0.1354,5,106,39,0.3591,0.2275,0.1316,-0.0038,Neutral,2,1
3879683,Serie A 2015/2016,Palermo,74,1,0,16,1,61-75,Left Defensive Midfield,MF,0.2275,0.3762,-0.1487,3,63,33,0.0,0.4493,-0.4493,-0.3006,Negative,2,1
3879683,Serie A 2015/2016,Palermo,84,1,0,6,2,76-90+,Center Forward,FW,0.0818,0.4776,-0.3958,2,43,23,0.0,0.0966,-0.0966,0.2992,Positive,3,0
3879683,Serie A 2015/2016,Hellas Verona,85,-1,1,5,3,76-90+,Right Defensive Midfield,MF,0.4776,0.0222,0.4554,8,82,19,0.0966,0.0,0.0966,-0.3588,Negative,3,1
3879682,Serie A 2015/2016,Empoli,50,0,0,40,1,31-60,Right Center Forward,FW,0.1173,0.3702,-0.2529,2,95,21,0.3752,0.2652,0.11,0.3629,Positive,1,0
3879682,Serie A 2015/2016,Empoli,50,0,0,40,2,31-60,Left Center Midfield,MF,0.1173,0.3702,-0.2529,2,95,21,0.3752,0.2652,0.11,0.3629,Positive,1,1
3879682,Serie A 2015/2016,Torino,59,-1,1,31,1,31-60,Left Wing Back,FW,0.3024,0.2224,0.08,4,102,18,0.0775,0.2054,-0.1279,-0.2079,Negative,1,0
3879682,Serie A 2015/2016,Torino,68,-1,1,22,2,61-75,Right Center Forward,FW,0.2886,0.3752,-0.0866,4,84,19,0.1276,0.0749,0.0527,0.1393,Positive,2,0
3879682,Serie A 2015/2016,Torino,80,-1,1,10,3,76-90+,Right Center Midfield,MF,0.0775,0.0749,0.0026,3,63,32,0.3412,0.0148,0.3264,0.3238,Positive,3,1
3879682,Serie A 2015/2016,Empoli,85,1,0,5,3,76-90+,Left Center Forward,FW,0.0749,0.2084,-0.1335,2,86,16,0.0148,0.1628,-0.148,-0.0145,Neutral,3,0
3879681,Serie A 2015/2016,Inter Milan,63,0,1,27,1,61-75,Right Wing,FW,0.2975,0.0594,0.2381,4,103,39,0.3252,0.1011,0.2241,-0.014,Neutral,2,0
3879681,Serie A 2015/2016,Sassuolo,71,0,0,19,1,61-75,Center Forward,FW,0.1013,0.278,-0.1767,2,57,35,0.2269,0.3315,-0.1046,0.0721,Neutral,2,0
3879681,Serie A 2015/2016,Sassuolo,80,0,0,10,2,76-90+,Left Wing,FW,0.078,0.4106,-0.3326,3,58,37,1.0839,0.2207,0.8632,1.1958,Positive,3,0
3879681,Serie A 2015/2016,Sassuolo,83,0,0,7,3,76-90+,Left Center Midfield,MF,0.2269,0.4933,-0.2664,4,52,36,0.935,0.138,0.797,1.0634,Positive,3,1
3879681,Serie A 2015/2016,Inter Milan,85,0,1,5,2,76-90+,Left Center Midfield,MF,0.3315,0.2269,0.1046,6,63,28,0.1183,0.935,-0.8167,-0.9213,Negative,3,1
3879680,Serie A 2015/2016,Chievo,11,0,0,79,1,0-30,Left Center Midfield,MF,0.0,0.0306,-0.0306,0,56,18,0.0512,0.0047,0.0465,0.0771,Neutral,0,1
3879680,Serie A 2015/2016,Bologna,59,0,1,31,1,31-60,Right Wing Back,FW,0.0,0.1343,-0.1343,0,94,26,0.2273,0.0127,0.2146,0.3489,Positive,1,0
3879680,Serie A 2015/2016,Chievo,72,0,0,18,2,61-75,Right Center Forward,FW,0.0127,0.1826,-0.1699,1,63,32,0.0518,0.1116,-0.0598,0.1101,Positive,2,0
3879680,Serie A 2015/2016,Chievo,74,0,0,16,3,61-75,Right Midfield,MF,0.0127,0.2273,-0.2146,1,55,34,0.0518,0.1742,-0.1224,0.0922,Neutral,2,1
3879680,Serie A 2015/2016,Bologna,81,-1,1,9,2,76-90+,Left Center Midfield,MF,0.2604,0.0646,0.1958,6,115,13,0.1376,0.0,0.1376,-0.0582,Neutral,3,1
3879679,Serie A 2015/2016,Frosinone,56,-2,1,34,1,31-60,Right Midfield,MF,0.0459,0.0967,-0.0508,2,58,26,0.017,0.7646,-0.7476,-0.6968,Negative,1,1
3879679,Serie A 2015/2016,Frosinone,61,-4,1,29,2,61-75,Left Midfield,MF,0.0387,0.4774,-0.4387,2,50,30,0.0588,0.39,-0.3312,0.1075,Positive,2,1
3879679,Serie A 2015/2016,Napoli,64,4,0,26,1,61-75,Center Forward,FW,0.7218,0.0387,0.6831,4,116,18,0.11,0.0588,0.0512,-0.6319,Negative,2,0
3879679,Serie A 2015/2016,Frosinone,66,-4,1,24,3,61-75,Left Wing,FW,0.0387,0.7218,-0.6831,2,35,26,0.2803,0.1692,0.1111,0.7942,Positive,2,0
3879679,Serie A 2015/2016,Napoli,73,5,0,17,2,61-75,Right Wing,FW,0.7646,0.017,0.7476,5,121,19,0.2156,0.2744,-0.0588,-0.8064,Negative,2,0
3879679,Serie A 2015/2016,Napoli,76,5,0,14,3,76-90+,Left Center Midfield,MF,0.39,0.0588,0.3312,5,129,22,0.1852,0.2215,-0.0363,-0.3675,Negative,3,1
3879678,Serie A 2015/2016,Carpi,50,1,1,40,1,31-60,Left Defensive Midfield,MF,0.2444,0.1448,0.0996,3,84,39,0.0523,0.0,0.0523,-0.0473,Neutral,1,1
3879678,Serie A 2015/2016,Udinese,51,-1,0,39,1,31-60,Right Center Forward,FW,0.1448,0.2444,-0.0996,1,124,20,0.0,0.0523,-0.0523,0.0473,Neutral,1,0
3879678,Serie A 2015/2016,Udinese,61,-1,0,29,2,61-75,Right Wing Back,FW,0.1448,0.0523,0.0925,1,104,20,0.1354,0.4525,-0.3171,-0.4096,Negative,2,0
3879678,Serie A 2015/2016,Carpi,65,1,1,25,2,61-75,Left Midfield,MF,0.0523,0.0,0.0523,1,66,27,0.4843,0.1354,0.3489,0.2966,Positive,2,1
3879678,Serie A 2015/2016,Udinese,81,-1,0,9,3,76-90+,Left Center Midfield,MF,0.209,0.4843,-0.2753,3,128,11,0.4109,0.0,0.4109,0.6862,Positive,3,1
3879677,Serie A 2015/2016,Fiorentina,53,-1,1,37,1,31-60,Right Wing Back,FW,0.0208,0.3984,-0.3776,1,97,23,0.1414,0.077,0.0644,0.442,Positive,1,0
3879677,Serie A 2015/2016,Fiorentina,58,-1,1,32,2,31-60,Right Defensive Midfield,MF,0.0919,0.4754,-0.3835,3,120,22,0.0875,0.0,0.0875,0.471,Positive,1,1
3879677,Serie A 2015/2016,Lazio,63,1,0,27,1,61-75,Center Forward,FW,0.1196,0.1193,0.0003,2,47,39,0.0,0.1935,-0.1935,-0.1938,Negative,2,0
3879677,Serie A 2015/2016,Fiorentina,73,-1,1,17,3,61-75,Right Attacking Midfield,MF,0.0875,0.0,0.0875,3,109,26,0.4875,0.2799,0.2076,0.1201,Positive,2,1
3879677,Serie A 2015/2016,Lazio,75,1,0,15,2,61-75,Left Back,DF,0.0,0.1053,-0.1053,0,46,44,0.2799,0.5244,-0.2445,-0.1392,Negative,2,2
3879676,Serie A 2015/2016,AS Roma,45,1,1,45,1,31-60,Right Center Back,DF,0.069,0.0525,0.0165,2,59,40,0.1092,0.4817,-0.3725,-0.389,Negative,1,2
3879676,Serie A 2015/2016,AS Roma,55,0,1,35,2,31-60,Right Wing,FW,0.1707,0.1284,0.0423,2,79,32,0.0968,0.606,-0.5092,-0.5515,Negative,1,0
3879676,Serie A 2015/2016,AC Milan,55,0,0,35,1,31-60,Right Center Forward,FW,0.1284,0.1707,-0.0423,1,97,27,0.606,0.0968,0.5092,0.5515,Positive,1,0
3879676,Serie A 2015/2016,AS Roma,69,0,1,21,3,61-75,Center Forward,FW,0.0,0.606,-0.606,0,73,25,0.1723,0.1869,-0.0146,0.5914,Positive,2,0
3879676,Serie A 2015/2016,AC Milan,78,0,0,12,2,76-90+,Right Back,DF,0.3515,0.1442,0.2073,6,88,19,0.0882,0.0281,0.0601,-0.1472,Negative,3,2
3879676,Serie A 2015/2016,AC Milan,84,0,0,6,3,76-90+,Left Midfield,MF,0.1869,0.1723,0.0146,4,75,20,0.0,0.0,0.0,-0.0146,Neutral,3,1
3879675,Serie A 2015/2016,Lazio,45,0,1,45,1,31-60,Left Wing,FW,0.0652,0.0,0.0652,2,112,19,0.0087,0.0774,-0.0687,-0.1339,Negative,1,0
3879675,Serie A 2015/2016,Carpi,54,0,0,36,1,31-60,Left Center Forward,FW,0.0197,0.0739,-0.0542,1,61,41,0.0577,0.0231,0.0346,0.0888,Neutral,1,0
3879675,Serie A 2015/2016,Lazio,61,0,1,29,2,61-75,Right Center Midfield,MF,0.0087,0.0774,-0.0687,1,107,15,0.0536,0.0,0.0536,0.1223,Positive,2,1
3879675,Serie A 2015/2016,Carpi,69,0,0,21,2,61-75,Center Defensive Midfield,MF,0.0577,0.0231,0.0346,1,51,35,0.0,0.1878,-0.1878,-0.2224,Negative,2,1
3879675,Serie A 2015/2016,Carpi,78,0,0,12,3,76-90+,Right Center Forward,FW,0.0,0.0536,-0.0536,0,53,41,0.0,0.4462,-0.4462,-0.3926,Negative,3,0
3879675,Serie A 2015/2016,Lazio,80,0,1,10,3,76-90+,Center Forward,FW,0.0916,0.0,0.0916,4,103,5,0.4081,0.0173,0.3908,0.2992,Positive,3,0
3879674,Serie A 2015/2016,Bologna,44,0,0,46,1,31-60,Left Center Back,DF,0.0,0.2973,-0.2973,0,50,27,0.4077,0.8352,-0.4275,-0.1302,Negative,1,2
3879674,Serie A 2015/2016,AC Milan,64,0,1,26,1,61-75,Right Midfield,MF,0.9041,0.4077,0.4964,5,102,38,0.2667,0.1501,0.1166,-0.3798,Negative,2,1
3879674,Serie A 2015/2016,Bologna,69,0,0,21,2,61-75,Right Back,DF,0.0,1.1011,-1.1011,0,60,44,0.6244,0.0853,0.5391,1.6402,Positive,2,2
3879674,Serie A 2015/2016,Bologna,77,0,0,13,3,76-90+,Center Defensive Midfield,MF,0.1501,0.2667,-0.1166,2,70,19,1.1214,0.0157,1.1057,1.2223,Positive,3,1
3879674,Serie A 2015/2016,AC Milan,78,0,1,12,2,76-90+,Right Center Forward,FW,0.2667,0.1501,0.1166,5,54,16,0.0157,1.1214,-1.1057,-1.2223,Negative,3,0
3879674,Serie A 2015/2016,AC Milan,82,-1,1,8,3,76-90+,Right Defensive Midfield,MF,0.1977,0.6244,-0.4267,3,55,24,0.0157,0.6471,-0.6314,-0.2047,Negative,3,1
3879673,Serie A 2015/2016,Atalanta,30,-1,0,60,1,0-30,Left Back,DF,0.0667,1.0848,-1.0181,2,63,18,0.3033,0.0444,0.2589,1.277,Positive,0,2
3879673,Serie A 2015/2016,Atalanta,62,-2,0,28,2,61-75,Right Center Midfield,MF,0.1322,0.0706,0.0616,4,91,12,0.5148,0.0733,0.4415,0.3799,Positive,2,1
3879673,Serie A 2015/2016,Udinese,71,2,1,19,1,61-75,Left Center Midfield,MF,0.058,0.1066,-0.0486,2,43,18,0.3865,0.6248,-0.2383,-0.1897,Negative,2,1
3879673,Serie A 2015/2016,Udinese,78,1,1,12,2,76-90+,Left Wing Back,FW,0.0733,0.5392,-0.4659,2,43,32,0.3579,0.1407,0.2172,0.6831,Positive,3,0
3879673,Serie A 2015/2016,Atalanta,78,-1,0,12,3,76-90+,Right Back,DF,0.5392,0.0733,0.4659,6,83,21,0.1407,0.3579,-0.2172,-0.6831,Negative,3,2
3879673,Serie A 2015/2016,Udinese,82,1,1,8,3,76-90+,Right Center Forward,FW,0.3405,0.6537,-0.3132,3,56,31,0.0461,0.0219,0.0242,0.3374,Positive,3,0
3879672,Serie A 2015/2016,Chievo,17,-1,1,73,1,0-30,Left Center Forward,FW,0.1826,0.6599,-0.4773,3,110,20,0.04,0.1096,-0.0696,0.4077,Positive,0,0
3879672,Serie A 2015/2016,Chievo,35,-1,1,55,2,31-60,Right Center Back,DF,0.04,0.5227,-0.4827,1,74,28,1.1216,0.3475,0.7741,1.2568,Positive,1,2
3879672,Serie A 2015/2016,AS Roma,68,0,0,22,1,61-75,Right Wing,FW,0.6468,0.2945,0.3523,5,78,17,0.0774,0.081,-0.0036,-0.3559,Negative,2,0
3879672,Serie A 2015/2016,AS Roma,79,1,0,11,2,76-90+,Center Forward,FW,0.1443,0.1089,0.0354,2,76,21,0.0,0.0843,-0.0843,-0.1197,Negative,3,0
3879672,Serie A 2015/2016,Chievo,80,-1,1,10,3,76-90+,Center Attacking Midfield,MF,0.0738,0.1443,-0.0705,1,74,20,0.0843,0.0,0.0843,0.1548,Positive,3,1
3879671,Serie A 2015/2016,Palermo,45,-2,1,45,1,31-60,Left Center Midfield,MF,0.0,0.1891,-0.1891,0,61,63,0.0817,0.0,0.0817,0.2708,Positive,1,1
3879671,Serie A 2015/2016,Fiorentina,59,2,0,31,1,31-60,Center Attacking Midfield,MF,0.0,0.0472,-0.0472,0,106,38,0.0382,0.2541,-0.2159,-0.1687,Negative,1,1
3879671,Serie A 2015/2016,Palermo,60,-2,1,30,2,31-60,Right Center Midfield,MF,0.0817,0.0,0.0817,3,66,46,0.2196,0.0382,0.1814,0.0997,Neutral,1,1
3879671,Serie A 2015/2016,Fiorentina,70,2,0,20,2,61-75,Center Attacking Midfield,MF,0.0382,0.2626,-0.2244,1,95,47,0.0383,0.1999,-0.1616,0.0628,Neutral,2,1
3879671,Serie A 2015/2016,Palermo,74,-2,1,16,3,61-75,Left Attacking Midfield,MF,0.2541,0.0382,0.2159,4,80,42,0.1999,0.0383,0.1616,-0.0543,Neutral,2,1
3879670,Serie A 2015/2016,Hellas Verona,60,-2,0,30,1,31-60,Right Defensive Midfield,MF,0.0,0.0645,-0.0645,0,62,47,0.0,0.0132,-0.0132,0.0513,Neutral,1,1
3879670,Serie A 2015/2016,Hellas Verona,63,-2,0,27,2,61-75,Right Midfield,MF,0.0,0.0645,-0.0645,0,39,38,0.101,0.0132,0.0878,0.1523,Positive,2,1
3879670,Serie A 2015/2016,Juventus,70,2,1,20,1,61-75,Right Center Midfield,MF,0.0425,0.0,0.0425,2,92,35,0.5896,0.1547,0.4349,0.3924,Positive,2,1
3879670,Serie A 2015/2016,Juventus,78,2,1,12,2,76-90+,Left Center Forward,FW,0.0132,0.101,-0.0878,1,105,38,0.6571,0.0957,0.5614,0.6492,Positive,3,0
3879670,Serie A 2015/2016,Hellas Verona,81,-2,0,9,3,76-90+,Left Defensive Midfield,MF,0.101,0.0132,0.0878,2,100,49,0.0957,0.6571,-0.5614,-0.6492,Negative,3,1
3879670,Serie A 2015/2016,Juventus,83,3,1,7,3,76-90+,Right Center Back,DF,0.6028,0.1547,0.4481,2,89,20,0.0676,0.042,0.0256,-0.4225,Negative,3,2
3879669,Serie A 2015/2016,Torino,65,-1,0,25,1,61-75,Left Center Forward,FW,0.0,0.3012,-0.3012,0,52,33,0.0345,0.0324,0.0021,0.3033,Positive,2,0
3879669,Serie A 2015/2016,Napoli,67,1,1,23,1,61-75,Left Wing,FW,0.3012,0.0345,0.2667,2,102,18,0.0324,0.0,0.0324,-0.2343,Negative,2,0
3879669,Serie A 2015/2016,Napoli,72,1,1,18,2,61-75,Right Center Midfield,MF,0.3012,0.0345,0.2667,2,107,20,0.1242,0.0,0.1242,-0.1425,Negative,2,1
3879669,Serie A 2015/2016,Torino,73,-1,0,17,2,61-75,Right Wing Back,FW,0.0345,0.3012,-0.2667,1,65,35,0.0,0.1242,-0.1242,0.1425,Positive,2,0
3879669,Serie A 2015/2016,Torino,80,-1,0,10,3,76-90+,Right Center Midfield,MF,0.0345,0.0324,0.0021,1,68,34,0.0627,0.1242,-0.0615,-0.0636,Neutral,3,1
3879668,Serie A 2015/2016,Empoli,63,-1,1,27,1,61-75,Left Center Forward,FW,0.2557,0.1393,0.1164,5,90,30,0.0347,0.031,0.0037,-0.1127,Negative,2,0
3879668,Serie A 2015/2016,Empoli,63,-1,1,27,2,61-75,Left Center Midfield,MF,0.2557,0.1393,0.1164,5,90,30,0.0347,0.031,0.0037,-0.1127,Negative,2,1
3879668,Serie A 2015/2016,Inter Milan,79,1,0,11,1,76-90+,Right Wing,FW,0.031,0.0347,-0.0037,1,75,32,0.0028,0.0236,-0.0208,-0.0171,Neutral,3,0
3879668,Serie A 2015/2016,Inter Milan,85,1,0,5,2,76-90+,Center Forward,FW,0.0,0.022,-0.022,0,85,25,0.0028,0.0095,-0.0067,0.0153,Neutral,3,0
3879667,Serie A 2015/2016,Sassuolo,59,-2,1,31,1,31-60,Right Center Midfield,MF,0.3079,0.0734,0.2345,5,114,21,0.519,0.0365,0.4825,0.248,Positive,1,1
3879667,Serie A 2015/2016,Frosinone,68,2,0,22,1,61-75,Left Wing,FW,0.0365,0.2886,-0.2521,1,36,31,0.0,0.3232,-0.3232,-0.0711,Neutral,2,0
3879667,Serie A 2015/2016,Sassuolo,70,-2,1,20,2,61-75,Center Forward,FW,0.2886,0.0365,0.2521,6,115,15,0.3617,0.0,0.3617,0.1096,Positive,2,0
3879667,Serie A 2015/2016,Frosinone,75,1,0,15,2,61-75,Right Center Midfield,MF,0.0365,0.4765,-0.44,1,34,28,0.0,0.1923,-0.1923,0.2477,Positive,2,1
3879667,Serie A 2015/2016,Sassuolo,78,-1,1,12,3,76-90+,Left Wing,FW,0.3536,0.0365,0.3171,3,103,17,0.5358,0.0,0.5358,0.2187,Positive,3,0
3879667,Serie A 2015/2016,Frosinone,79,1,0,11,3,76-90+,Center Forward,FW,0.0365,0.3174,-0.2809,1,43,31,0.0189,0.5358,-0.5169,-0.236,Negative,3,0
3879666,Serie A 2015/2016,Sampdoria,35,1,0,55,1,31-60,Right Back,DF,0.0233,0.1218,-0.0985,1,55,22,0.4097,0.0,0.4097,0.5082,Positive,1,2
3879666,Serie A 2015/2016,Genoa,45,-2,1,45,1,31-60,Left Wing,FW,0.0288,0.0725,-0.0437,1,103,15,0.1623,0.3372,-0.1749,-0.1312,Negative,1,0
3879666,Serie A 2015/2016,Genoa,45,-2,1,45,2,31-60,Left Defensive Midfield,MF,0.0288,0.0725,-0.0437,1,103,15,0.1623,0.3372,-0.1749,-0.1312,Negative,1,1
3879666,Serie A 2015/2016,Sampdoria,58,3,0,32,2,31-60,Left Wing,FW,0.3372,0.1376,0.1996,2,106,39,0.0,0.6967,-0.6967,-0.8963,Negative,1,0
3879666,Serie A 2015/2016,Sampdoria,75,2,0,15,3,61-75,Center Forward,FW,0.0,0.672,-0.672,0,66,25,0.0743,1.2897,-1.2154,-0.5434,Negative,2,0
3879666,Serie A 2015/2016,Genoa,80,-2,1,10,3,76-90+,Left Wing,FW,0.7358,0.0567,0.6791,4,121,16,1.2259,0.2235,1.0024,0.3233,Positive,3,0
3879662,Serie A 2015/2016,Chievo,45,-2,0,45,1,31-60,Right Center Forward,FW,0.0,0.0258,-0.0258,0,75,36,0.1006,0.0,0.1006,0.1264,Positive,1,0
3879662,Serie A 2015/2016,Fiorentina,57,2,1,33,1,31-60,Right Attacking Midfield,MF,0.0,0.1006,-0.1006,0,71,26,0.0358,0.0,0.0358,0.1364,Positive,1,1
3879662,Serie A 2015/2016,Chievo,64,-2,0,26,2,61-75,Center Defensive Midfield,MF,0.1006,0.0,0.1006,3,56,28,0.0553,0.059,-0.0037,-0.1043,Negative,2,1
3879662,Serie A 2015/2016,Chievo,73,-2,0,17,3,61-75,Right Center Midfield,MF,0.0,0.0358,-0.0358,0,73,36,0.0553,0.0672,-0.0119,0.0239,Neutral,2,1
3879662,Serie A 2015/2016,Fiorentina,80,2,1,10,2,76-90+,Right Attacking Midfield,MF,0.059,0.0553,0.0037,2,94,36,0.044,0.1086,-0.0646,-0.0683,Neutral,3,1
3879661,Serie A 2015/2016,Atalanta,62,-1,1,28,1,61-75,Right Back,DF,0.1839,1.3409,-1.157,3,82,17,0.0709,0.0343,0.0366,1.1936,Positive,2,2
3879661,Serie A 2015/2016,Napoli,65,1,0,25,1,61-75,Right Center Midfield,MF,1.3752,0.1634,1.2118,6,59,19,0.0,0.0709,-0.0709,-1.2827,Negative,2,1
3879661,Serie A 2015/2016,Napoli,71,1,0,19,2,61-75,Left Wing,FW,0.5182,0.1162,0.402,4,87,24,0.448,0.0057,0.4423,0.0403,Neutral,2,0
3879661,Serie A 2015/2016,Atalanta,77,-1,1,13,2,76-90+,Center Defensive Midfield,MF,0.0709,0.0343,0.0366,2,61,19,0.0843,1.2315,-1.1472,-1.1838,Negative,3,1
3879661,Serie A 2015/2016,Atalanta,77,-1,1,13,3,76-90+,Right Back,DF,0.0709,0.0343,0.0366,2,61,19,0.0843,1.2315,-1.1472,-1.1838,Negative,3,2
3879660,Serie A 2015/2016,Carpi,53,-2,1,37,1,31-60,Left Center Forward,FW,0.0832,0.4547,-0.3715,2,70,29,0.0053,0.0,0.0053,0.3768,Positive,1,0
3879660,Serie A 2015/2016,Juventus,56,2,0,34,1,31-60,Right Center Back,DF,0.2463,0.0832,0.1631,1,115,34,0.0,0.0053,-0.0053,-0.1684,Negative,1,2
3879660,Serie A 2015/2016,Carpi,65,-2,1,25,2,61-75,Right Center Forward,FW,0.0832,0.0,0.0832,2,67,37,0.042,0.0,0.042,-0.0412,Neutral,2,0
3879660,Serie A 2015/2016,Juventus,68,2,0,22,2,61-75,Right Center Forward,FW,0.0,0.0053,-0.0053,0,125,22,0.0,0.0798,-0.0798,-0.0745,Neutral,2,0
3879660,Serie A 2015/2016,Carpi,69,-2,1,21,3,61-75,Right Center Midfield,MF,0.0053,0.0,0.0053,1,42,41,0.0798,0.0,0.0798,0.0745,Neutral,2,1
3879660,Serie A 2015/2016,Juventus,82,2,0,8,3,76-90+,Right Wing Back,FW,0.0,0.0798,-0.0798,0,94,33,0.0,0.2923,-0.2923,-0.2125,Negative,3,0
3879659,Serie A 2015/2016,Inter Milan,57,-1,1,33,1,31-60,Right Wing,FW,0.1472,0.284,-0.1368,2,117,35,0.3733,0.0876,0.2857,0.4225,Positive,1,0
3879659,Serie A 2015/2016,Inter Milan,57,-1,1,33,2,31-60,Center Attacking Midfield,MF,0.1472,0.284,-0.1368,2,117,35,0.3733,0.0876,0.2857,0.4225,Positive,1,1
3879659,Serie A 2015/2016,Lazio,73,0,0,17,1,61-75,Center Forward,FW,0.0876,0.4188,-0.3312,1,41,26,1.3669,0.0,1.3669,1.6981,Positive,2,0
3879659,Serie A 2015/2016,Lazio,82,0,0,8,2,76-90+,Left Midfield,MF,0.0876,0.0455,0.0421,1,50,25,1.3669,0.0463,1.3206,1.2785,Positive,3,1
3879658,Serie A 2015/2016,Torino,56,-1,1,34,1,31-60,Left Wing Back,FW,0.0,0.1345,-0.1345,0,93,21,0.0807,0.2591,-0.1784,-0.0439,Neutral,1,0
3879658,Serie A 2015/2016,Torino,62,-1,1,28,2,61-75,Right Center Midfield,MF,0.0,0.3045,-0.3045,0,70,26,0.1121,0.0891,0.023,0.3275,Positive,2,1
3879658,Serie A 2015/2016,Udinese,65,1,0,25,1,61-75,Right Center Forward,FW,0.3313,0.0807,0.2506,4,63,14,0.0623,0.219,-0.1567,-0.4073,Negative,2,0
3879658,Serie A 2015/2016,Torino,69,-1,1,21,3,61-75,Right Center Back,DF,0.0807,0.1968,-0.1161,1,80,19,0.219,0.0623,0.1567,0.2728,Positive,2,2
3879658,Serie A 2015/2016,Udinese,74,1,0,16,2,61-75,Left Wing Back,FW,0.1317,0.1121,0.0196,3,44,17,0.3377,0.1875,0.1502,0.1306,Positive,2,0
3879657,Serie A 2015/2016,Genoa,45,-1,0,45,1,31-60,Left Wing,FW,0.1027,0.1276,-0.0249,3,64,23,0.0852,0.7167,-0.6315,-0.6066,Negative,1,0
3879657,Serie A 2015/2016,Genoa,56,-1,0,34,2,31-60,Left Back,DF,0.1556,0.8443,-0.6887,4,102,44,0.0,0.2911,-0.2911,0.3976,Positive,1,2
3879657,Serie A 2015/2016,Genoa,63,-1,0,27,3,61-75,Left Defensive Midfield,MF,0.0852,0.5976,-0.5124,2,72,34,0.0,0.2911,-0.2911,0.2213,Positive,2,1
3879657,Serie A 2015/2016,AS Roma,64,1,1,26,1,61-75,Right Center Midfield,MF,0.5976,0.0273,0.5703,1,106,16,0.2911,0.0368,0.2543,-0.316,Negative,2,1
3879657,Serie A 2015/2016,AS Roma,81,1,1,9,2,76-90+,Right Midfield,MF,0.2911,0.0368,0.2543,1,71,12,0.2484,0.1209,0.1275,-0.1268,Negative,3,1
3879656,Serie A 2015/2016,Bologna,55,-1,1,35,1,31-60,Center Defensive Midfield,MF,0.2465,0.8895,-0.643,2,73,28,0.0278,0.1552,-0.1274,0.5156,Positive,1,1
3879656,Serie A 2015/2016,Empoli,67,1,0,23,1,61-75,Left Center Forward,FW,0.1087,0.0,0.1087,2,64,30,0.0765,0.359,-0.2825,-0.3912,Negative,2,0
3879656,Serie A 2015/2016,Bologna,71,-1,1,19,2,61-75,Left Center Midfield,MF,0.0278,0.1552,-0.1274,1,91,14,0.37,0.0299,0.3401,0.4675,Positive,2,1
3879656,Serie A 2015/2016,Empoli,78,1,0,12,2,76-90+,Right Back,DF,0.0765,0.0629,0.0136,2,47,40,0.0184,0.3349,-0.3165,-0.3301,Negative,3,2
3879656,Serie A 2015/2016,Empoli,84,1,0,6,3,76-90+,Right Center Midfield,MF,0.0299,0.3978,-0.3679,1,79,37,0.0184,0.0768,-0.0584,0.3095,Positive,3,1
3879656,Serie A 2015/2016,Bologna,84,-1,1,6,3,76-90+,Left Wing,FW,0.3978,0.0299,0.3679,5,74,24,0.0768,0.0184,0.0584,-0.3095,Negative,3,0
3879655,Serie A 2015/2016,Lazio,45,0,1,45,1,31-60,Right Center Midfield,MF,0.0298,0.0403,-0.0105,1,116,20,0.0161,0.0,0.0161,0.0266,Neutral,1,1
3879655,Serie A 2015/2016,Sampdoria,65,0,0,25,1,61-75,Left Center Midfield,MF,0.0098,0.0515,-0.0417,1,66,12,0.0318,0.2161,-0.1843,-0.1426,Negative,2,1
3879655,Serie A 2015/2016,Lazio,65,0,1,25,2,61-75,Right Center Forward,FW,0.0515,0.0098,0.0417,3,63,29,0.2161,0.0318,0.1843,0.1426,Positive,2,0
3879655,Serie A 2015/2016,Sampdoria,69,0,0,21,2,61-75,Center Forward,FW,0.0098,0.0619,-0.0521,1,57,13,0.0318,0.1895,-0.1577,-0.1056,Negative,2,0
3879655,Serie A 2015/2016,Lazio,81,1,1,9,3,76-90+,Goalkeeper,GK,0.2161,0.0318,0.1843,3,97,16,0.0499,0.3137,-0.2638,-0.4481,Negative,3,3
3879655,Serie A 2015/2016,Sampdoria,83,-1,0,7,3,76-90+,Left Midfield,MF,0.0318,0.2161,-0.1843,1,55,25,0.3137,0.0499,0.2638,0.4481,Positive,3,1
3879654,Serie A 2015/2016,Atalanta,64,0,0,26,1,61-75,Right Wing,FW,0.0,0.0656,-0.0656,0,66,31,0.0,0.9556,-0.9556,-0.89,Negative,2,0
3879654,Serie A 2015/2016,Atalanta,69,0,0,21,2,61-75,Right Midfield,MF,0.0,0.8491,-0.8491,0,42,29,0.0,0.3989,-0.3989,0.4502,Positive,2,1
3879654,Serie A 2015/2016,Chievo,76,1,1,14,1,76-90+,Left Center Forward,FW,0.9637,0.0,0.9637,6,93,13,0.2357,0.0,0.2357,-0.728,Negative,3,0
3879654,Serie A 2015/2016,Atalanta,78,-1,0,12,3,76-90+,Right Midfield,MF,0.0,0.9556,-0.9556,0,34,27,0.0172,0.2357,-0.2185,0.7371,Positive,3,1
3879654,Serie A 2015/2016,Chievo,80,1,1,10,2,76-90+,Right Center Forward,FW,1.1824,0.0,1.1824,6,95,19,0.009,0.0172,-0.0082,-1.1906,Negative,3,0
3879654,Serie A 2015/2016,Chievo,85,1,1,5,3,76-90+,Center Attacking Midfield,MF,0.3989,0.0,0.3989,5,101,21,0.009,0.0172,-0.0082,-0.4071,Negative,3,1
3879652,Serie A 2015/2016,AC Milan,61,0,1,29,1,61-75,Right Center Forward,FW,0.5439,0.862,-0.3181,4,80,22,0.0667,0.0399,0.0268,0.3449,Positive,2,0
3879652,Serie A 2015/2016,AC Milan,77,0,1,13,2,76-90+,Center Defensive Midfield,MF,0.0667,0.0399,0.0268,2,99,27,0.2311,0.0296,0.2015,0.1747,Positive,3,1
3879652,Serie A 2015/2016,Hellas Verona,77,0,0,13,1,76-90+,Left Midfield,MF,0.0399,0.0667,-0.0268,1,65,44,0.0296,0.2311,-0.2015,-0.1747,Negative,3,1
3879652,Serie A 2015/2016,Hellas Verona,78,0,0,12,2,76-90+,Right Midfield,MF,0.0399,0.0667,-0.0268,1,63,40,0.0296,0.2311,-0.2015,-0.1747,Negative,3,1
3879652,Serie A 2015/2016,Hellas Verona,81,0,0,9,3,76-90+,Left Defensive Midfield,MF,0.0399,0.0759,-0.036,1,69,35,0.0296,0.2803,-0.2507,-0.2147,Negative,3,1
3879652,Serie A 2015/2016,AC Milan,81,0,1,9,3,76-90+,Right Wing,FW,0.0759,0.0399,0.036,2,69,26,0.2803,0.0296,0.2507,0.2147,Positive,3,0
3879651,Serie A 2015/2016,Napoli,66,0,1,24,1,61-75,Right Wing,FW,0.2205,0.0081,0.2124,3,84,30,0.0,0.0,0.0,-0.2124,Negative,2,0
3879651,Serie A 2015/2016,AS Roma,75,0,0,15,1,61-75,Left Wing,FW,0.0081,0.0352,-0.0271,1,63,27,0.0,0.3413,-0.3413,-0.3142,Negative,2,0
3879651,Serie A 2015/2016,AS Roma,81,0,0,9,2,76-90+,Right Wing,FW,0.0,0.0,0.0,0,42,19,0.0,0.5732,-0.5732,-0.5732,Negative,3,0
3879650,Serie A 2015/2016,Carpi,51,-2,0,39,1,31-60,Right Midfield,MF,0.0218,0.7302,-0.7084,1,79,40,0.0254,0.1388,-0.1134,0.595,Positive,1,1
3879650,Serie A 2015/2016,Carpi,52,-2,0,38,2,31-60,Left Midfield,MF,0.0218,0.7302,-0.7084,1,77,37,0.0254,0.1388,-0.1134,0.595,Positive,1,1
3879650,Serie A 2015/2016,Empoli,62,3,1,28,1,61-75,Left Center Forward,FW,0.2319,0.0472,0.1847,3,119,27,0.0,0.0838,-0.0838,-0.2685,Negative,2,0
3879650,Serie A 2015/2016,Empoli,69,3,1,21,2,61-75,Right Center Midfield,MF,0.1388,0.0254,0.1134,2,124,26,0.0,0.0838,-0.0838,-0.1972,Negative,2,1
3879650,Serie A 2015/2016,Carpi,72,-3,0,18,3,61-75,Right Center Back,DF,0.0089,0.1388,-0.1299,1,79,45,0.5268,0.0,0.5268,0.6567,Positive,2,2
3879650,Serie A 2015/2016,Empoli,75,3,1,15,3,61-75,Left Center Midfield,MF,0.1106,0.0089,0.1017,1,117,25,0.0,0.5773,-0.5773,-0.679,Negative,2,1
3879649,Serie A 2015/2016,Palermo,45,1,1,45,1,31-60,Center Forward,FW,0.0482,0.0061,0.0421,2,46,16,0.0369,0.3437,-0.3068,-0.3489,Negative,1,0
3879649,Serie A 2015/2016,Frosinone,62,-2,0,28,1,61-75,Right Midfield,MF,0.3437,0.0565,0.2872,3,96,39,0.0813,0.1323,-0.051,-0.3382,Negative,2,1
3879649,Serie A 2015/2016,Frosinone,77,-2,0,13,2,76-90+,Right Defensive Midfield,MF,0.0813,0.1323,-0.051,2,76,30,0.0289,0.574,-0.5451,-0.4941,Negative,3,1
3879649,Serie A 2015/2016,Palermo,80,2,1,10,2,76-90+,Left Attacking Midfield,MF,0.1207,0.0813,0.0394,3,59,37,0.574,0.0289,0.5451,0.5057,Positive,3,1
3879649,Serie A 2015/2016,Frosinone,82,-2,0,8,3,76-90+,Right Back,DF,0.0813,0.0734,0.0079,2,97,23,0.0289,0.574,-0.5451,-0.553,Negative,3,2
3879648,Serie A 2015/2016,Udinese,55,-2,1,35,1,31-60,Left Center Midfield,MF,0.066,0.0,0.066,2,93,33,0.2241,0.1294,0.0947,0.0287,Neutral,1,1
3879648,Serie A 2015/2016,Inter Milan,60,2,0,30,1,31-60,Left Center Forward,FW,0.1294,0.066,0.0634,1,76,37,0.0,0.2241,-0.2241,-0.2875,Negative,1,0
3879648,Serie A 2015/2016,Udinese,69,-2,1,21,2,61-75,Right Center Midfield,MF,0.2627,0.1294,0.1333,2,108,23,0.1358,0.1077,0.0281,-0.1052,Negative,2,1
3879648,Serie A 2015/2016,Udinese,78,-2,1,12,3,76-90+,Right Center Forward,FW,0.3217,0.0397,0.282,2,77,36,0.3528,0.2624,0.0904,-0.1916,Negative,3,0
3879648,Serie A 2015/2016,Inter Milan,81,2,0,9,2,76-90+,Left Wing,FW,0.0645,0.3217,-0.2572,2,85,22,0.2376,0.3528,-0.1152,0.142,Positive,3,0
3879647,Serie A 2015/2016,Bologna,30,0,0,60,1,0-30,Left Wing,FW,0.0652,0.0,0.0652,1,57,17,0.0213,1.3156,-1.2943,-1.3595,Negative,0,0
3879647,Serie A 2015/2016,Bologna,45,0,0,45,2,31-60,Left Center Back,DF,0.0213,1.3156,-1.2943,1,53,41,0.0843,0.556,-0.4717,0.8226,Positive,1,2
3879647,Serie A 2015/2016,Genoa,53,0,1,37,1,31-60,Center Defensive Midfield,MF,0.3151,0.0843,0.2308,3,100,31,0.4977,0.0659,0.4318,0.201,Positive,1,1
3879647,Serie A 2015/2016,Bologna,70,0,0,20,3,61-75,Left Back,DF,0.0659,0.4977,-0.4318,2,57,32,0.0,0.0723,-0.0723,0.3595,Positive,2,2
3879647,Serie A 2015/2016,Genoa,70,0,1,20,2,61-75,Left Center Forward,FW,0.4977,0.0659,0.4318,5,76,23,0.0723,0.0,0.0723,-0.3595,Negative,2,0
3879647,Serie A 2015/2016,Genoa,82,0,1,8,3,76-90+,Center Forward,FW,0.0723,0.0,0.0723,2,60,21,0.0346,0.4215,-0.3869,-0.4592,Negative,3,0
3879646,Serie A 2015/2016,Udinese,57,-1,0,33,1,31-60,Left Center Midfield,MF,0.0745,0.0572,0.0173,2,100,47,0.3869,0.8295,-0.4426,-0.4599,Negative,1,1
3879646,Serie A 2015/2016,Udinese,57,-1,0,33,2,31-60,Right Center Forward,FW,0.0745,0.0572,0.0173,2,100,47,0.3869,0.8295,-0.4426,-0.4599,Negative,1,0
3879646,Serie A 2015/2016,Fiorentina,72,2,1,18,1,61-75,Right Attacking Midfield,MF,0.8295,0.3869,0.4426,2,64,26,0.2428,0.0,0.2428,-0.1998,Negative,2,1
3879646,Serie A 2015/2016,Udinese,74,-2,0,16,3,61-75,Left Center Back,DF,0.3869,0.7835,-0.3966,2,78,19,0.0,0.2428,-0.2428,0.1538,Positive,2,2
3879646,Serie A 2015/2016,Fiorentina,80,2,1,10,2,76-90+,Center Attacking Midfield,MF,0.022,0.0522,-0.0302,1,82,29,0.2784,0.0057,0.2727,0.3029,Positive,3,1
3879644,Serie A 2015/2016,Palermo,52,-2,0,38,1,31-60,Right Back,DF,0.0913,0.1905,-0.0992,3,82,44,0.275,0.0809,0.1941,0.2933,Positive,1,2
3879644,Serie A 2015/2016,Palermo,55,-2,0,35,2,31-60,Right Wing,FW,0.0683,0.1905,-0.1222,2,82,38,0.275,0.0809,0.1941,0.3163,Positive,1,0
3879644,Serie A 2015/2016,Palermo,64,-2,0,26,3,61-75,Right Center Midfield,MF,0.2675,0.0809,0.1866,4,88,29,0.0348,0.1434,-0.1086,-0.2952,Negative,2,1
3879644,Serie A 2015/2016,Atalanta,71,2,1,19,1,61-75,Left Wing,FW,0.0809,0.275,-0.1941,2,83,40,0.1434,0.1614,-0.018,0.1761,Positive,2,0
3879644,Serie A 2015/2016,Atalanta,75,2,1,15,2,61-75,Left Center Midfield,MF,0.1324,0.1239,0.0085,3,81,28,0.0919,0.3452,-0.2533,-0.2618,Negative,2,1
3879644,Serie A 2015/2016,Atalanta,82,3,1,8,3,76-90+,Left Midfield,MF,0.1434,0.0,0.1434,2,55,31,0.0616,0.4536,-0.392,-0.5354,Negative,3,1
3879643,Serie A 2015/2016,Sampdoria,55,-3,1,35,1,31-60,Right Defensive Midfield,MF,0.0684,0.177,-0.1086,2,103,33,0.0626,0.0762,-0.0136,0.095,Neutral,1,1
3879643,Serie A 2015/2016,Sampdoria,59,-3,1,31,2,31-60,Right Wing Back,FW,0.0684,0.2532,-0.1848,2,93,40,0.0626,0.0,0.0626,0.2474,Positive,1,0
3879643,Serie A 2015/2016,Sassuolo,67,3,0,23,1,61-75,Left Back,DF,0.1448,0.0,0.1448,2,56,18,0.2176,0.0626,0.155,0.0102,Neutral,2,2
3879643,Serie A 2015/2016,Sassuolo,70,3,0,20,2,61-75,Right Midfield,MF,0.0762,0.0626,0.0136,1,47,24,0.2176,0.0,0.2176,0.204,Positive,2,1
3879643,Serie A 2015/2016,Sassuolo,75,3,0,15,3,61-75,Center Forward,FW,0.1675,0.0626,0.1049,1,44,23,0.0501,0.0183,0.0318,-0.0731,Neutral,2,0
3879643,Serie A 2015/2016,Sampdoria,80,-3,1,10,3,76-90+,Left Wing Back,FW,0.0626,0.2176,-0.155,1,86,27,0.0183,0.0,0.0183,0.1733,Positive,3,0
3879642,Serie A 2015/2016,Carpi,52,0,1,38,1,31-60,Left Midfield,MF,0.0,0.1529,-0.1529,0,49,50,0.0823,0.1176,-0.0353,0.1176,Positive,1,1
3879642,Serie A 2015/2016,AC Milan,67,0,0,23,1,61-75,Right Midfield,MF,0.1176,0.0823,0.0353,2,92,28,0.1046,0.0986,0.006,-0.0293,Neutral,2,1
3879642,Serie A 2015/2016,Carpi,71,0,1,19,2,61-75,Center Attacking Midfield,MF,0.0823,0.1256,-0.0433,3,39,29,0.0986,0.635,-0.5364,-0.4931,Negative,2,1
3879641,Serie A 2015/2016,Empoli,52,0,0,38,1,31-60,Center Attacking Midfield,MF,0.0587,0.4596,-0.4009,1,71,34,0.4346,0.1414,0.2932,0.6941,Positive,1,1
3879641,Serie A 2015/2016,Hellas Verona,56,0,1,34,1,31-60,Right Midfield,MF,0.4409,0.0587,0.3822,6,81,27,0.2849,0.4593,-0.1744,-0.5566,Negative,1,1
3879641,Serie A 2015/2016,Hellas Verona,66,-1,1,24,2,61-75,Right Back,DF,0.1414,0.4346,-0.2932,2,68,20,0.1435,0.0247,0.1188,0.412,Positive,2,2
3879641,Serie A 2015/2016,Empoli,72,1,0,18,2,61-75,Center Defensive Midfield,MF,0.4593,0.2849,0.1744,4,61,20,0.0,0.0507,-0.0507,-0.2251,Negative,2,1
3879641,Serie A 2015/2016,Hellas Verona,77,-1,1,13,3,76-90+,Right Defensive Midfield,MF,0.2539,0.1058,0.1481,4,82,29,0.105,0.0,0.105,-0.0431,Neutral,3,1
3879641,Serie A 2015/2016,Empoli,84,1,0,6,3,76-90+,Right Center Forward,FW,0.0,0.1381,-0.1381,0,66,49,0.0,0.0543,-0.0543,0.0838,Neutral,3,0
3879640,Serie A 2015/2016,Chievo,56,0,0,34,1,31-60,Left Center Forward,FW,0.0216,0.3584,-0.3368,1,67,33,0.0189,0.0,0.0189,0.3557,Positive,1,0
3879640,Serie A 2015/2016,Frosinone,65,0,1,25,1,61-75,Left Midfield,MF,0.0606,0.0068,0.0538,1,56,40,0.0452,0.0415,0.0037,-0.0501,Neutral,2,1
3879640,Serie A 2015/2016,Chievo,67,0,0,23,2,61-75,Center Attacking Midfield,MF,0.0068,0.0606,-0.0538,1,99,19,0.0806,0.0452,0.0354,0.0892,Neutral,2,1
3879640,Serie A 2015/2016,Frosinone,74,0,1,16,2,61-75,Right Defensive Midfield,MF,0.0,0.0483,-0.0483,0,36,35,0.0879,0.8226,-0.7347,-0.6864,Negative,2,1
3879640,Serie A 2015/2016,Chievo,79,0,0,11,3,76-90+,Center Defensive Midfield,MF,0.0415,0.0452,-0.0037,2,66,25,0.9435,0.0765,0.867,0.8707,Positive,3,1
3879639,Serie A 2015/2016,AS Roma,25,0,0,65,1,0-30,Right Wing,FW,0.0,0.0,0.0,0,140,9,0.0,0.0355,-0.0355,-0.0355,Neutral,0,0
3879639,Serie A 2015/2016,Torino,65,0,1,25,1,61-75,Right Center Forward,FW,0.0898,0.0,0.0898,3,72,22,0.0,0.2556,-0.2556,-0.3454,Negative,2,0
3879639,Serie A 2015/2016,Torino,68,0,1,22,2,61-75,Left Center Midfield,MF,0.0464,0.0,0.0464,2,81,21,0.0,0.2632,-0.2632,-0.3096,Negative,2,1
3879639,Serie A 2015/2016,AS Roma,70,0,0,20,2,61-75,Left Center Midfield,MF,0.0,0.0464,-0.0464,0,77,22,0.2632,0.0,0.2632,0.3096,Positive,2,1
3879639,Serie A 2015/2016,AS Roma,84,1,0,6,3,76-90+,Right Wing,FW,0.2632,0.0,0.2632,3,97,11,0.1592,0.8496,-0.6904,-0.9536,Negative,3,0
3879639,Serie A 2015/2016,Torino,85,-1,1,5,3,76-90+,Left Wing Back,FW,0.0,0.2632,-0.2632,0,43,20,0.8496,0.1592,0.6904,0.9536,Positive,3,0
3879638,Serie A 2015/2016,Inter Milan,45,0,1,45,1,31-60,Left Defensive Midfield,MF,0.2127,0.0,0.2127,3,116,27,0.2625,0.0878,0.1747,-0.038,Neutral,1,1
3879638,Serie A 2015/2016,Genoa,59,-1,0,31,1,31-60,Right Wing,FW,0.0878,0.2625,-0.1747,3,62,49,0.0,0.0,0.0,0.1747,Positive,1,0
3879638,Serie A 2015/2016,Inter Milan,73,1,1,17,2,61-75,Left Center Forward,FW,0.0083,0.0,0.0083,1,72,31,0.0812,0.0228,0.0584,0.0501,Neutral,2,0
3879638,Serie A 2015/2016,Genoa,74,-1,0,16,2,61-75,Right Wing Back,FW,0.0,0.0,0.0,0,67,28,0.0228,0.0812,-0.0584,-0.0584,Neutral,2,0
3879638,Serie A 2015/2016,Genoa,80,-1,0,10,3,76-90+,Right Back,DF,0.0228,0.0812,-0.0584,1,70,32,0.0,0.0,0.0,0.0584,Neutral,3,2
3879637,Serie A 2015/2016,Lazio,45,-1,1,45,1,31-60,Left Wing,FW,0.0303,0.0217,0.0086,2,89,36,0.0,0.0739,-0.0739,-0.0825,Neutral,1,0
3879637,Serie A 2015/2016,Lazio,45,-1,1,45,2,31-60,Right Wing,FW,0.0303,0.0217,0.0086,2,89,36,0.0,0.0739,-0.0739,-0.0825,Neutral,1,0
3879637,Serie A 2015/2016,Juventus,68,1,0,22,1,61-75,Left Center Midfield,MF,0.0739,0.0361,0.0378,1,59,23,0.0225,0.1556,-0.1331,-0.1709,Negative,2,1
3879637,Serie A 2015/2016,Lazio,68,-1,1,22,3,61-75,Center Attacking Midfield,MF,0.0361,0.0739,-0.0378,1,108,41,0.1556,0.0225,0.1331,0.1709,Positive,2,1
3879637,Serie A 2015/2016,Juventus,79,1,0,11,2,76-90+,Left Center Forward,FW,0.0,0.1556,-0.1556,0,56,34,0.0427,0.0388,0.0039,0.1595,Positive,3,0
3879637,Serie A 2015/2016,Juventus,81,1,0,9,3,76-90+,Right Center Forward,FW,0.0,0.1556,-0.1556,0,56,33,0.0427,0.0388,0.0039,0.1595,Positive,3,0
3879635,Serie A 2015/2016,Inter Milan,45,-1,0,45,1,31-60,Center Forward,FW,0.2195,0.129,0.0905,2,61,35,0.0894,0.1239,-0.0345,-0.125,Negative,1,0
3879635,Serie A 2015/2016,Inter Milan,60,-1,0,30,2,31-60,Left Defensive Midfield,MF,0.0894,0.1239,-0.0345,2,72,47,0.1692,0.3004,-0.1312,-0.0967,Neutral,1,1
3879635,Serie A 2015/2016,Napoli,69,1,1,21,1,61-75,Left Wing,FW,0.4175,0.1859,0.2316,5,104,28,0.0,0.0413,-0.0413,-0.2729,Negative,2,0
3879635,Serie A 2015/2016,Napoli,78,1,1,12,2,76-90+,Left Center Midfield,MF,0.0386,0.2105,-0.1719,1,129,30,0.1297,0.0174,0.1123,0.2842,Positive,3,1
3879635,Serie A 2015/2016,Inter Milan,82,-1,0,8,3,76-90+,Left Midfield,MF,0.0413,0.0386,0.0027,1,77,32,0.2003,0.1297,0.0706,0.0679,Neutral,3,1
3879634,Serie A 2015/2016,Genoa,42,1,1,48,1,31-60,Right Back,DF,0.1834,0.3554,-0.172,2,46,25,0.065,0.1111,-0.0461,0.1259,Positive,1,2
3879634,Serie A 2015/2016,Carpi,50,-1,0,40,1,31-60,Left Center Forward,FW,0.3692,0.1198,0.2494,3,78,40,0.2067,0.0743,0.1324,-0.117,Negative,1,0
3879634,Serie A 2015/2016,Carpi,53,-1,0,37,2,31-60,Left Midfield,MF,0.3692,0.1198,0.2494,3,76,42,0.2067,0.0743,0.1324,-0.117,Negative,1,1
3879634,Serie A 2015/2016,Genoa,60,0,1,30,2,31-60,Left Defensive Midfield,MF,0.0136,0.1483,-0.1347,1,84,29,0.0933,0.107,-0.0137,0.121,Positive,1,1
3879634,Serie A 2015/2016,Genoa,69,0,1,21,3,61-75,Right Center Back,DF,0.0743,0.2067,-0.1324,1,76,24,0.1802,0.3303,-0.1501,-0.0177,Neutral,2,2
3879634,Serie A 2015/2016,Carpi,74,0,0,16,3,61-75,Right Center Forward,FW,0.1441,0.0933,0.0508,3,79,26,0.5014,0.1612,0.3402,0.2894,Positive,2,0
3879633,Serie A 2015/2016,Empoli,53,1,1,37,1,31-60,Center Attacking Midfield,MF,0.1796,0.2356,-0.056,2,101,39,0.0,0.1516,-0.1516,-0.0956,Neutral,1,1
3879633,Serie A 2015/2016,Lazio,56,-1,0,34,1,31-60,Left Back,DF,0.1306,0.1796,-0.049,4,101,32,0.1568,0.0,0.1568,0.2058,Positive,1,2
3879633,Serie A 2015/2016,Lazio,56,-1,0,34,2,31-60,Center Attacking Midfield,MF,0.1306,0.1796,-0.049,4,101,32,0.1568,0.0,0.1568,0.2058,Positive,1,1
3879633,Serie A 2015/2016,Empoli,63,1,1,27,2,61-75,Left Center Forward,FW,0.098,0.2245,-0.1265,1,55,38,0.0,0.2305,-0.2305,-0.104,Negative,2,0
3879633,Serie A 2015/2016,Empoli,68,1,1,22,3,61-75,Left Center Forward,FW,0.0,0.1516,-0.1516,0,37,35,0.0,0.2305,-0.2305,-0.0789,Neutral,2,0
3879633,Serie A 2015/2016,Lazio,73,-1,0,17,3,61-75,Left Center Forward,FW,0.3576,0.0,0.3576,4,124,13,0.0,0.0,0.0,-0.3576,Negative,2,0
3879631,Serie A 2015/2016,Chievo,60,0,1,30,1,31-60,Left Center Forward,FW,0.0,0.5736,-0.5736,0,94,19,0.0855,0.0669,0.0186,0.5922,Positive,1,0
3879631,Serie A 2015/2016,Udinese,63,0,0,27,1,61-75,Left Center Midfield,MF,0.0524,0.057,-0.0046,2,42,34,0.093,0.0858,0.0072,0.0118,Neutral,2,1
3879631,Serie A 2015/2016,Chievo,66,0,1,24,2,61-75,Right Center Forward,FW,0.057,0.0459,0.0111,1,79,31,0.1868,0.59,-0.4032,-0.4143,Negative,2,0
3879631,Serie A 2015/2016,Chievo,70,0,1,20,3,61-75,Center Attacking Midfield,MF,0.057,0.0988,-0.0418,1,67,41,0.3497,0.5371,-0.1874,-0.1456,Negative,2,1
3879631,Serie A 2015/2016,Udinese,72,-1,0,18,2,61-75,Left Center Forward,FW,0.1128,0.0855,0.0273,3,80,32,0.5231,0.3212,0.2019,0.1746,Positive,2,0
3879631,Serie A 2015/2016,Udinese,78,-1,0,12,3,76-90+,Left Wing Back,FW,0.093,0.0858,0.0072,3,98,27,0.497,0.2639,0.2331,0.2259,Positive,3,0
3879630,Serie A 2015/2016,Palermo,59,-1,1,31,1,31-60,Right Center Midfield,MF,0.0593,0.6195,-0.5602,2,83,23,0.222,0.0367,0.1853,0.7455,Positive,1,1
3879630,Serie A 2015/2016,Juventus,66,1,0,24,1,61-75,Right Center Forward,FW,0.2947,0.1819,0.1128,3,93,24,0.017,0.0994,-0.0824,-0.1952,Negative,2,0
3879630,Serie A 2015/2016,Palermo,66,-1,1,24,2,61-75,Left Center Forward,FW,0.1819,0.2947,-0.1128,4,64,18,0.0994,0.017,0.0824,0.1952,Positive,2,0
3879630,Serie A 2015/2016,Juventus,67,1,0,23,2,61-75,Right Wing Back,FW,0.2947,0.1461,0.1486,3,86,26,0.017,0.0994,-0.0824,-0.231,Negative,2,0
3879630,Serie A 2015/2016,Palermo,73,-1,1,17,3,61-75,Right Back,DF,0.2455,0.0367,0.2088,5,104,17,0.0,0.0,0.0,-0.2088,Negative,2,2
3879630,Serie A 2015/2016,Juventus,83,1,0,7,3,76-90+,Left Center Forward,FW,0.017,0.0994,-0.0824,1,106,19,0.3532,0.0,0.3532,0.4356,Positive,3,0
3879629,Serie A 2015/2016,Hellas Verona,20,0,0,70,1,0-30,Right Wing,FW,0.0461,0.2197,-0.1736,1,40,28,0.2849,1.1403,-0.8554,-0.6818,Negative,0,0
3879629,Serie A 2015/2016,Hellas Verona,45,-2,0,45,2,31-60,Center Attacking Midfield,MF,0.0269,0.4695,-0.4426,2,62,14,0.0505,0.3927,-0.3422,0.1004,Positive,1,1
3879629,Serie A 2015/2016,Hellas Verona,55,-3,0,35,3,31-60,Right Center Midfield,MF,0.071,0.3927,-0.3217,3,56,25,0.19,0.1133,0.0767,0.3984,Positive,1,1
3879629,Serie A 2015/2016,Frosinone,61,3,1,29,1,61-75,Left Center Back,DF,0.506,0.0163,0.4897,3,94,20,0.0,0.3179,-0.3179,-0.8076,Negative,2,2
3879629,Serie A 2015/2016,Frosinone,64,3,1,26,2,61-75,Left Center Forward,FW,0.1133,0.0163,0.097,1,107,22,0.0,0.3179,-0.3179,-0.4149,Negative,2,0
3879629,Serie A 2015/2016,Frosinone,72,2,1,18,3,61-75,Left Midfield,MF,0.1133,0.2469,-0.1336,1,78,29,0.108,0.0914,0.0166,0.1502,Positive,2,1
3879619,Serie A 2015/2016,Genoa,57,1,1,33,1,31-60,Right Back,DF,0.1448,0.0536,0.0912,3,75,28,0.073,0.0,0.073,-0.0182,Neutral,1,2
3879619,Serie A 2015/2016,Sassuolo,61,-1,0,29,1,61-75,Left Defensive Midfield,MF,0.0,0.1832,-0.1832,0,102,23,0.0486,0.0263,0.0223,0.2055,Positive,2,1
3879619,Serie A 2015/2016,Genoa,67,1,1,23,2,61-75,Right Midfield,MF,0.1525,0.0,0.1525,2,70,30,0.2764,0.0486,0.2278,0.0753,Neutral,2,1
3879619,Serie A 2015/2016,Sassuolo,71,-1,0,19,2,61-75,Right Midfield,MF,0.0,0.1525,-0.1525,0,95,25,0.0486,0.303,-0.2544,-0.1019,Negative,2,1
3879619,Serie A 2015/2016,Genoa,78,1,1,12,3,76-90+,Right Back,DF,0.0263,0.0486,-0.0223,1,59,38,0.2767,0.4757,-0.199,-0.1767,Negative,3,2
3879619,Serie A 2015/2016,Sassuolo,78,-1,0,12,3,76-90+,Left Midfield,MF,0.0486,0.0263,0.0223,1,85,20,0.4757,0.2767,0.199,0.1767,Positive,3,1
3879618,Serie A 2015/2016,Juventus,27,0,1,63,1,0-30,Left Back,DF,0.1005,0.1805,-0.08,2,97,27,0.0823,0.0,0.0823,0.1623,Positive,0,2
3879618,Serie A 2015/2016,Juventus,45,0,1,45,2,31-60,Center Attacking Midfield,MF,0.0823,0.0,0.0823,3,100,22,0.0866,0.2614,-0.1748,-0.2571,Negative,1,1
3879618,Serie A 2015/2016,AC Milan,73,-1,0,17,1,61-75,Right Center Midfield,MF,0.049,0.2983,-0.2493,1,79,28,0.0,0.0968,-0.0968,0.1525,Positive,2,1
3879618,Serie A 2015/2016,Juventus,80,1,1,10,3,76-90+,Left Center Forward,FW,0.2012,0.049,0.1522,4,65,43,0.3923,0.0076,0.3847,0.2325,Positive,3,0
3879618,Serie A 2015/2016,AC Milan,83,-1,0,7,2,76-90+,Left Wing,FW,0.049,0.164,-0.115,1,104,22,0.0076,0.3923,-0.3847,-0.2697,Negative,3,0
3879617,Serie A 2015/2016,AS Roma,62,0,0,28,1,61-75,Right Back,DF,1.0716,0.0912,0.9804,4,63,35,1.1061,0.0,1.1061,0.1257,Positive,2,2
3879617,Serie A 2015/2016,AS Roma,62,0,0,28,2,61-75,Center Defensive Midfield,MF,1.0716,0.0912,0.9804,4,63,35,1.1061,0.0,1.1061,0.1257,Positive,2,1
3879617,Serie A 2015/2016,Bologna,69,0,1,21,1,61-75,Right Center Midfield,MF,0.0,0.4067,-0.4067,0,68,39,0.0,0.7835,-0.7835,-0.3768,Negative,2,1
3879617,Serie A 2015/2016,Bologna,74,-1,1,16,2,61-75,Right Wing,FW,0.0,1.1061,-1.1061,0,56,41,0.7835,0.0,0.7835,1.8896,Positive,2,0
3879617,Serie A 2015/2016,Bologna,78,-1,1,12,3,76-90+,Left Center Back,DF,0.0,1.1061,-1.1061,0,42,35,0.8405,0.0314,0.8091,1.9152,Positive,3,2
3879616,Serie A 2015/2016,Sampdoria,45,-1,1,45,1,31-60,Left Back,DF,0.0233,0.1215,-0.0982,1,92,36,0.0,1.0776,-1.0776,-0.9794,Negative,1,2
3879616,Serie A 2015/2016,Sampdoria,64,-2,1,26,2,61-75,Right Center Midfield,MF,0.0,0.9168,-0.9168,0,99,24,0.2564,0.1138,0.1426,1.0594,Positive,2,1
3879616,Serie A 2015/2016,Fiorentina,65,2,0,25,1,61-75,Left Wing Back,FW,0.9168,0.0,0.9168,4,97,26,0.1138,0.2564,-0.1426,-1.0594,Negative,2,0
3879616,Serie A 2015/2016,Fiorentina,73,2,0,17,2,61-75,Right Defensive Midfield,MF,0.1138,0.0,0.1138,2,89,37,0.0,0.2564,-0.2564,-0.3702,Negative,2,1
3879616,Serie A 2015/2016,Sampdoria,79,-2,1,11,3,76-90+,Left Center Midfield,MF,0.2564,0.1138,0.1426,1,72,25,0.0,0.1688,-0.1688,-0.3114,Negative,3,1
3879616,Serie A 2015/2016,Fiorentina,80,2,0,10,3,76-90+,Right Attacking Midfield,MF,0.1138,0.2564,-0.1426,2,120,34,0.1688,0.0,0.1688,0.3114,Positive,3,1
3879615,Serie A 2015/2016,Carpi,59,-1,0,31,1,31-60,Right Defensive Midfield,MF,0.0103,0.0671,-0.0568,1,70,54,0.0,0.1027,-0.1027,-0.0459,Neutral,1,1
3879615,Serie A 2015/2016,Sassuolo,63,1,1,27,1,61-75,Right Center Midfield,MF,0.1027,0.0103,0.0924,3,87,39,0.0294,0.0,0.0294,-0.063,Neutral,2,1
3879615,Serie A 2015/2016,Carpi,65,-1,0,25,2,61-75,Center Attacking Midfield,MF,0.0103,0.1027,-0.0924,1,71,49,0.0092,0.0294,-0.0202,0.0722,Neutral,2,1
3879615,Serie A 2015/2016,Sassuolo,66,1,1,24,2,61-75,Center Forward,FW,0.1027,0.0103,0.0924,3,89,33,0.0294,0.0092,0.0202,-0.0722,Neutral,2,0
3879615,Serie A 2015/2016,Sassuolo,68,1,1,22,3,61-75,Right Back,DF,0.1027,0.0103,0.0924,3,79,29,0.0294,0.0092,0.0202,-0.0722,Neutral,2,2
3879615,Serie A 2015/2016,Carpi,76,-1,0,14,3,76-90+,Right Back,DF,0.0,0.1159,-0.1159,0,77,43,0.0685,0.2488,-0.1803,-0.0644,Neutral,3,2
3879614,Serie A 2015/2016,Torino,62,-1,1,28,1,61-75,Left Center Forward,FW,1.15,0.0126,1.1374,5,87,23,0.0437,0.0664,-0.0227,-1.1601,Negative,2,0
3879614,Serie A 2015/2016,Inter Milan,66,1,0,24,1,61-75,Left Center Forward,FW,0.0664,0.0282,0.0382,1,91,43,0.0995,0.1068,-0.0073,-0.0455,Neutral,2,0
3879614,Serie A 2015/2016,Inter Milan,75,1,0,15,2,61-75,Right Center Forward,FW,0.0664,0.0437,0.0227,1,49,34,0.0995,0.1387,-0.0392,-0.0619,Neutral,2,0
3879614,Serie A 2015/2016,Torino,77,-1,1,13,2,76-90+,Right Wing Back,FW,0.0437,0.0664,-0.0227,2,83,14,0.1387,0.0995,0.0392,0.0619,Neutral,3,0
3879614,Serie A 2015/2016,Torino,81,-1,1,9,3,76-90+,Left Center Midfield,MF,0.1068,0.0995,0.0073,3,97,15,0.0474,0.0,0.0474,0.0401,Neutral,3,1
3879613,Serie A 2015/2016,Empoli,57,-1,1,33,1,31-60,Center Defensive Midfield,MF,0.1555,0.0115,0.144,3,95,26,0.0541,0.0087,0.0454,-0.0986,Neutral,1,1
3879613,Serie A 2015/2016,Empoli,67,-1,1,23,2,61-75,Center Defensive Midfield,MF,0.0541,0.0115,0.0426,1,56,32,0.0,0.0229,-0.0229,-0.0655,Neutral,2,1
3879613,Serie A 2015/2016,Juventus,67,1,0,23,1,61-75,Right Wing,FW,0.0115,0.0541,-0.0426,1,81,14,0.0229,0.0,0.0229,0.0655,Neutral,2,0
3879613,Serie A 2015/2016,Juventus,67,1,0,23,2,61-75,Left Wing,FW,0.0115,0.0541,-0.0426,1,81,14,0.0229,0.0,0.0229,0.0655,Neutral,2,0
3879613,Serie A 2015/2016,Empoli,85,-2,1,5,3,76-90+,Left Center Midfield,MF,0.0,1.1882,-1.1882,0,86,19,0.0262,0.1583,-0.1321,1.0561,Positive,3,1
3879613,Serie A 2015/2016,Juventus,85,2,0,5,3,76-90+,Right Wing Back,FW,1.1882,0.0,1.1882,5,87,18,0.1583,0.0262,0.1321,-1.0561,Negative,3,0
3879612,Serie A 2015/2016,Frosinone,9,-1,1,81,1,0-30,Right Defensive Midfield,MF,0.0168,0.3917,-0.3749,1,23,20,0.1986,0.1,0.0986,0.4735,Positive,0,1
3879612,Serie A 2015/2016,Genoa,60,-1,0,30,1,31-60,Left Defensive Midfield,MF,0.0202,0.0,0.0202,1,94,41,0.8907,0.0782,0.8125,0.7923,Positive,1,1
3879612,Serie A 2015/2016,Genoa,78,0,0,12,2,76-90+,Right Midfield,MF,0.9006,0.0517,0.8489,4,48,23,0.0,0.0997,-0.0997,-0.9486,Negative,3,1
3879612,Serie A 2015/2016,Genoa,83,0,0,7,3,76-90+,Left Midfield,MF,0.9006,0.0106,0.89,4,40,24,0.0,0.0997,-0.0997,-0.9897,Negative,3,1
3879611,Serie A 2015/2016,Palermo,34,0,1,56,1,31-60,Left Back,DF,0.0713,0.24,-0.1687,3,77,35,0.107,0.0282,0.0788,0.2475,Positive,1,2
3879611,Serie A 2015/2016,Chievo,45,0,0,45,1,31-60,Right Center Back,DF,0.0414,0.0387,0.0027,2,45,26,0.3812,0.206,0.1752,0.1725,Positive,1,2
3879611,Serie A 2015/2016,Palermo,58,0,1,32,2,31-60,Right Back,DF,0.1957,0.4094,-0.2137,3,102,26,0.5771,0.0832,0.4939,0.7076,Positive,1,2
3879611,Serie A 2015/2016,Chievo,71,-1,0,19,2,61-75,Left Center Forward,FW,0.3812,0.5771,-0.1959,1,56,26,0.2289,0.0826,0.1463,0.3422,Positive,2,0
3879611,Serie A 2015/2016,Chievo,74,-1,0,16,3,61-75,Center Attacking Midfield,MF,0.0832,0.5668,-0.4836,1,62,24,0.1458,0.1102,0.0356,0.5192,Positive,2,1
3879611,Serie A 2015/2016,Palermo,80,1,1,10,3,76-90+,Left Attacking Midfield,MF,0.4501,0.2289,0.2212,1,66,20,0.1102,0.0401,0.0701,-0.1511,Negative,3,1
3879610,Serie A 2015/2016,AS Roma,57,1,1,33,1,31-60,Right Wing,FW,0.0075,0.0377,-0.0302,1,61,19,0.341,0.087,0.254,0.2842,Positive,1,0
3879610,Serie A 2015/2016,Lazio,63,-2,0,27,1,61-75,Center Forward,FW,0.0,0.3485,-0.3485,0,75,15,0.087,0.0138,0.0732,0.4217,Positive,2,0
3879610,Serie A 2015/2016,Lazio,66,-2,0,24,2,61-75,Left Back,DF,0.0,0.3485,-0.3485,0,67,18,0.087,0.2184,-0.1314,0.2171,Positive,2,2
3879610,Serie A 2015/2016,AS Roma,72,2,1,18,2,61-75,Left Defensive Midfield,MF,0.341,0.087,0.254,2,25,26,0.2184,0.0785,0.1399,-0.1141,Negative,2,1
3879610,Serie A 2015/2016,AS Roma,80,2,1,10,3,76-90+,Left Wing,FW,0.2184,0.087,0.1314,2,44,31,0.0,0.6712,-0.6712,-0.8026,Negative,3,0
3879610,Serie A 2015/2016,Lazio,81,-2,0,9,3,76-90+,Right Wing,FW,0.087,0.2184,-0.1314,1,76,18,0.6712,0.0,0.6712,0.8026,Positive,3,0
3879607,Serie A 2015/2016,Atalanta,18,0,0,72,1,0-30,Left Back,DF,0.0206,0.034,-0.0134,1,73,55,0.0079,0.1251,-0.1172,-0.1038,Negative,0,2
3879607,Serie A 2015/2016,AC Milan,45,0,1,45,1,31-60,Right Back,DF,0.0283,0.0513,-0.023,2,43,38,0.0451,0.1343,-0.0892,-0.0662,Neutral,1,2
3879607,Serie A 2015/2016,AC Milan,63,0,1,27,2,61-75,Right Center Midfield,MF,0.0451,0.774,-0.7289,1,50,27,0.0,0.4073,-0.4073,0.3216,Positive,2,1
3879607,Serie A 2015/2016,Atalanta,70,0,0,20,2,61-75,Right Center Midfield,MF,0.9816,0.0,0.9816,7,83,35,0.1287,0.1194,0.0093,-0.9723,Negative,2,1
3879607,Serie A 2015/2016,AC Milan,72,0,1,18,3,61-75,Left Midfield,MF,0.0,1.0518,-1.0518,0,60,27,0.1194,0.0584,0.061,1.1128,Positive,2,1
3879606,Serie A 2015/2016,Sampdoria,45,0,0,45,1,31-60,Right Wing,FW,0.0446,0.3334,-0.2888,2,74,20,0.0576,0.1094,-0.0518,0.237,Positive,1,0
3879606,Serie A 2015/2016,Chievo,62,0,1,28,1,61-75,Right Center Forward,FW,0.1697,0.0576,0.1121,3,64,19,0.314,0.3971,-0.0831,-0.1952,Negative,2,0
3879606,Serie A 2015/2016,Sampdoria,75,0,0,15,2,61-75,Center Forward,FW,0.3971,0.3744,0.0227,2,86,17,0.0752,0.0419,0.0333,0.0106,Neutral,2,0
3879606,Serie A 2015/2016,Chievo,76,0,1,14,2,76-90+,Center Attacking Midfield,MF,0.3744,0.3971,-0.0227,4,86,24,0.1238,0.0752,0.0486,0.0713,Neutral,3,1
3879606,Serie A 2015/2016,Sampdoria,81,0,0,9,3,76-90+,Center Forward,FW,0.4723,0.2062,0.2661,3,87,17,0.0,0.1238,-0.1238,-0.3899,Negative,3,0
3879606,Serie A 2015/2016,Chievo,82,0,1,8,3,76-90+,Left Center Forward,FW,0.2062,0.4723,-0.2661,2,81,25,0.1238,0.0,0.1238,0.3899,Positive,3,0
3879605,Serie A 2015/2016,Palermo,55,-1,1,35,1,31-60,Right Center Back,DF,0.0544,0.0879,-0.0335,1,74,23,0.0,0.097,-0.097,-0.0635,Neutral,1,2
3879605,Serie A 2015/2016,Palermo,67,-1,1,23,2,61-75,Left Defensive Midfield,MF,0.0,0.1849,-0.1849,0,69,40,0.2345,0.1509,0.0836,0.2685,Positive,2,1
3879605,Serie A 2015/2016,Empoli,71,1,0,19,1,61-75,Left Center Midfield,MF,0.097,0.106,-0.009,3,105,13,0.1509,0.1285,0.0224,0.0314,Neutral,2,1
3879605,Serie A 2015/2016,Palermo,77,-1,1,13,3,76-90+,Right Center Back,DF,0.2345,0.0662,0.1683,2,73,24,0.2876,0.0847,0.2029,0.0346,Neutral,3,2
3879605,Serie A 2015/2016,Empoli,81,1,0,9,2,76-90+,Left Center Forward,FW,0.0662,0.2345,-0.1683,1,62,18,0.0847,0.3734,-0.2887,-0.1204,Negative,3,0
3879604,Serie A 2015/2016,Genoa,34,0,1,56,1,31-60,Right Center Back,DF,0.0,0.0657,-0.0657,0,50,26,0.1189,0.1087,0.0102,0.0759,Neutral,1,2
3879604,Serie A 2015/2016,Genoa,44,0,1,46,2,31-60,Right Defensive Midfield,MF,0.1123,0.0265,0.0858,2,57,26,0.2453,0.2583,-0.013,-0.0988,Neutral,1,1
3879604,Serie A 2015/2016,Napoli,56,0,0,34,1,31-60,Left Wing,FW,0.2128,0.3272,-0.1144,5,95,12,0.0455,0.0,0.0455,0.1599,Positive,1,0
3879604,Serie A 2015/2016,Napoli,66,0,0,24,2,61-75,Right Wing,FW,0.1496,0.0614,0.0882,3,96,22,0.2445,0.1349,0.1096,0.0214,Neutral,2,0
3879604,Serie A 2015/2016,Genoa,71,0,1,19,3,61-75,Right Center Midfield,MF,0.0,0.0455,-0.0455,0,50,28,0.1349,0.5728,-0.4379,-0.3924,Negative,2,1
3879604,Serie A 2015/2016,Napoli,81,0,0,9,3,76-90+,Right Center Midfield,MF,0.2445,0.1349,0.1096,4,99,24,0.4154,0.0,0.4154,0.3058,Positive,3,1
3879603,Serie A 2015/2016,Sassuolo,56,0,0,34,1,31-60,Left Wing,FW,0.0529,0.0926,-0.0397,1,72,15,0.0232,0.0134,0.0098,0.0495,Neutral,1,0
3879603,Serie A 2015/2016,Sassuolo,62,0,0,28,2,61-75,Left Back,DF,0.0761,0.0926,-0.0165,2,55,17,0.0,0.0199,-0.0199,-0.0034,Neutral,2,2
3879603,Serie A 2015/2016,Udinese,66,0,1,24,1,61-75,Left Center Forward,FW,0.0926,0.0761,0.0165,2,78,19,0.554,0.0,0.554,0.5375,Positive,2,0
3879603,Serie A 2015/2016,Udinese,66,0,1,24,2,61-75,Left Wing Back,FW,0.0926,0.0761,0.0165,2,78,19,0.554,0.0,0.554,0.5375,Positive,2,0
3879603,Serie A 2015/2016,Udinese,73,0,1,17,3,61-75,Right Center Forward,FW,0.0134,0.0232,-0.0098,1,98,30,0.5406,0.022,0.5186,0.5284,Positive,2,0
3879603,Serie A 2015/2016,Sassuolo,79,0,0,11,3,76-90+,Right Center Back,DF,0.0,0.0199,-0.0199,0,55,19,0.043,0.6353,-0.5923,-0.5724,Negative,3,2
3879602,Serie A 2015/2016,Fiorentina,45,4,1,45,1,31-60,Center Forward,FW,1.3617,0.0,1.3617,4,126,19,0.0214,0.0,0.0214,-1.3403,Negative,1,0
3879602,Serie A 2015/2016,Fiorentina,58,4,1,32,2,31-60,Left Center Back,DF,0.0214,0.0,0.0214,1,161,21,0.2507,0.0,0.2507,0.2293,Positive,1,2
3879602,Serie A 2015/2016,Frosinone,60,-4,0,30,1,31-60,Center Forward,FW,0.0,0.0214,-0.0214,0,42,32,0.0,0.3381,-0.3381,-0.3167,Negative,1,0
3879602,Serie A 2015/2016,Frosinone,61,-4,0,29,2,61-75,Right Defensive Midfield,MF,0.0,0.0567,-0.0567,0,40,33,0.0,0.3029,-0.3029,-0.2462,Negative,2,1
3879602,Serie A 2015/2016,Fiorentina,70,4,1,20,3,61-75,Goalkeeper,GK,0.2507,0.0,0.2507,4,180,24,0.207,0.2389,-0.0319,-0.2826,Negative,2,3
3879602,Serie A 2015/2016,Frosinone,74,-4,0,16,3,61-75,Right Defensive Midfield,MF,0.0,0.3381,-0.3381,0,58,54,0.3812,0.1196,0.2616,0.5997,Positive,2,1
3879601,Serie A 2015/2016,Atalanta,45,0,0,45,1,31-60,Right Back,DF,0.5814,0.0,0.5814,4,88,22,0.13,0.7565,-0.6265,-1.2079,Negative,1,2
3879601,Serie A 2015/2016,Bologna,45,0,1,45,1,31-60,Right Back,DF,0.0,0.5814,-0.5814,0,81,25,0.7565,0.13,0.6265,1.2079,Positive,1,2
3879601,Serie A 2015/2016,Atalanta,56,-1,0,34,2,31-60,Center Forward,FW,0.1972,0.6926,-0.4954,4,86,21,0.0595,0.1054,-0.0459,0.4495,Positive,1,0
3879601,Serie A 2015/2016,Atalanta,59,-2,0,31,3,31-60,Center Attacking Midfield,MF,0.1531,0.7565,-0.6034,3,77,28,0.1222,0.0416,0.0806,0.684,Positive,1,1
3879601,Serie A 2015/2016,Bologna,60,2,1,30,2,31-60,Left Center Midfield,MF,0.7565,0.13,0.6265,4,57,19,0.0416,0.1937,-0.1521,-0.7786,Negative,1,1
3879601,Serie A 2015/2016,Bologna,79,2,1,11,3,76-90+,Right Wing,FW,0.0416,0.1937,-0.1521,1,55,19,0.0221,0.074,-0.0519,0.1002,Positive,3,0
3879599,Serie A 2015/2016,AC Milan,34,1,0,56,1,31-60,Left Center Midfield,MF,0.5735,0.0,0.5735,2,59,21,0.0226,0.0665,-0.0439,-0.6174,Negative,1,1
3879599,Serie A 2015/2016,Lazio,45,-1,1,45,1,31-60,Right Defensive Midfield,MF,0.0665,0.0226,0.0439,1,93,29,0.0068,0.2319,-0.2251,-0.269,Negative,1,1
3879599,Serie A 2015/2016,AC Milan,50,1,0,40,2,31-60,Right Center Back,DF,0.0226,0.0665,-0.0439,1,42,21,0.2609,0.0153,0.2456,0.2895,Positive,1,2
3879599,Serie A 2015/2016,Lazio,62,-2,1,28,2,61-75,Right Wing,FW,0.0153,0.2609,-0.2456,2,54,31,0.349,0.0,0.349,0.5946,Positive,2,0
3879599,Serie A 2015/2016,Lazio,69,-2,1,21,3,61-75,Center Attacking Midfield,MF,0.2216,0.0405,0.1811,3,80,39,0.2231,0.9346,-0.7115,-0.8926,Negative,2,1
3879599,Serie A 2015/2016,AC Milan,80,3,0,10,3,76-90+,Right Wing,FW,0.9346,0.3633,0.5713,1,42,24,0.0845,0.0661,0.0184,-0.5529,Negative,3,0
3879598,Serie A 2015/2016,Inter Milan,50,1,1,40,1,31-60,Center Defensive Midfield,MF,0.0504,0.0187,0.0317,2,52,37,0.0,0.7104,-0.7104,-0.7421,Negative,1,1
3879598,Serie A 2015/2016,AS Roma,63,-1,0,27,1,61-75,Right Center Midfield,MF,0.7104,0.0,0.7104,8,81,23,0.3166,0.0698,0.2468,-0.4636,Negative,2,1
3879598,Serie A 2015/2016,Inter Milan,64,1,1,26,2,61-75,Center Forward,FW,0.0,0.7104,-0.7104,0,54,24,0.0698,0.3166,-0.2468,0.4636,Positive,2,0
3879598,Serie A 2015/2016,AS Roma,76,-1,0,14,2,76-90+,Center Forward,FW,0.3528,0.0698,0.283,3,57,22,0.028,0.042,-0.014,-0.297,Negative,3,0
3879598,Serie A 2015/2016,Inter Milan,77,1,1,13,3,76-90+,Right Back,DF,0.0698,0.3166,-0.2468,1,55,22,0.042,0.028,0.014,0.2608,Positive,3,2
3879598,Serie A 2015/2016,AS Roma,83,-1,0,7,3,76-90+,Left Center Forward,FW,0.1686,0.1118,0.0568,1,69,29,0.028,0.0059,0.0221,-0.0347,Neutral,3,0
3879597,Serie A 2015/2016,Juventus,10,0,1,80,1,0-30,Right Center Midfield,MF,0.0,0.0,0.0,0,57,14,0.0738,0.0179,0.0559,0.0559,Neutral,0,1
3879597,Serie A 2015/2016,Torino,60,0,0,30,1,31-60,Left Wing Back,FW,0.2403,0.3499,-0.1096,3,68,38,0.0553,0.6479,-0.5926,-0.483,Negative,1,0
3879597,Serie A 2015/2016,Torino,64,0,0,26,2,61-75,Left Center Midfield,MF,0.2403,0.5139,-0.2736,3,50,38,0.2332,0.4839,-0.2507,0.0229,Neutral,2,1
3879597,Serie A 2015/2016,Juventus,77,0,1,13,2,76-90+,Left Midfield,MF,0.6189,0.2332,0.3857,4,114,14,0.2119,0.0364,0.1755,-0.2102,Negative,3,1
3879596,Serie A 2015/2016,Empoli,45,0,0,45,1,31-60,Center Defensive Midfield,MF,0.2143,0.0,0.2143,4,89,17,0.1434,0.0626,0.0808,-0.1335,Negative,1,1
3879596,Serie A 2015/2016,Sampdoria,61,-1,1,29,1,61-75,Center Forward,FW,0.0626,0.1434,-0.0808,2,52,35,0.1424,0.1326,0.0098,0.0906,Neutral,2,0
3879596,Serie A 2015/2016,Sampdoria,64,-1,1,26,2,61-75,Left Center Midfield,MF,0.016,0.1501,-0.1341,1,48,46,0.1424,0.1258,0.0166,0.1507,Positive,2,1
3879596,Serie A 2015/2016,Empoli,69,0,0,21,2,61-75,Right Center Forward,FW,0.2435,0.1122,0.1313,5,126,18,0.0,0.1473,-0.1473,-0.2786,Negative,2,0
3879596,Serie A 2015/2016,Empoli,85,0,0,5,3,76-90+,Left Center Midfield,MF,0.0,0.1473,-0.1473,0,89,29,0.0079,0.2605,-0.2526,-0.1053,Negative,3,1
3879595,Serie A 2015/2016,Fiorentina,51,0,0,39,1,31-60,Right Wing Back,FW,0.0594,0.0,0.0594,1,102,30,0.838,0.0,0.838,0.7786,Positive,1,0
3879595,Serie A 2015/2016,Fiorentina,58,1,0,32,2,31-60,Center Forward,FW,0.838,0.0,0.838,1,106,39,0.0244,0.0,0.0244,-0.8136,Negative,1,0
3879595,Serie A 2015/2016,Hellas Verona,62,-1,1,28,1,61-75,Right Center Midfield,MF,0.0,0.838,-0.838,0,87,30,0.0,0.0244,-0.0244,0.8136,Positive,2,1
3879595,Serie A 2015/2016,Hellas Verona,68,-1,1,22,2,61-75,Right Wing,FW,0.0,0.838,-0.838,0,94,25,0.0,0.0244,-0.0244,0.8136,Positive,2,0
3879595,Serie A 2015/2016,Fiorentina,79,1,0,11,3,76-90+,Left Center Back,DF,0.0244,0.0,0.0244,1,107,32,0.0,0.0,0.0,-0.0244,Neutral,3,2
3879595,Serie A 2015/2016,Hellas Verona,82,-1,1,8,3,76-90+,Center Defensive Midfield,MF,0.0,0.0244,-0.0244,0,73,47,0.0,0.0,0.0,0.0244,Neutral,3,1
3879594,Serie A 2015/2016,AC Milan,13,0,1,77,1,0-30,Right Back,DF,0.0346,0.0361,-0.0015,1,89,22,0.0821,0.0218,0.0603,0.0618,Neutral,0,2
3879594,Serie A 2015/2016,Chievo,45,0,0,45,1,31-60,Right Back,DF,0.0579,0.1805,-0.1226,1,80,37,0.0,0.3994,-0.3994,-0.2768,Negative,1,2
3879594,Serie A 2015/2016,Chievo,63,-1,0,27,2,61-75,Center Attacking Midfield,MF,0.0,0.3653,-0.3653,0,79,36,0.1012,0.2272,-0.126,0.2393,Positive,2,1
3879594,Serie A 2015/2016,Chievo,74,-1,0,16,3,61-75,Right Center Forward,FW,0.1012,0.1678,-0.0666,1,96,26,0.0,0.5994,-0.5994,-0.5328,Negative,2,0
3879594,Serie A 2015/2016,AC Milan,83,1,1,7,2,76-90+,Right Wing,FW,0.2779,0.0,0.2779,5,99,16,0.369,0.0,0.369,0.0911,Neutral,3,0
3879593,Serie A 2015/2016,Palermo,52,-1,0,38,1,31-60,Center Defensive Midfield,MF,0.2389,0.4054,-0.1665,3,64,23,0.0984,0.2611,-0.1627,0.0038,Neutral,1,1
3879593,Serie A 2015/2016,Napoli,62,1,1,28,1,61-75,Right Center Midfield,MF,0.437,0.0984,0.3386,5,137,27,0.1548,0.0,0.1548,-0.1838,Negative,2,1
3879593,Serie A 2015/2016,Napoli,64,1,1,26,2,61-75,Left Wing,FW,0.437,0.0984,0.3386,5,130,21,0.1548,0.0,0.1548,-0.1838,Negative,2,0
3879593,Serie A 2015/2016,Palermo,66,-1,0,24,2,61-75,Right Center Midfield,MF,0.0984,0.2611,-0.1627,1,81,24,0.0,0.1651,-0.1651,-0.0024,Neutral,2,1
3879593,Serie A 2015/2016,Napoli,75,1,1,15,3,61-75,Right Wing,FW,0.1548,0.0,0.1548,3,86,37,0.098,0.0,0.098,-0.0568,Neutral,2,0
3879593,Serie A 2015/2016,Palermo,77,-1,0,13,3,76-90+,Left Wing Back,FW,0.0,0.1548,-0.1548,0,92,13,0.0,0.098,-0.098,0.0568,Neutral,3,0
3879592,Serie A 2015/2016,Udinese,57,-2,0,33,1,31-60,Right Wing Back,FW,0.0,0.0593,-0.0593,0,44,39,0.1001,0.2104,-0.1103,-0.051,Neutral,1,0
3879592,Serie A 2015/2016,Udinese,64,-3,0,26,2,61-75,Right Defensive Midfield,MF,0.0098,0.1554,-0.1456,1,54,37,0.493,0.1393,0.3537,0.4993,Positive,2,1
3879592,Serie A 2015/2016,AS Roma,64,3,1,26,1,61-75,Right Wing,FW,0.1554,0.0098,0.1456,4,111,26,0.1393,0.493,-0.3537,-0.4993,Negative,2,0
3879592,Serie A 2015/2016,Udinese,69,-3,0,21,3,61-75,Right Center Forward,FW,0.1001,0.2104,-0.1103,2,61,33,0.4027,0.0531,0.3496,0.4599,Positive,2,0
3879592,Serie A 2015/2016,AS Roma,69,3,1,21,2,61-75,Right Center Back,DF,0.2104,0.1001,0.1103,4,99,17,0.0531,0.4027,-0.3496,-0.4599,Negative,2,2
3879592,Serie A 2015/2016,AS Roma,78,2,1,12,3,76-90+,Left Center Midfield,MF,0.1393,0.493,-0.3537,3,59,19,0.0651,0.0078,0.0573,0.411,Positive,3,1
3879591,Serie A 2015/2016,Juventus,59,-1,0,31,1,31-60,Left Center Forward,FW,0.2158,0.0528,0.163,4,112,27,0.1429,0.0,0.1429,-0.0201,Neutral,1,0
3879591,Serie A 2015/2016,Sassuolo,69,1,1,21,1,61-75,Center Forward,FW,0.0145,0.166,-0.1515,1,48,49,0.0093,0.0494,-0.0401,0.1114,Positive,2,0
3879591,Serie A 2015/2016,Sassuolo,70,1,1,20,2,61-75,Left Center Midfield,MF,0.0145,0.166,-0.1515,1,38,50,0.0093,0.0494,-0.0401,0.1114,Positive,2,1
3879591,Serie A 2015/2016,Juventus,77,-1,0,13,2,76-90+,Right Center Forward,FW,0.1343,0.0,0.1343,3,92,16,0.046,0.0986,-0.0526,-0.1869,Negative,3,0
3879591,Serie A 2015/2016,Sassuolo,80,1,1,10,3,76-90+,Right Wing,FW,0.0,0.0996,-0.0996,0,51,48,0.0986,0.046,0.0526,0.1522,Positive,3,0
3879591,Serie A 2015/2016,Juventus,81,-1,0,9,3,76-90+,Center Defensive Midfield,MF,0.023,0.0093,0.0137,1,82,21,0.046,0.0894,-0.0434,-0.0571,Neutral,3,1
3879590,Serie A 2015/2016,Genoa,60,-1,0,30,1,31-60,Right Wing Back,FW,0.474,0.0813,0.3927,2,119,37,0.4001,0.0555,0.3446,-0.0481,Neutral,1,0
3879590,Serie A 2015/2016,Torino,69,0,1,21,1,61-75,Right Center Midfield,MF,0.0813,0.8505,-0.7692,1,56,43,0.6087,0.1087,0.5,1.2692,Positive,2,1
3879590,Serie A 2015/2016,Torino,75,0,1,15,2,61-75,Left Center Forward,FW,0.0555,0.4001,-0.3446,1,65,26,0.7094,0.1087,0.6007,0.9453,Positive,2,0
3879590,Serie A 2015/2016,Genoa,80,0,0,10,2,76-90+,Right Defensive Midfield,MF,0.3787,0.4332,-0.0545,2,44,26,0.1546,0.3316,-0.177,-0.1225,Negative,3,1
3879590,Serie A 2015/2016,Torino,85,0,1,5,3,76-90+,Right Wing Back,FW,0.6087,0.1087,0.5,4,75,22,0.1561,0.046,0.1101,-0.3899,Negative,3,0
3879589,Serie A 2015/2016,Carpi,19,0,0,71,1,0-30,Left Center Midfield,MF,0.0171,0.081,-0.0639,1,28,26,0.0765,0.0287,0.0478,0.1117,Positive,0,1
3879589,Serie A 2015/2016,Carpi,58,-1,0,32,2,31-60,Right Center Midfield,MF,0.1907,0.1603,0.0304,3,73,24,0.1328,0.0195,0.1133,0.0829,Neutral,1,1
3879589,Serie A 2015/2016,Carpi,70,0,0,20,3,61-75,Left Wing,FW,0.0844,0.0195,0.0649,1,53,18,0.0484,0.031,0.0174,-0.0475,Neutral,2,0
3879589,Serie A 2015/2016,Frosinone,78,0,1,12,1,76-90+,Left Center Midfield,MF,0.0195,0.1328,-0.1133,1,53,22,0.53,0.0173,0.5127,0.626,Positive,3,1
3879589,Serie A 2015/2016,Frosinone,84,0,1,6,2,76-90+,Right Back,DF,0.031,0.0484,-0.0174,1,63,15,0.4989,0.3571,0.1418,0.1592,Positive,3,2
3879588,Serie A 2015/2016,Atalanta,45,-1,1,45,1,31-60,Left Center Midfield,MF,0.3685,0.0369,0.3316,2,73,28,0.1462,0.1455,0.0007,-0.3309,Negative,1,1
3879588,Serie A 2015/2016,Atalanta,57,-1,1,33,2,31-60,Left Back,DF,0.1462,0.0369,0.1093,2,106,37,0.0606,0.1455,-0.0849,-0.1942,Negative,1,2
3879588,Serie A 2015/2016,Lazio,63,1,0,27,1,61-75,Center Forward,FW,0.1455,0.1563,-0.0108,2,63,27,0.0,0.0505,-0.0505,-0.0397,Neutral,2,0
3879588,Serie A 2015/2016,Atalanta,77,-1,1,13,3,76-90+,Center Attacking Midfield,MF,0.0606,0.0,0.0606,2,50,32,0.2695,0.0,0.2695,0.2089,Positive,3,1
3879588,Serie A 2015/2016,Lazio,79,1,0,11,2,76-90+,Right Defensive Midfield,MF,0.0,0.0505,-0.0505,0,82,22,0.0,0.2695,-0.2695,-0.219,Negative,3,1
3879586,Serie A 2015/2016,Hellas Verona,45,-3,0,45,1,31-60,Right Wing Back,FW,0.0336,0.5132,-0.4796,1,67,36,0.0708,0.6045,-0.5337,-0.0541,Neutral,1,0
3879586,Serie A 2015/2016,Hellas Verona,45,-3,0,45,2,31-60,Left Center Back,DF,0.0336,0.5132,-0.4796,1,67,36,0.0708,0.6045,-0.5337,-0.0541,Neutral,1,2
3879586,Serie A 2015/2016,Hellas Verona,56,-4,0,34,3,31-60,Left Center Midfield,MF,0.0708,1.1029,-1.0321,1,92,36,0.0434,0.3681,-0.3247,0.7074,Positive,1,1
3879586,Serie A 2015/2016,Sampdoria,61,4,1,29,1,61-75,Center Forward,FW,0.6308,0.0708,0.56,2,59,42,0.3418,0.3179,0.0239,-0.5361,Negative,2,0
3879586,Serie A 2015/2016,Sampdoria,69,4,1,21,2,61-75,Left Wing,FW,0.3681,0.0,0.3681,2,61,29,0.0,0.3179,-0.3179,-0.686,Negative,2,0
3879586,Serie A 2015/2016,Sampdoria,74,4,1,16,3,61-75,Right Center Midfield,MF,0.3681,0.2269,0.1412,2,57,27,0.0,0.2192,-0.2192,-0.3604,Negative,2,1
3879584,Serie A 2015/2016,Frosinone,61,-1,0,29,1,61-75,Center Defensive Midfield,MF,0.1261,0.0749,0.0512,3,85,26,0.2202,0.1619,0.0583,0.0071,Neutral,2,1
3879584,Serie A 2015/2016,Udinese,65,1,1,25,1,61-75,Left Center Midfield,MF,0.0844,0.0339,0.0505,3,82,15,0.1139,0.1931,-0.0792,-0.1297,Negative,2,1
3879584,Serie A 2015/2016,Udinese,69,1,1,21,2,61-75,Left Wing Back,FW,0.0731,0.2202,-0.1471,2,86,21,0.1139,0.1143,-0.0004,0.1467,Positive,2,0
3879584,Serie A 2015/2016,Udinese,77,1,1,13,3,76-90+,Left Center Forward,FW,0.1139,0.2202,-0.1063,2,56,27,0.8092,0.1206,0.6886,0.7949,Positive,3,0
3879584,Serie A 2015/2016,Frosinone,77,-1,0,13,2,76-90+,Left Wing,FW,0.2202,0.1139,0.1063,2,96,14,0.1206,0.8092,-0.6886,-0.7949,Negative,3,0
3879583,Serie A 2015/2016,AS Roma,36,2,0,54,1,31-60,Center Defensive Midfield,MF,0.5678,0.051,0.5168,1,28,35,0.0283,0.0577,-0.0294,-0.5462,Negative,1,1
3879583,Serie A 2015/2016,Fiorentina,60,-2,1,30,1,31-60,Right Wing Back,FW,0.0753,0.5175,-0.4422,2,137,28,0.2624,0.0,0.2624,0.7046,Positive,1,0
3879583,Serie A 2015/2016,Fiorentina,60,-2,1,30,2,31-60,Right Defensive Midfield,MF,0.0753,0.5175,-0.4422,2,137,28,0.2624,0.0,0.2624,0.7046,Positive,1,1
3879583,Serie A 2015/2016,AS Roma,78,2,0,12,2,76-90+,Left Center Midfield,MF,0.0,0.3127,-0.3127,0,49,36,0.0,0.5778,-0.5778,-0.2651,Negative,3,1
3879583,Serie A 2015/2016,Fiorentina,80,-2,1,10,3,76-90+,Center Back,DF,0.3127,0.0,0.3127,4,123,14,0.704,0.0,0.704,0.3913,Positive,3,2
3879581,Serie A 2015/2016,Chievo,63,-1,1,27,1,61-75,Center Defensive Midfield,MF,0.0,0.5507,-0.5507,0,68,34,0.0452,0.2887,-0.2435,0.3072,Positive,2,1
3879581,Serie A 2015/2016,Napoli,69,1,0,21,1,61-75,Left Wing,FW,0.61,0.0,0.61,5,106,32,0.2293,0.2323,-0.003,-0.613,Negative,2,0
3879581,Serie A 2015/2016,Chievo,71,-1,1,19,2,61-75,Left Center Midfield,MF,0.0,0.5679,-0.5679,0,74,34,0.2323,0.2293,0.003,0.5709,Positive,2,1
3879581,Serie A 2015/2016,Napoli,76,1,0,14,2,76-90+,Left Center Midfield,MF,0.2114,0.0452,0.1662,4,97,35,0.1685,0.287,-0.1185,-0.2847,Negative,3,1
3879581,Serie A 2015/2016,Chievo,81,-1,1,9,3,76-90+,Left Center Forward,FW,0.2323,0.2887,-0.0564,4,67,31,0.0999,0.042,0.0579,0.1143,Positive,3,0
3879581,Serie A 2015/2016,Napoli,82,1,0,8,3,76-90+,Center Forward,FW,0.2887,0.2323,0.0564,4,82,24,0.042,0.0999,-0.0579,-0.1143,Negative,3,0
3879580,Serie A 2015/2016,Juventus,36,1,1,54,1,31-60,Center Attacking Midfield,MF,0.0385,0.0194,0.0191,1,78,22,0.861,0.0,0.861,0.8419,Positive,1,1
3879580,Serie A 2015/2016,Atalanta,45,-1,0,45,1,31-60,Right Back,DF,0.0,0.0,0.0,0,50,15,0.0658,0.9523,-0.8865,-0.8865,Negative,1,2
3879580,Serie A 2015/2016,Atalanta,51,-2,0,39,2,31-60,Left Wing,FW,0.0,0.861,-0.861,0,71,26,0.1107,0.133,-0.0223,0.8387,Positive,1,0
3879580,Serie A 2015/2016,Atalanta,72,-2,0,18,3,61-75,Center Defensive Midfield,MF,0.1107,0.5155,-0.4048,3,50,49,0.0,0.8345,-0.8345,-0.4297,Negative,2,1
3879580,Serie A 2015/2016,Juventus,76,2,1,14,2,76-90+,Left Center Forward,FW,0.5098,0.0449,0.4649,4,122,19,0.8166,0.0,0.8166,0.3517,Positive,3,0
3879578,Serie A 2015/2016,Bologna,40,-1,0,50,1,31-60,Right Back,DF,0.0454,0.0148,0.0306,1,78,16,1.1279,0.0404,1.0875,1.0569,Positive,1,2
3879578,Serie A 2015/2016,Bologna,55,0,0,35,2,31-60,Right Wing,FW,1.1279,0.0404,1.0875,5,87,33,0.0233,0.0,0.0233,-1.0642,Negative,1,0
3879578,Serie A 2015/2016,Carpi,56,0,1,34,1,31-60,Center Forward,FW,0.0404,1.1279,-1.0875,2,71,35,0.0,0.0233,-0.0233,1.0642,Positive,1,0
3879578,Serie A 2015/2016,Carpi,75,0,1,15,2,61-75,Right Defensive Midfield,MF,0.0,0.0233,-0.0233,0,27,23,0.0,0.0799,-0.0799,-0.0566,Neutral,2,1
3879578,Serie A 2015/2016,Carpi,80,0,1,10,3,76-90+,Center Forward,FW,0.0,0.0199,-0.0199,0,24,29,0.0,0.7634,-0.7634,-0.7435,Negative,3,0
3879578,Serie A 2015/2016,Bologna,83,0,0,7,3,76-90+,Center Attacking Midfield,MF,0.0643,0.0,0.0643,3,129,9,0.719,0.0,0.719,0.6547,Positive,3,1
3879577,Serie A 2015/2016,Empoli,50,1,1,40,1,31-60,Center Defensive Midfield,MF,0.2257,0.2057,0.02,3,91,37,0.8393,0.0491,0.7902,0.7702,Positive,1,1
3879577,Serie A 2015/2016,Genoa,55,-1,0,35,1,31-60,Center Attacking Midfield,MF,0.0612,0.2257,-0.1645,2,100,37,0.0749,0.8393,-0.7644,-0.5999,Negative,1,1
3879577,Serie A 2015/2016,Genoa,62,-2,0,28,2,61-75,Right Center Back,DF,0.1103,0.8393,-0.729,3,96,44,0.0258,0.0,0.0258,0.7548,Positive,2,2
3879577,Serie A 2015/2016,Genoa,67,-2,0,23,3,61-75,Left Center Forward,FW,0.0749,0.8393,-0.7644,2,72,44,0.0,0.4058,-0.4058,0.3586,Positive,2,0
3879577,Serie A 2015/2016,Empoli,67,2,1,23,2,61-75,Left Center Midfield,MF,0.8393,0.0749,0.7644,4,82,33,0.4058,0.0,0.4058,-0.3586,Negative,2,1
3879577,Serie A 2015/2016,Empoli,80,2,1,10,3,76-90+,Right Center Forward,FW,0.0,0.0258,-0.0258,0,63,24,0.4058,0.161,0.2448,0.2706,Positive,3,0
3879576,Serie A 2015/2016,Sampdoria,64,-2,0,26,1,61-75,Center Defensive Midfield,MF,0.0583,0.4425,-0.3842,2,92,32,0.2974,0.0,0.2974,0.6816,Positive,2,1
3879576,Serie A 2015/2016,Frosinone,67,2,1,23,1,61-75,Left Midfield,MF,0.4425,0.2383,0.2042,4,51,31,0.0,0.1593,-0.1593,-0.3635,Negative,2,1
3879576,Serie A 2015/2016,Frosinone,80,2,1,10,2,76-90+,Center Defensive Midfield,MF,0.0,0.0924,-0.0924,0,46,20,0.0,0.1335,-0.1335,-0.0411,Neutral,3,1
3879576,Serie A 2015/2016,Sampdoria,82,-2,0,8,2,76-90+,Left Back,DF,0.1593,0.0,0.1593,5,95,19,0.0666,0.0,0.0666,-0.0927,Neutral,3,2
3879576,Serie A 2015/2016,Sampdoria,83,-2,0,7,3,76-90+,Left Wing,FW,0.1843,0.0,0.1843,6,95,16,0.0416,0.0,0.0416,-0.1427,Negative,3,0
3879576,Serie A 2015/2016,Frosinone,85,2,1,5,3,76-90+,Left Midfield,MF,0.0,0.2065,-0.2065,0,31,22,0.0,0.0194,-0.0194,0.1871,Positive,3,1
3879574,Serie A 2015/2016,Inter Milan,63,0,1,27,1,61-75,Left Defensive Midfield,MF,0.0289,0.0921,-0.0632,1,72,16,0.0251,0.5425,-0.5174,-0.4542,Negative,2,1
3879574,Serie A 2015/2016,Juventus,70,0,0,20,1,61-75,Left Center Forward,FW,0.5191,0.0289,0.4902,4,97,17,0.0814,0.0994,-0.018,-0.5082,Negative,2,0
3879574,Serie A 2015/2016,Juventus,77,0,0,13,2,76-90+,Right Center Forward,FW,0.5425,0.0251,0.5174,4,100,22,0.0916,0.1106,-0.019,-0.5364,Negative,3,0
3879573,Serie A 2015/2016,Lazio,45,-1,0,45,1,31-60,Right Defensive Midfield,MF,0.0476,0.0,0.0476,3,113,18,0.0605,0.7822,-0.7217,-0.7693,Negative,1,1
3879573,Serie A 2015/2016,Lazio,64,-2,0,26,2,61-75,Center Forward,FW,0.0605,0.8152,-0.7547,1,76,23,0.5878,0.1121,0.4757,1.2304,Positive,2,0
3879573,Serie A 2015/2016,Sassuolo,70,1,1,20,1,61-75,Right Center Midfield,MF,0.6857,0.6218,0.0639,5,53,17,0.156,0.063,0.093,0.0291,Neutral,2,1
3879573,Serie A 2015/2016,Sassuolo,70,1,1,20,2,61-75,Center Forward,FW,0.6857,0.6218,0.0639,5,53,17,0.156,0.063,0.093,0.0291,Neutral,2,0
3879573,Serie A 2015/2016,Lazio,76,-1,0,14,3,76-90+,Right Wing,FW,0.5878,0.0714,0.5164,2,64,42,0.0534,0.1467,-0.0933,-0.6097,Negative,3,0
3879573,Serie A 2015/2016,Sassuolo,81,1,1,9,3,76-90+,Right Wing,FW,0.1121,0.6243,-0.5122,2,80,25,0.0439,0.0903,-0.0464,0.4658,Positive,3,0
3879572,Serie A 2015/2016,Fiorentina,51,-1,0,39,1,31-60,Right Attacking Midfield,MF,0.0499,0.3948,-0.3449,2,73,30,0.3426,0.3106,0.032,0.3769,Positive,1,1
3879572,Serie A 2015/2016,Fiorentina,54,-1,0,36,2,31-60,Left Wing Back,FW,0.2279,0.553,-0.3251,2,78,41,0.1225,0.173,-0.0505,0.2746,Positive,1,0
3879572,Serie A 2015/2016,Napoli,60,1,1,30,1,31-60,Left Wing,FW,0.6965,0.3426,0.3539,6,89,18,0.5605,0.1355,0.425,0.0711,Neutral,1,0
3879572,Serie A 2015/2016,Fiorentina,77,-1,0,13,3,76-90+,Right Wing Back,FW,0.1355,0.5515,-0.416,1,80,47,0.0,0.012,-0.012,0.404,Positive,3,0
3879572,Serie A 2015/2016,Napoli,78,1,1,12,2,76-90+,Left Wing,FW,0.5515,0.1355,0.416,3,81,18,0.012,0.0,0.012,-0.404,Negative,3,0
3879571,Serie A 2015/2016,Carpi,54,-2,0,36,1,31-60,Right Center Midfield,MF,0.0732,0.116,-0.0428,2,54,31,0.0144,0.909,-0.8946,-0.8518,Negative,1,1
3879571,Serie A 2015/2016,Atalanta,68,3,1,22,1,61-75,Left Center Midfield,MF,0.9371,0.0144,0.9227,4,87,5,0.0,0.1972,-0.1972,-1.1199,Negative,2,1
3879571,Serie A 2015/2016,Carpi,72,-3,0,18,2,61-75,Right Wing Back,FW,0.1442,0.7895,-0.6453,2,60,21,0.1436,0.0,0.1436,0.7889,Positive,2,0
3879571,Serie A 2015/2016,Atalanta,75,3,1,15,2,61-75,Left Wing,FW,0.7895,0.1298,0.6597,2,89,13,0.008,0.1436,-0.1356,-0.7953,Negative,2,0
3879571,Serie A 2015/2016,Atalanta,81,3,1,9,3,76-90+,Right Center Midfield,MF,0.0,0.1972,-0.1972,0,81,22,0.008,0.0762,-0.0682,0.129,Positive,3,1
3879570,Serie A 2015/2016,Genoa,56,1,1,34,1,31-60,Right Wing,FW,0.0,0.1629,-0.1629,0,59,35,0.0,0.4534,-0.4534,-0.2905,Negative,1,0
3879570,Serie A 2015/2016,Chievo,62,-1,0,28,1,61-75,Left Center Midfield,MF,0.1728,0.0,0.1728,5,90,29,0.8197,0.1026,0.7171,0.5443,Positive,2,1
3879570,Serie A 2015/2016,Chievo,72,-1,0,18,2,61-75,Left Center Forward,FW,0.508,0.0,0.508,5,113,31,0.4506,0.1355,0.3151,-0.1929,Negative,2,0
3879570,Serie A 2015/2016,Genoa,77,0,1,13,2,76-90+,Center Defensive Midfield,MF,0.1026,0.8197,-0.7171,2,56,21,0.0329,0.4219,-0.389,0.3281,Positive,3,1
3879570,Serie A 2015/2016,Chievo,85,0,0,5,3,76-90+,Right Center Forward,FW,0.7638,0.1355,0.6283,4,102,41,0.4629,0.069,0.3939,-0.2344,Negative,3,0
3879569,Serie A 2015/2016,Palermo,52,1,0,38,1,31-60,Left Center Midfield,MF,0.0515,0.0948,-0.0433,2,92,31,0.0,0.1641,-0.1641,-0.1208,Negative,1,1
3879569,Serie A 2015/2016,Bologna,58,-1,1,32,1,31-60,Left Center Midfield,MF,0.0948,0.0172,0.0776,1,84,21,0.1641,0.0875,0.0766,-0.001,Neutral,1,1
3879569,Serie A 2015/2016,Bologna,68,-1,1,22,2,61-75,Left Wing,FW,0.1641,0.0,0.1641,2,101,18,0.076,0.0875,-0.0115,-0.1756,Negative,2,0
3879569,Serie A 2015/2016,Palermo,79,1,0,11,2,76-90+,Left Wing Back,FW,0.0875,0.2401,-0.1526,2,54,14,0.7273,0.1136,0.6137,0.7663,Positive,3,0
3879569,Serie A 2015/2016,Bologna,84,-1,1,6,3,76-90+,Right Back,DF,0.076,0.1689,-0.0929,3,70,16,0.1136,0.6459,-0.5323,-0.4394,Negative,3,2
3879568,Serie A 2015/2016,Torino,45,0,1,45,1,31-60,Center Defensive Midfield,MF,0.0,0.0915,-0.0915,0,46,43,0.0,0.0405,-0.0405,0.051,Neutral,1,1
3879568,Serie A 2015/2016,AC Milan,55,0,0,35,1,31-60,Center Forward,FW,0.08,0.0,0.08,1,88,35,0.8397,0.0285,0.8112,0.7312,Positive,1,0
3879568,Serie A 2015/2016,Torino,71,-1,1,19,2,61-75,Right Wing Back,FW,0.0285,0.8397,-0.8112,1,79,31,0.2525,0.0924,0.1601,0.9713,Positive,2,0
3879568,Serie A 2015/2016,Torino,79,0,1,11,3,76-90+,Left Wing,FW,0.1126,0.0924,0.0202,2,68,27,0.5112,0.0,0.5112,0.491,Positive,3,0
3879568,Serie A 2015/2016,AC Milan,85,0,0,5,2,76-90+,Right Center Midfield,MF,0.0924,0.223,-0.1306,1,61,21,0.0,0.3723,-0.3723,-0.2417,Negative,3,1
3879565,Serie A 2015/2016,Sampdoria,55,1,1,35,1,31-60,Left Midfield,MF,0.6774,0.0624,0.615,2,59,23,0.0166,0.1153,-0.0987,-0.7137,Negative,1,1
3879565,Serie A 2015/2016,Inter Milan,62,-1,0,28,1,61-75,Left Center Midfield,MF,0.0643,0.694,-0.6297,1,88,13,0.8543,0.133,0.7213,1.351,Positive,2,1
3879565,Serie A 2015/2016,Inter Milan,69,-1,0,21,2,61-75,Center Attacking Midfield,MF,0.1153,0.0166,0.0987,2,78,17,0.982,0.133,0.849,0.7503,Positive,2,1
3879565,Serie A 2015/2016,Sampdoria,75,1,1,15,2,61-75,Center Forward,FW,0.1496,0.1813,-0.0317,2,52,26,0.0,0.9764,-0.9764,-0.9447,Negative,2,0
3879563,Serie A 2015/2016,Empoli,41,0,1,49,1,31-60,Left Center Midfield,MF,0.1359,0.0,0.1359,2,70,9,0.1954,0.0,0.1954,0.0595,Neutral,1,1
3879563,Serie A 2015/2016,Sassuolo,60,0,0,30,1,31-60,Right Wing,FW,0.0,0.1954,-0.1954,0,71,40,0.203,0.1953,0.0077,0.2031,Positive,1,0
3879563,Serie A 2015/2016,Empoli,60,0,1,30,2,31-60,Left Center Midfield,MF,0.1954,0.0,0.1954,2,102,17,0.1953,0.203,-0.0077,-0.2031,Negative,1,1
3879563,Serie A 2015/2016,Sassuolo,70,0,0,20,2,61-75,Left Center Midfield,MF,0.0894,0.1953,-0.1059,2,46,28,0.1935,0.0471,0.1464,0.2523,Positive,2,1
3879563,Serie A 2015/2016,Empoli,78,0,1,12,3,76-90+,Right Back,DF,0.1953,0.2828,-0.0875,7,64,22,0.1983,0.138,0.0603,0.1478,Positive,3,2
3879563,Serie A 2015/2016,Sassuolo,78,0,0,12,3,76-90+,Center Forward,FW,0.2828,0.1953,0.0875,5,78,25,0.138,0.1983,-0.0603,-0.1478,Negative,3,0
3879561,Serie A 2015/2016,Atalanta,5,0,0,85,1,0-30,Left Center Midfield,MF,0.0,0.0,0.0,0,17,13,0.0,0.9822,-0.9822,-0.9822,Negative,0,1
3879561,Serie A 2015/2016,Atalanta,45,-2,0,45,2,31-60,Center Forward,FW,0.0523,0.716,-0.6637,2,53,34,0.0354,0.2431,-0.2077,0.456,Positive,1,0
3879561,Serie A 2015/2016,Fiorentina,66,2,1,24,1,61-75,Left Attacking Midfield,MF,0.2817,0.0354,0.2463,6,93,17,0.361,0.0,0.361,0.1147,Positive,2,1
3879561,Serie A 2015/2016,Fiorentina,73,2,1,17,2,61-75,Right Attacking Midfield,MF,0.25,0.0,0.25,6,108,24,0.3557,0.0,0.3557,0.1057,Positive,2,1
3879561,Serie A 2015/2016,Atalanta,80,-2,0,10,3,76-90+,Left Defensive Midfield,MF,0.0,0.3876,-0.3876,0,59,33,0.0271,0.1663,-0.1392,0.2484,Positive,3,1
3879561,Serie A 2015/2016,Fiorentina,81,2,1,9,3,76-90+,Left Attacking Midfield,MF,0.361,0.0,0.361,4,132,21,0.1663,0.0271,0.1392,-0.2218,Negative,3,1
3879560,Serie A 2015/2016,Lazio,36,0,1,54,1,31-60,Goalkeeper,GK,0.3649,0.0053,0.3596,4,87,28,0.3702,0.1668,0.2034,-0.1562,Negative,1,3
3879560,Serie A 2015/2016,Lazio,60,0,1,30,2,31-60,Right Wing,FW,0.3669,0.1912,0.1757,3,121,31,0.3918,0.3592,0.0326,-0.1431,Negative,1,0
3879560,Serie A 2015/2016,Lazio,61,0,1,29,3,61-75,Right Back,DF,0.3669,0.0999,0.267,3,109,26,0.3918,0.3592,0.0326,-0.2344,Negative,2,2
3879560,Serie A 2015/2016,Frosinone,74,0,0,16,1,61-75,Right Midfield,MF,0.3592,0.3518,0.0074,4,48,27,0.0684,0.3078,-0.2394,-0.2468,Negative,2,1
3879560,Serie A 2015/2016,Frosinone,84,-1,0,6,2,76-90+,Left Midfield,MF,0.0209,0.3078,-0.2869,1,38,35,0.0684,0.5082,-0.4398,-0.1529,Negative,3,1
3879560,Serie A 2015/2016,Frosinone,85,-1,0,5,3,76-90+,Left Back,DF,0.0209,0.3078,-0.2869,1,36,36,0.0684,0.5082,-0.4398,-0.1529,Negative,3,2
3879559,Serie A 2015/2016,Bologna,47,0,0,43,1,31-60,Left Center Back,DF,0.0,0.7421,-0.7421,0,66,39,0.0,0.8629,-0.8629,-0.1208,Negative,1,2
3879559,Serie A 2015/2016,Juventus,66,2,1,24,1,61-75,Left Defensive Midfield,MF,0.9861,0.0,0.9861,4,76,11,0.1639,0.0,0.1639,-0.8222,Negative,2,1
3879559,Serie A 2015/2016,Bologna,69,-2,0,21,2,61-75,Right Defensive Midfield,MF,0.0,0.3288,-0.3288,0,69,37,0.0,0.0378,-0.0378,0.291,Positive,2,1
3879559,Serie A 2015/2016,Juventus,75,2,1,15,2,61-75,Left Center Forward,FW,0.2703,0.0,0.2703,4,131,8,0.0378,0.0,0.0378,-0.2325,Negative,2,0
3879559,Serie A 2015/2016,Bologna,75,-2,0,15,3,61-75,Right Midfield,MF,0.0,0.2703,-0.2703,0,54,48,0.0,0.0378,-0.0378,0.2325,Positive,2,1
3879558,Serie A 2015/2016,Torino,59,0,0,31,1,31-60,Center Defensive Midfield,MF,0.0783,0.0865,-0.0082,2,87,27,0.0498,0.0869,-0.0371,-0.0289,Neutral,1,1
3879558,Serie A 2015/2016,Torino,65,0,0,25,2,61-75,Left Center Forward,FW,0.1071,0.0865,0.0206,4,104,22,0.88,0.0869,0.7931,0.7725,Positive,2,0
3879558,Serie A 2015/2016,Carpi,68,0,1,22,1,61-75,Left Center Midfield,MF,0.0865,0.1071,-0.0206,2,41,30,0.0869,0.88,-0.7931,-0.7725,Negative,2,1
3879558,Serie A 2015/2016,Torino,72,-1,0,18,3,61-75,Right Wing Back,FW,0.0575,0.0869,-0.0294,4,96,10,0.8589,0.0,0.8589,0.8883,Positive,2,0
3879558,Serie A 2015/2016,Carpi,74,1,1,16,2,61-75,Center Attacking Midfield,MF,0.0869,0.0498,0.0371,1,26,28,0.0102,0.8589,-0.8487,-0.8858,Negative,2,1
3879558,Serie A 2015/2016,Carpi,85,0,1,5,3,76-90+,Center Forward,FW,0.0869,0.88,-0.7931,1,38,18,0.0102,0.0994,-0.0892,0.7039,Positive,3,0
3879555,Serie A 2015/2016,Atalanta,31,0,1,59,1,31-60,Center Forward,FW,0.2351,0.1096,0.1255,4,60,32,0.2359,0.0,0.2359,0.1104,Positive,1,0
3879555,Serie A 2015/2016,Sampdoria,60,0,0,30,1,31-60,Center Attacking Midfield,MF,0.0115,0.4029,-0.3914,1,69,27,0.0969,0.6455,-0.5486,-0.1572,Negative,1,1
3879555,Serie A 2015/2016,Atalanta,61,0,1,29,2,61-75,Right Center Midfield,MF,0.3259,0.0115,0.3144,5,81,29,0.5433,0.0969,0.4464,0.132,Positive,2,1
3879555,Serie A 2015/2016,Sampdoria,69,0,0,21,2,61-75,Right Center Forward,FW,0.0757,0.6096,-0.5339,1,34,18,0.0859,0.0671,0.0188,0.5527,Positive,2,0
3879555,Serie A 2015/2016,Atalanta,73,0,1,17,3,61-75,Left Center Midfield,MF,0.6455,0.0969,0.5486,6,67,28,0.0176,0.0647,-0.0471,-0.5957,Negative,2,1
3879555,Serie A 2015/2016,Sampdoria,77,0,0,13,3,76-90+,Right Center Back,DF,0.0969,0.5433,-0.4464,2,58,16,0.0647,0.4356,-0.3709,0.0755,Neutral,3,2
3879554,Serie A 2015/2016,Palermo,50,-1,0,40,1,31-60,Right Wing Back,FW,0.0438,0.0333,0.0105,1,67,24,0.0318,0.1041,-0.0723,-0.0828,Neutral,1,0
3879554,Serie A 2015/2016,Torino,62,1,1,28,1,61-75,Left Center Forward,FW,0.1374,0.0318,0.1056,3,57,35,0.0531,0.2324,-0.1793,-0.2849,Negative,2,0
3879554,Serie A 2015/2016,Torino,67,1,1,23,2,61-75,Left Center Midfield,MF,0.1041,0.0,0.1041,2,50,27,0.1308,0.2324,-0.1016,-0.2057,Negative,2,1
3879554,Serie A 2015/2016,Torino,70,1,1,20,3,61-75,Right Center Midfield,MF,0.1041,0.025,0.0791,2,38,29,0.2166,0.2074,0.0092,-0.0699,Neutral,2,1
3879554,Serie A 2015/2016,Palermo,73,0,0,17,2,61-75,Left Back,DF,0.1596,0.1572,0.0024,2,67,17,0.1502,0.1635,-0.0133,-0.0157,Neutral,2,2
3879554,Serie A 2015/2016,Palermo,81,0,0,9,3,76-90+,Right Center Forward,FW,0.2324,0.1308,0.1016,3,78,19,0.1799,0.0858,0.0941,-0.0075,Neutral,3,0
3879553,Serie A 2015/2016,Chievo,30,0,0,60,1,0-30,Right Center Back,DF,0.1769,0.0,0.1769,6,72,24,0.0271,0.1712,-0.1441,-0.321,Negative,0,2
3879553,Serie A 2015/2016,Sassuolo,45,0,1,45,1,31-60,Left Center Back,DF,0.1712,0.0271,0.1441,3,93,16,0.19,0.0832,0.1068,-0.0373,Neutral,1,2
3879553,Serie A 2015/2016,Chievo,63,0,0,27,2,61-75,Center Attacking Midfield,MF,0.0621,0.2284,-0.1663,1,57,26,0.1483,0.0759,0.0724,0.2387,Positive,2,1
3879553,Serie A 2015/2016,Sassuolo,70,0,1,20,2,61-75,Left Wing,FW,0.0383,0.137,-0.0987,1,71,24,0.0759,0.0113,0.0646,0.1633,Positive,2,0
3879553,Serie A 2015/2016,Sassuolo,81,0,1,9,3,76-90+,Right Wing,FW,0.0759,0.1483,-0.0724,2,108,42,0.2116,0.0,0.2116,0.284,Positive,3,0
3879553,Serie A 2015/2016,Chievo,81,0,0,9,3,76-90+,Right Center Midfield,MF,0.1483,0.0759,0.0724,2,69,35,0.0,0.2116,-0.2116,-0.284,Negative,3,1
3879552,Serie A 2015/2016,Bologna,29,0,1,61,1,0-30,Left Wing,FW,0.0,0.0,0.0,0,91,40,0.7254,0.2893,0.4361,0.4361,Positive,0,0
3879552,Serie A 2015/2016,Udinese,45,-1,0,45,1,31-60,Center Defensive Midfield,MF,0.2893,0.7254,-0.4361,3,82,29,0.0,0.1115,-0.1115,0.3246,Positive,1,1
3879552,Serie A 2015/2016,Udinese,58,-1,0,32,2,31-60,Left Center Forward,FW,0.0,0.1115,-0.1115,0,104,38,0.9092,0.0911,0.8181,0.9296,Positive,1,0
3879552,Serie A 2015/2016,Bologna,73,0,1,17,2,61-75,Right Center Midfield,MF,0.0911,0.9092,-0.8181,1,74,24,0.0416,0.33,-0.2884,0.5297,Positive,2,1
3879552,Serie A 2015/2016,Bologna,74,0,1,16,3,61-75,Right Center Forward,FW,0.0911,0.9092,-0.8181,1,70,24,0.1267,0.33,-0.2033,0.6148,Positive,2,0
3879552,Serie A 2015/2016,Udinese,78,0,0,12,3,76-90+,Left Wing Back,FW,0.2607,0.1327,0.128,4,61,28,0.2541,0.1964,0.0577,-0.0703,Neutral,3,0
3879550,Serie A 2015/2016,Inter Milan,45,-3,1,45,1,31-60,Left Defensive Midfield,MF,0.0429,0.1929,-0.15,1,55,33,0.9609,0.0734,0.8875,1.0375,Positive,1,1
3879550,Serie A 2015/2016,Inter Milan,60,-2,1,30,2,31-60,Right Midfield,MF,0.9609,0.0734,0.8875,2,62,40,0.0,0.019,-0.019,-0.9065,Negative,1,1
3879550,Serie A 2015/2016,Fiorentina,68,2,0,22,1,61-75,Right Wing Back,FW,0.0,0.9609,-0.9609,0,174,33,0.5282,0.0,0.5282,1.4891,Positive,2,0
3879550,Serie A 2015/2016,Fiorentina,74,2,0,16,2,61-75,Right Center Back,DF,0.019,0.9609,-0.9419,1,165,22,0.5637,0.0,0.5637,1.5056,Positive,2,2
3879550,Serie A 2015/2016,Inter Milan,76,-3,1,14,3,76-90+,Right Defensive Midfield,MF,0.0,0.5282,-0.5282,0,45,36,0.0,0.0545,-0.0545,0.4737,Positive,3,1
3879550,Serie A 2015/2016,Fiorentina,81,3,0,9,3,76-90+,Right Defensive Midfield,MF,0.5282,0.0,0.5282,2,131,16,0.0545,0.0,0.0545,-0.4737,Negative,3,1
3879549,Serie A 2015/2016,AC Milan,45,-1,0,45,1,31-60,Right Center Midfield,MF,0.1805,0.1461,0.0344,2,78,16,0.1373,0.0282,0.1091,0.0747,Neutral,1,1
3879549,Serie A 2015/2016,Genoa,55,1,1,35,1,31-60,Right Wing Back,FW,0.0661,0.0683,-0.0022,2,88,25,0.0,0.2897,-0.2897,-0.2875,Negative,1,0
3879549,Serie A 2015/2016,Genoa,69,1,1,21,2,61-75,Left Center Back,DF,0.0,0.2897,-0.2897,0,76,28,0.4032,0.0564,0.3468,0.6365,Positive,2,2
3879549,Serie A 2015/2016,AC Milan,75,-1,0,15,2,61-75,Center Defensive Midfield,MF,0.2207,0.4032,-0.1825,3,37,31,0.2417,0.0,0.2417,0.4242,Positive,2,1
3879549,Serie A 2015/2016,AC Milan,79,-1,0,11,3,76-90+,Left Center Midfield,MF,0.1344,0.4032,-0.2688,2,31,31,0.1853,0.0378,0.1475,0.4163,Positive,3,1
3879549,Serie A 2015/2016,Genoa,84,1,1,6,3,76-90+,Center Forward,FW,0.4032,0.0564,0.3468,3,81,16,0.0378,0.2446,-0.2068,-0.5536,Negative,3,0
3879548,Serie A 2015/2016,Napoli,38,1,1,52,1,31-60,Left Wing,FW,0.1134,0.0,0.1134,1,111,28,0.1776,0.5168,-0.3392,-0.4526,Negative,1,0
3879548,Serie A 2015/2016,Juventus,63,-1,0,27,1,61-75,Center Defensive Midfield,MF,0.7464,0.1808,0.5656,6,53,15,0.0803,0.0323,0.048,-0.5176,Negative,2,1
3879548,Serie A 2015/2016,Juventus,70,-1,0,20,2,61-75,Right Center Forward,FW,0.3093,0.1873,0.122,5,40,29,0.1017,0.0258,0.0759,-0.0461,Neutral,2,0
3879548,Serie A 2015/2016,Napoli,79,1,1,11,2,76-90+,Left Center Midfield,MF,0.0323,0.0803,-0.048,2,101,23,0.0041,0.1364,-0.1323,-0.0843,Neutral,3,1
3879548,Serie A 2015/2016,Napoli,84,1,1,6,3,76-90+,Center Forward,FW,0.0258,0.1017,-0.0759,1,54,31,0.0041,0.0892,-0.0851,-0.0092,Neutral,3,0
3879547,Serie A 2015/2016,AS Roma,20,0,1,70,1,0-30,Center Defensive Midfield,MF,0.1109,0.212,-0.1011,1,126,27,1.101,0.0845,1.0165,1.1176,Positive,0,1
3879547,Serie A 2015/2016,Carpi,45,-2,0,45,1,31-60,Center Back,DF,0.0845,0.4945,-0.41,1,80,27,0.0976,1.2957,-1.1981,-0.7881,Negative,1,2
3879547,Serie A 2015/2016,AS Roma,45,2,1,45,2,31-60,Center Forward,FW,0.4945,0.0845,0.41,4,99,28,1.2957,0.0976,1.1981,0.7881,Positive,1,0
3879547,Serie A 2015/2016,Carpi,54,-3,0,36,2,31-60,Right Center Midfield,MF,0.0,1.3061,-1.3061,0,73,41,0.2089,0.326,-0.1171,1.189,Positive,1,1
3879547,Serie A 2015/2016,AS Roma,54,3,1,36,3,31-60,Center Forward,FW,1.3061,0.0,1.3061,3,157,36,0.326,0.2089,0.1171,-1.189,Negative,1,0
3879547,Serie A 2015/2016,Carpi,70,-4,0,20,3,61-75,Center Forward,FW,0.2568,0.326,-0.0692,5,38,30,1.5174,0.4922,1.0252,1.0944,Positive,2,0
3879546,Serie A 2015/2016,Empoli,45,-1,1,45,1,31-60,Right Center Forward,FW,0.0516,0.074,-0.0224,2,75,33,0.0305,0.0302,0.0003,0.0227,Neutral,1,0
3879546,Serie A 2015/2016,Empoli,45,-1,1,45,2,31-60,Center Defensive Midfield,MF,0.0516,0.074,-0.0224,2,75,33,0.0305,0.0302,0.0003,0.0227,Neutral,1,1
3879546,Serie A 2015/2016,Atalanta,57,1,0,33,1,31-60,Right Center Midfield,MF,0.0302,0.0305,-0.0003,1,105,32,0.0214,0.0,0.0214,0.0217,Neutral,1,1
3879546,Serie A 2015/2016,Atalanta,64,1,0,26,2,61-75,Right Back,DF,0.0,0.017,-0.017,0,71,41,0.032,0.1902,-0.1582,-0.1412,Negative,2,2
3879546,Serie A 2015/2016,Empoli,78,-1,1,12,3,76-90+,Left Center Forward,FW,0.1902,0.032,0.1582,1,75,46,0.061,0.0,0.061,-0.0972,Neutral,3,0
3879545,Serie A 2015/2016,Sampdoria,28,0,1,62,1,0-30,Right Center Back,DF,0.0405,0.0587,-0.0182,1,54,20,0.0,0.0261,-0.0261,-0.0079,Neutral,0,2
3879545,Serie A 2015/2016,Sampdoria,59,1,1,31,2,31-60,Center Attacking Midfield,MF,0.0228,0.1833,-0.1605,1,53,40,0.0614,0.5801,-0.5187,-0.3582,Negative,1,1
3879545,Serie A 2015/2016,AS Roma,59,-1,0,31,1,31-60,Left Wing,FW,0.1833,0.0228,0.1605,5,119,18,0.5801,0.0614,0.5187,0.3582,Positive,1,0
3879545,Serie A 2015/2016,Sampdoria,77,0,1,13,3,76-90+,Right Center Forward,FW,0.0614,0.6038,-0.5424,2,49,43,0.0,0.5386,-0.5386,0.0038,Neutral,3,0
3879544,Serie A 2015/2016,Palermo,45,-1,1,45,1,31-60,Left Center Midfield,MF,0.0,0.1504,-0.1504,0,62,27,0.0763,0.1744,-0.0981,0.0523,Neutral,1,1
3879544,Serie A 2015/2016,Palermo,55,-1,1,35,2,31-60,Center Defensive Midfield,MF,0.0763,0.1839,-0.1076,2,92,28,0.0847,0.0483,0.0364,0.144,Positive,1,1
3879544,Serie A 2015/2016,Sassuolo,64,1,0,26,1,61-75,Right Wing,FW,0.0483,0.0533,-0.005,1,63,30,0.0799,0.2248,-0.1449,-0.1399,Negative,2,0
3879544,Serie A 2015/2016,Palermo,68,-1,1,22,3,61-75,Right Wing Back,FW,0.0847,0.0483,0.0364,2,82,25,0.1401,0.0868,0.0533,0.0169,Neutral,2,0
3879544,Serie A 2015/2016,Sassuolo,72,1,0,18,2,61-75,Center Forward,FW,0.0,0.1364,-0.1364,0,64,28,0.0868,0.0884,-0.0016,0.1348,Positive,2,0
3879544,Serie A 2015/2016,Sassuolo,77,1,0,13,3,76-90+,Right Center Midfield,MF,0.0,0.2248,-0.2248,0,65,29,0.2561,0.0,0.2561,0.4809,Positive,3,1
3879543,Serie A 2015/2016,Juventus,45,0,1,45,1,31-60,Right Center Midfield,MF,0.2599,0.0305,0.2294,4,60,19,0.4968,0.0751,0.4217,0.1923,Positive,1,1
3879543,Serie A 2015/2016,Juventus,45,0,1,45,2,31-60,Right Back,DF,0.2599,0.0305,0.2294,4,60,19,0.4968,0.0751,0.4217,0.1923,Positive,1,2
3879543,Serie A 2015/2016,Frosinone,70,-1,0,20,1,61-75,Left Defensive Midfield,MF,0.0138,0.083,-0.0692,1,70,30,0.0395,0.464,-0.4245,-0.3553,Negative,2,1
3879543,Serie A 2015/2016,Juventus,76,1,1,14,3,76-90+,Right Center Forward,FW,0.1867,0.0534,0.1333,6,129,35,0.4329,0.0,0.4329,0.2996,Positive,3,0
3879543,Serie A 2015/2016,Frosinone,82,-1,0,8,2,76-90+,Right Back,DF,0.0395,0.3479,-0.3084,1,36,31,0.1454,0.2662,-0.1208,0.1876,Positive,3,2
3879543,Serie A 2015/2016,Frosinone,84,-1,0,6,3,76-90+,Center Attacking Midfield,MF,0.0395,0.3229,-0.2834,1,31,27,0.1454,0.2662,-0.1208,0.1626,Positive,3,1
3879541,Serie A 2015/2016,Fiorentina,55,0,1,35,1,31-60,Center Forward,FW,0.4392,0.2186,0.2206,2,100,35,0.0917,0.0,0.0917,-0.1289,Negative,1,0
3879541,Serie A 2015/2016,Bologna,63,0,0,27,1,61-75,Left Wing,FW,0.0,0.0905,-0.0905,0,56,41,0.0,0.6553,-0.6553,-0.5648,Negative,2,0
3879541,Serie A 2015/2016,Bologna,75,-1,0,15,2,61-75,Right Defensive Midfield,MF,0.0,0.6877,-0.6877,0,40,29,0.0167,0.3278,-0.3111,0.3766,Positive,2,1
3879541,Serie A 2015/2016,Fiorentina,78,1,1,12,2,76-90+,Left Wing,FW,0.6553,0.0,0.6553,4,107,17,0.309,0.0167,0.2923,-0.363,Negative,3,0
3879541,Serie A 2015/2016,Bologna,80,-1,0,10,3,76-90+,Left Midfield,MF,0.0167,0.6262,-0.6095,1,43,27,0.0,0.3609,-0.3609,0.2486,Positive,3,1
3879541,Serie A 2015/2016,Fiorentina,84,2,1,6,3,76-90+,Left Wing,FW,0.9352,0.0167,0.9185,4,108,25,0.052,0.0,0.052,-0.8665,Negative,3,0
3879540,Serie A 2015/2016,Chievo,54,0,1,36,1,31-60,Left Center Forward,FW,0.0546,0.0407,0.0139,3,65,42,0.2884,0.0348,0.2536,0.2397,Positive,1,0
3879540,Serie A 2015/2016,Chievo,65,0,1,25,2,61-75,Left Back,DF,0.3243,0.0459,0.2784,5,62,18,0.171,0.0,0.171,-0.1074,Negative,2,2
3879540,Serie A 2015/2016,Torino,68,0,0,22,1,61-75,Right Center Forward,FW,0.0459,0.2884,-0.2425,2,58,18,0.0,0.1523,-0.1523,0.0902,Neutral,2,0
3879540,Serie A 2015/2016,Chievo,79,1,1,11,3,76-90+,Center Attacking Midfield,MF,0.171,0.0,0.171,3,48,18,0.0,0.0,0.0,-0.171,Negative,3,1
3879540,Serie A 2015/2016,Torino,79,-1,0,11,2,76-90+,Right Wing Back,FW,0.0,0.171,-0.171,0,79,15,0.0,0.0,0.0,0.171,Positive,3,0
3879540,Serie A 2015/2016,Torino,79,-1,0,11,3,76-90+,Left Center Midfield,MF,0.0,0.171,-0.171,0,79,15,0.0,0.0,0.0,0.171,Positive,3,1
3879539,Serie A 2015/2016,Carpi,28,0,1,62,1,0-30,Goalkeeper,GK,0.0457,0.2096,-0.1639,1,33,31,0.1928,0.6522,-0.4594,-0.2955,Negative,0,3
3879539,Serie A 2015/2016,Napoli,60,0,0,30,1,31-60,Center Defensive Midfield,MF,0.1178,0.0318,0.086,4,138,20,0.0793,0.0162,0.0631,-0.0229,Neutral,1,1
3879539,Serie A 2015/2016,Napoli,67,0,0,23,2,61-75,Right Wing,FW,0.0249,0.0076,0.0173,1,124,28,0.0605,0.0086,0.0519,0.0346,Neutral,2,0
3879539,Serie A 2015/2016,Carpi,67,0,1,23,2,61-75,Center Forward,FW,0.0076,0.0249,-0.0173,1,60,39,0.0086,0.0605,-0.0519,-0.0346,Neutral,2,0
3879539,Serie A 2015/2016,Napoli,83,0,0,7,3,76-90+,Left Center Midfield,MF,0.054,0.0086,0.0454,2,117,14,0.4446,0.0738,0.3708,0.3254,Positive,3,1
3879538,Serie A 2015/2016,Genoa,45,-1,0,45,1,31-60,Center Defensive Midfield,MF,0.0285,0.5639,-0.5354,1,56,31,0.0605,0.0194,0.0411,0.5765,Positive,1,1
3879538,Serie A 2015/2016,Genoa,45,-1,0,45,2,31-60,Left Center Midfield,MF,0.0285,0.5639,-0.5354,1,56,31,0.0605,0.0194,0.0411,0.5765,Positive,1,1
3879538,Serie A 2015/2016,Genoa,57,-1,0,33,3,31-60,Center Attacking Midfield,MF,0.089,0.0194,0.0696,4,61,18,0.0106,0.0848,-0.0742,-0.1438,Negative,1,1
3879538,Serie A 2015/2016,Lazio,77,2,1,13,1,76-90+,Center Forward,FW,0.0584,0.0106,0.0478,2,95,26,0.0411,0.0,0.0411,-0.0067,Neutral,3,0
3879538,Serie A 2015/2016,Lazio,82,2,1,8,2,76-90+,Left Wing,FW,0.0994,0.0,0.0994,3,124,20,0.0,0.0,0.0,-0.0994,Neutral,3,0
3879538,Serie A 2015/2016,Lazio,82,2,1,8,3,76-90+,Center Attacking Midfield,MF,0.0994,0.0,0.0994,3,124,20,0.0,0.0,0.0,-0.0994,Neutral,3,1
3879537,Serie A 2015/2016,Udinese,45,-2,1,45,1,31-60,Left Center Back,DF,0.0259,0.0,0.0259,1,47,57,0.9751,0.1238,0.8513,0.8254,Positive,1,2
3879537,Serie A 2015/2016,AC Milan,48,3,0,42,1,31-60,Right Back,DF,0.0661,0.1218,-0.0557,2,103,20,0.0577,0.9594,-0.9017,-0.846,Negative,1,2
3879537,Serie A 2015/2016,AC Milan,62,1,0,28,2,61-75,Center Attacking Midfield,MF,0.0833,0.9474,-0.8641,3,65,24,0.0307,0.1278,-0.0971,0.767,Positive,2,1
3879537,Serie A 2015/2016,Udinese,72,-1,1,18,2,61-75,Left Back,DF,0.9694,0.0824,0.887,5,57,31,0.0,0.0,0.0,-0.887,Negative,2,2
3879537,Serie A 2015/2016,AC Milan,79,1,0,11,3,76-90+,Right Center Forward,FW,0.0307,0.1158,-0.0851,1,81,29,0.0,0.1775,-0.1775,-0.0924,Neutral,3,0
3879537,Serie A 2015/2016,Udinese,83,-1,1,7,3,76-90+,Center Defensive Midfield,MF,0.1158,0.0,0.1158,2,70,33,0.1775,0.0,0.1775,0.0617,Neutral,3,1
3878609,Serie A 2015/2016,Juventus,21,0,0,69,1,0-30,Left Wing,FW,0.0796,0.205,-0.1254,1,74,33,0.1072,0.0779,0.0293,0.1547,Positive,0,0
3878609,Serie A 2015/2016,Genoa,45,0,1,45,1,31-60,Left Midfield,MF,0.0779,0.596,-0.5181,2,57,27,0.0,0.9413,-0.9413,-0.4232,Negative,1,1
3878609,Serie A 2015/2016,Genoa,56,0,1,34,2,31-60,Left Defensive Midfield,MF,0.0,0.1578,-0.1578,0,73,45,0.0902,0.963,-0.8728,-0.715,Negative,1,1
3878609,Serie A 2015/2016,Genoa,63,-1,1,27,3,61-75,Right Center Forward,FW,0.0,0.8434,-0.8434,0,50,30,0.1985,0.1795,0.019,0.8624,Positive,2,0
3878609,Serie A 2015/2016,Juventus,75,1,0,15,2,61-75,Center Defensive Midfield,MF,0.1795,0.0902,0.0893,1,53,41,0.1948,0.1274,0.0674,-0.0219,Neutral,2,1
3878609,Serie A 2015/2016,Juventus,82,1,0,8,3,76-90+,Center Forward,FW,0.2896,0.2176,0.072,2,51,51,0.0846,0.0247,0.0599,-0.0121,Neutral,3,0
3878604,Serie A 2015/2016,Lazio,45,-2,0,45,1,31-60,Center Attacking Midfield,MF,0.0,0.4554,-0.4554,0,58,46,0.0191,0.9357,-0.9166,-0.4612,Negative,1,1
3878604,Serie A 2015/2016,Lazio,45,-2,0,45,2,31-60,Left Wing,FW,0.0,0.4554,-0.4554,0,58,46,0.0191,0.9357,-0.9166,-0.4612,Negative,1,0
3878604,Serie A 2015/2016,Napoli,59,4,1,31,1,31-60,Left Center Midfield,MF,0.9357,0.0191,0.9166,3,95,39,0.1576,0.0374,0.1202,-0.7964,Negative,1,1
3878604,Serie A 2015/2016,Napoli,64,4,1,26,2,61-75,Center Forward,FW,0.1144,0.0565,0.0579,1,110,41,0.4314,0.0197,0.4117,0.3538,Positive,2,0
3878604,Serie A 2015/2016,Lazio,73,-4,0,17,3,61-75,Center Forward,FW,0.0374,0.272,-0.2346,2,73,38,0.0197,0.3146,-0.2949,-0.0603,Neutral,2,0
3878604,Serie A 2015/2016,Napoli,73,4,1,17,3,61-75,Left Wing,FW,0.272,0.0374,0.2346,3,140,41,0.3146,0.0197,0.2949,0.0603,Neutral,2,0
3878603,Serie A 2015/2016,Empoli,45,-1,0,45,1,31-60,Center Defensive Midfield,MF,0.0,0.4068,-0.4068,0,96,18,0.1767,0.0,0.1767,0.5835,Positive,1,1
3878603,Serie A 2015/2016,Udinese,52,1,1,38,1,31-60,Center Defensive Midfield,MF,0.327,0.1555,0.1715,3,74,40,0.0,0.0212,-0.0212,-0.1927,Negative,1,1
3878603,Serie A 2015/2016,Empoli,61,-1,0,29,2,61-75,Right Center Midfield,MF,0.1544,0.0,0.1544,3,75,19,0.1338,0.0,0.1338,-0.0206,Neutral,2,1
3878603,Serie A 2015/2016,Udinese,67,1,1,23,2,61-75,Right Center Forward,FW,0.0,0.0212,-0.0212,0,40,25,0.0883,0.1338,-0.0455,-0.0243,Neutral,2,0
3878603,Serie A 2015/2016,Udinese,73,0,1,17,3,61-75,Left Center Forward,FW,0.0,0.1228,-0.1228,0,36,23,0.0883,0.0109,0.0774,0.2002,Positive,2,0
3878603,Serie A 2015/2016,Empoli,81,0,0,9,3,76-90+,Right Center Forward,FW,0.1338,0.0883,0.0455,4,85,11,0.3025,0.0189,0.2836,0.2381,Positive,3,0
3878602,Serie A 2015/2016,AC Milan,17,0,1,73,1,0-30,Right Back,DF,0.0,0.0,0.0,0,111,28,0.2857,0.1661,0.1196,0.1196,Positive,0,2
3878602,Serie A 2015/2016,Palermo,55,-1,0,35,1,31-60,Left Center Forward,FW,0.0262,0.2928,-0.2666,2,59,53,0.2085,0.0564,0.1521,0.4187,Positive,1,0
3878602,Serie A 2015/2016,AC Milan,69,1,1,21,2,61-75,Right Center Forward,FW,0.0564,0.1961,-0.1397,2,91,29,0.0942,0.7288,-0.6346,-0.4949,Negative,2,0
3878602,Serie A 2015/2016,Palermo,70,-1,0,20,2,61-75,Right Center Forward,FW,0.2085,0.0564,0.1521,3,66,38,0.7164,0.0942,0.6222,0.4701,Positive,2,0
3878602,Serie A 2015/2016,AC Milan,78,1,1,12,3,76-90+,Center Attacking Midfield,MF,0.1114,0.5736,-0.4622,3,65,32,0.0064,0.1552,-0.1488,0.3134,Positive,3,1
3878601,Serie A 2015/2016,Sampdoria,20,0,1,70,1,0-30,Right Back,DF,0.0277,0.0603,-0.0326,1,109,23,0.2255,0.0,0.2255,0.2581,Positive,0,2
3878601,Serie A 2015/2016,Bologna,27,0,0,63,1,0-30,Left Midfield,MF,0.0,0.2532,-0.2532,0,56,36,0.0399,0.0,0.0399,0.2931,Positive,0,1
3878601,Serie A 2015/2016,Bologna,56,0,0,34,2,31-60,Right Defensive Midfield,MF,0.0312,0.0857,-0.0545,1,92,25,0.0421,0.0543,-0.0122,0.0423,Neutral,1,1
3878601,Serie A 2015/2016,Sampdoria,64,0,1,26,2,61-75,Right Center Midfield,MF,0.1082,0.0421,0.0661,3,78,37,1.0772,0.0,1.0772,1.0111,Positive,2,1
3878601,Serie A 2015/2016,Bologna,67,0,0,23,3,61-75,Left Center Midfield,MF,0.0421,0.14,-0.0979,1,71,26,0.0,1.0454,-1.0454,-0.9475,Negative,2,1
3878601,Serie A 2015/2016,Sampdoria,81,2,1,9,3,76-90+,Right Center Forward,FW,1.0454,0.0,1.0454,3,87,19,0.0,0.0929,-0.0929,-1.1383,Negative,3,0
3878600,Serie A 2015/2016,AC Milan,61,-1,0,29,1,61-75,Right Center Forward,FW,0.1017,0.3654,-0.2637,4,65,33,0.1135,0.2756,-0.1621,0.1016,Positive,2,0
3878600,Serie A 2015/2016,Inter Milan,67,1,1,23,1,61-75,Left Back,DF,0.2938,0.1702,0.1236,3,51,20,0.2756,0.0542,0.2214,0.0978,Neutral,2,2
3878600,Serie A 2015/2016,AC Milan,71,-1,0,19,2,61-75,Right Center Midfield,MF,0.1394,0.3555,-0.2161,3,41,22,0.0755,0.0,0.0755,0.2916,Positive,2,1
3878600,Serie A 2015/2016,Inter Milan,71,1,1,19,2,61-75,Left Center Forward,FW,0.3555,0.1394,0.2161,2,50,19,0.0,0.0755,-0.0755,-0.2916,Negative,2,0
3878600,Serie A 2015/2016,AC Milan,80,-1,0,10,3,76-90+,Center Attacking Midfield,MF,0.0466,0.2756,-0.229,2,63,24,0.096,0.0265,0.0695,0.2985,Positive,3,1
3878600,Serie A 2015/2016,Inter Milan,83,1,1,7,3,76-90+,Center Attacking Midfield,MF,0.2756,0.1013,0.1743,1,38,37,0.0265,0.0413,-0.0148,-0.1891,Negative,3,1
3878599,Serie A 2015/2016,Atalanta,55,0,0,35,1,31-60,Left Defensive Midfield,MF,0.0863,0.0,0.0863,2,43,48,0.0068,0.2258,-0.219,-0.3053,Negative,1,1
3878599,Serie A 2015/2016,Sassuolo,63,0,1,27,1,61-75,Right Wing,FW,0.1723,0.0068,0.1655,1,132,19,0.1001,0.0284,0.0717,-0.0938,Neutral,2,0
3878599,Serie A 2015/2016,Sassuolo,64,0,1,26,2,61-75,Center Forward,FW,0.1723,0.0068,0.1655,1,140,19,0.1001,0.0284,0.0717,-0.0938,Neutral,2,0
3878599,Serie A 2015/2016,Atalanta,69,0,0,21,2,61-75,Left Midfield,MF,0.0068,0.2258,-0.219,1,44,40,0.0284,0.0466,-0.0182,0.2008,Positive,2,1
3878599,Serie A 2015/2016,Sassuolo,77,0,1,13,3,76-90+,Left Wing,FW,0.1001,0.0352,0.0649,2,97,24,0.0214,0.7835,-0.7621,-0.827,Negative,3,0
3878599,Serie A 2015/2016,Atalanta,79,0,0,11,3,76-90+,Right Back,DF,0.0284,0.1001,-0.0717,1,69,36,0.7835,0.0214,0.7621,0.8338,Positive,3,2
3878598,Serie A 2015/2016,Carpi,61,-1,0,29,1,61-75,Center Forward,FW,0.1059,0.0901,0.0158,2,43,31,0.1379,0.0095,0.1284,0.1126,Positive,2,0
3878598,Serie A 2015/2016,Palermo,62,1,1,28,1,61-75,Center Forward,FW,0.0901,0.1059,-0.0158,2,104,22,0.0576,0.1379,-0.0803,-0.0645,Neutral,2,0
3878598,Serie A 2015/2016,Palermo,75,0,1,15,2,61-75,Right Center Midfield,MF,0.0095,0.1379,-0.1284,1,93,33,0.3389,0.0849,0.254,0.3824,Positive,2,1
3878598,Serie A 2015/2016,Carpi,77,0,0,13,2,76-90+,Right Wing Back,FW,0.1379,0.0576,0.0803,1,47,24,0.0881,0.3102,-0.2221,-0.3024,Negative,3,0
3878598,Serie A 2015/2016,Carpi,81,0,0,9,3,76-90+,Center Defensive Midfield,MF,0.0398,0.0576,-0.0178,1,41,28,0.0483,0.3102,-0.2619,-0.2441,Negative,3,1
3878598,Serie A 2015/2016,Palermo,82,0,1,8,3,76-90+,Center Defensive Midfield,MF,0.0576,0.0398,0.0178,3,83,29,0.3102,0.0483,0.2619,0.2441,Positive,3,1
3878597,Serie A 2015/2016,Napoli,58,0,0,32,1,31-60,Center Defensive Midfield,MF,0.443,0.1406,0.3024,2,107,28,0.2169,0.0502,0.1667,-0.1357,Negative,1,1
3878597,Serie A 2015/2016,Napoli,64,0,0,26,2,61-75,Right Center Forward,FW,0.6125,0.1651,0.4474,3,107,21,0.0229,0.0257,-0.0028,-0.4502,Negative,2,0
3878597,Serie A 2015/2016,Empoli,67,0,1,23,1,61-75,Left Center Forward,FW,0.1908,0.194,-0.0032,4,66,41,0.0,0.0229,-0.0229,-0.0197,Neutral,2,0
3878597,Serie A 2015/2016,Empoli,71,0,1,19,2,61-75,Right Center Midfield,MF,0.0502,0.2169,-0.1667,2,70,33,0.039,0.0,0.039,0.2057,Positive,2,1
3878597,Serie A 2015/2016,Napoli,71,0,0,19,3,61-75,Center Attacking Midfield,MF,0.2169,0.0502,0.1667,3,116,19,0.0,0.039,-0.039,-0.2057,Negative,2,1
3878597,Serie A 2015/2016,Empoli,79,0,1,11,3,76-90+,Right Back,DF,0.0257,0.0229,0.0028,1,66,30,0.0495,0.094,-0.0445,-0.0473,Neutral,3,2
3878596,Serie A 2015/2016,Torino,15,0,0,75,1,0-30,Left Wing Back,FW,0.0,0.1452,-0.1452,0,40,28,0.0116,0.0,0.0116,0.1568,Positive,0,0
3878596,Serie A 2015/2016,Torino,50,-1,0,40,2,31-60,Left Center Midfield,MF,0.0,1.2683,-1.2683,0,100,31,0.5282,0.1374,0.3908,1.6591,Positive,1,1
3878596,Serie A 2015/2016,Torino,57,-1,0,33,3,31-60,Left Center Forward,FW,0.013,1.1919,-1.1789,1,90,35,1.4099,0.1586,1.2513,2.4302,Positive,1,0
3878596,Serie A 2015/2016,Hellas Verona,62,1,1,28,1,61-75,Right Wing,FW,0.9209,0.5282,0.3927,3,59,21,0.0906,0.9632,-0.8726,-1.2653,Negative,2,0
3878596,Serie A 2015/2016,Hellas Verona,82,0,1,8,2,76-90+,Left Wing,FW,0.0906,0.1013,-0.0107,2,68,24,0.0508,0.0044,0.0464,0.0571,Neutral,3,0
3878596,Serie A 2015/2016,Hellas Verona,83,0,1,7,3,76-90+,Right Center Midfield,MF,0.0906,0.1013,-0.0107,2,60,19,0.0508,0.0044,0.0464,0.0571,Neutral,3,1
3878595,Serie A 2015/2016,Lazio,55,0,1,35,1,31-60,Right Wing,FW,0.1207,0.0,0.1207,4,119,38,0.4454,0.5009,-0.0555,-0.1762,Negative,1,0
3878595,Serie A 2015/2016,Lazio,55,0,1,35,2,31-60,Left Wing,FW,0.1207,0.0,0.1207,4,119,38,0.4454,0.5009,-0.0555,-0.1762,Negative,1,0
3878595,Serie A 2015/2016,Udinese,55,0,0,35,1,31-60,Left Center Midfield,MF,0.0,0.1207,-0.1207,0,65,39,0.5009,0.4454,0.0555,0.1762,Positive,1,1
3878595,Serie A 2015/2016,Udinese,70,-1,0,20,2,61-75,Right Center Forward,FW,0.5009,0.4454,0.0555,6,77,25,0.3121,0.1206,0.1915,0.136,Positive,2,0
3878595,Serie A 2015/2016,Udinese,77,-2,0,13,3,76-90+,Right Center Midfield,MF,0.1397,0.5357,-0.396,2,76,37,0.3121,0.0992,0.2129,0.6089,Positive,3,1
3878595,Serie A 2015/2016,Lazio,82,2,1,8,3,76-90+,Center Attacking Midfield,MF,0.2174,0.293,-0.0756,4,78,28,0.0992,0.068,0.0312,0.1068,Positive,3,1
3878594,Serie A 2015/2016,Juventus,45,-1,1,45,1,31-60,Center Defensive Midfield,MF,0.2545,0.0333,0.2212,5,131,20,0.8078,0.2021,0.6057,0.3845,Positive,1,1
3878594,Serie A 2015/2016,Chievo,57,1,0,33,1,31-60,Right Center Back,DF,0.2021,0.7635,-0.5614,1,35,39,0.0,0.2175,-0.2175,0.3439,Positive,1,2
3878594,Serie A 2015/2016,Juventus,64,-1,1,26,2,61-75,Right Center Midfield,MF,0.8078,0.2021,0.6057,5,101,29,0.116,0.0494,0.0666,-0.5391,Negative,2,1
3878594,Serie A 2015/2016,Chievo,65,1,0,25,2,61-75,Right Center Forward,FW,0.2021,0.8078,-0.6057,1,54,26,0.0494,0.2259,-0.1765,0.4292,Positive,2,0
3878594,Serie A 2015/2016,Juventus,72,-1,1,18,3,61-75,Right Center Forward,FW,0.2175,0.0,0.2175,3,113,23,0.8998,0.0494,0.8504,0.6329,Positive,2,0
3878594,Serie A 2015/2016,Chievo,72,1,0,18,3,61-75,Left Center Forward,FW,0.0,0.2175,-0.2175,0,44,29,0.0494,0.8998,-0.8504,-0.6329,Negative,2,0
3878593,Serie A 2015/2016,Frosinone,19,0,1,71,1,0-30,Left Defensive Midfield,MF,0.007,0.1023,-0.0953,1,47,29,0.2148,0.1922,0.0226,0.1179,Positive,0,1
3878593,Serie A 2015/2016,AS Roma,56,1,0,34,1,31-60,Center Forward,FW,0.3205,0.1042,0.2163,2,85,28,0.1673,0.1383,0.029,-0.1873,Negative,1,0
3878593,Serie A 2015/2016,AS Roma,68,1,0,22,2,61-75,Left Wing,FW,0.1673,0.11,0.0573,2,46,24,0.2304,0.097,0.1334,0.0761,Neutral,2,0
3878593,Serie A 2015/2016,Frosinone,76,-1,1,14,2,76-90+,Left Center Forward,FW,0.1163,0.0491,0.0672,3,65,30,0.0673,0.399,-0.3317,-0.3989,Negative,3,0
3878593,Serie A 2015/2016,AS Roma,80,1,0,10,3,76-90+,Center Forward,FW,0.2304,0.0574,0.173,4,87,28,0.4302,0.0591,0.3711,0.1981,Positive,3,0
3878592,Serie A 2015/2016,Genoa,54,0,0,36,1,31-60,Right Defensive Midfield,MF,0.3218,0.0,0.3218,1,74,44,0.448,0.5435,-0.0955,-0.4173,Negative,1,1
3878592,Serie A 2015/2016,Fiorentina,62,1,1,28,1,61-75,Left Wing,FW,0.3565,0.0,0.3565,3,66,23,0.187,0.448,-0.261,-0.6175,Negative,2,0
3878592,Serie A 2015/2016,Fiorentina,64,1,1,26,2,61-75,Center Forward,FW,0.3565,0.3504,0.0061,3,64,20,0.187,0.1217,0.0653,0.0592,Neutral,2,0
3878592,Serie A 2015/2016,Genoa,72,-1,0,18,2,61-75,Left Center Back,DF,0.448,0.5435,-0.0955,3,82,15,0.1824,0.0,0.1824,0.2779,Positive,2,2
3878592,Serie A 2015/2016,Genoa,76,-1,0,14,3,76-90+,Right Wing,FW,0.448,0.2031,0.2449,3,80,11,0.1824,0.0,0.1824,-0.0625,Neutral,3,0
3878592,Serie A 2015/2016,Fiorentina,79,1,1,11,3,76-90+,Left Midfield,MF,0.187,0.1217,0.0653,1,36,23,0.0,0.2036,-0.2036,-0.2689,Negative,3,1
3878558,Serie A 2015/2016,Sampdoria,21,-1,0,69,1,0-30,Left Center Back,DF,0.0635,0.4467,-0.3832,3,85,37,0.0,0.3367,-0.3367,0.0465,Neutral,0,2
3878558,Serie A 2015/2016,Napoli,57,1,1,33,1,31-60,Right Center Midfield,MF,0.3475,0.7835,-0.436,5,119,36,0.2645,0.2087,0.0558,0.4918,Positive,1,1
3878558,Serie A 2015/2016,Napoli,67,0,1,23,2,61-75,Center Defensive Midfield,MF,0.1018,0.9922,-0.8904,3,93,32,0.336,0.1125,0.2235,1.1139,Positive,2,1
3878558,Serie A 2015/2016,Napoli,70,0,1,20,3,61-75,Left Back,DF,0.2645,0.9922,-0.7277,5,95,34,0.1961,0.1125,0.0836,0.8113,Positive,2,2
3878557,Serie A 2015/2016,Udinese,57,-1,1,33,1,31-60,Right Center Midfield,MF,0.0834,0.0,0.0834,2,101,46,0.0324,0.0082,0.0242,-0.0592,Neutral,1,1
3878557,Serie A 2015/2016,Palermo,64,1,0,26,1,61-75,Right Wing Back,FW,0.0082,0.1157,-0.1075,1,52,48,0.0,0.1627,-0.1627,-0.0552,Neutral,2,0
3878557,Serie A 2015/2016,Udinese,70,-1,1,20,2,61-75,Right Center Back,DF,0.0324,0.0082,0.0242,2,84,24,0.2535,0.0,0.2535,0.2293,Positive,2,2
3878557,Serie A 2015/2016,Palermo,76,1,0,14,2,76-90+,Right Center Midfield,MF,0.0082,0.1542,-0.146,1,51,36,0.0,0.5373,-0.5373,-0.3913,Negative,3,1
3878557,Serie A 2015/2016,Udinese,79,-1,1,11,3,76-90+,Center Defensive Midfield,MF,0.1627,0.0,0.1627,3,94,16,0.5899,0.0,0.5899,0.4272,Positive,3,1
3878557,Serie A 2015/2016,Palermo,82,1,0,8,3,76-90+,Right Wing Back,FW,0.0,0.2535,-0.2535,0,44,34,0.0,0.5235,-0.5235,-0.27,Negative,3,0
3878556,Serie A 2015/2016,Torino,60,-1,1,30,1,31-60,Left Center Forward,FW,0.0953,0.0084,0.0869,1,66,35,0.3207,0.0085,0.3122,0.2253,Positive,1,0
3878556,Serie A 2015/2016,Fiorentina,63,1,0,27,1,61-75,Left Attacking Midfield,MF,0.0084,0.0,0.0084,1,88,18,0.0085,0.3476,-0.3391,-0.3475,Negative,2,1
3878556,Serie A 2015/2016,Torino,64,-1,1,26,2,61-75,Right Center Midfield,MF,0.0,0.0084,-0.0084,0,48,28,0.3476,0.0085,0.3391,0.3475,Positive,2,1
3878556,Serie A 2015/2016,Fiorentina,72,-1,0,18,2,61-75,Right Attacking Midfield,MF,0.0085,0.3207,-0.3122,1,87,20,0.0401,0.0617,-0.0216,0.2906,Positive,2,1
3878556,Serie A 2015/2016,Fiorentina,75,-1,0,15,3,61-75,Right Wing Back,FW,0.0085,0.3207,-0.3122,1,87,23,0.1227,0.0617,0.061,0.3732,Positive,2,0
3878556,Serie A 2015/2016,Torino,83,2,1,7,3,76-90+,Left Center Midfield,MF,0.1242,0.0,0.1242,2,53,26,0.0566,0.1227,-0.0661,-0.1903,Negative,3,1
3878555,Serie A 2015/2016,Juventus,62,-1,0,28,1,61-75,Right Center Forward,FW,0.0511,0.2744,-0.2233,1,43,25,0.1767,0.1814,-0.0047,0.2186,Positive,2,0
3878555,Serie A 2015/2016,Juventus,71,-1,0,19,2,61-75,Right Wing Back,FW,0.1767,0.2812,-0.1045,2,47,16,0.1088,0.5405,-0.4317,-0.3272,Negative,2,0
3878555,Serie A 2015/2016,Juventus,74,-1,0,16,3,61-75,Center Defensive Midfield,MF,0.1767,0.3781,-0.2014,2,50,16,0.5765,0.366,0.2105,0.4119,Positive,2,1
3878555,Serie A 2015/2016,AS Roma,76,1,1,14,1,76-90+,Right Wing,FW,0.1814,0.1767,0.0047,2,51,9,0.366,0.5826,-0.2166,-0.2213,Negative,3,0
3878554,Serie A 2015/2016,Hellas Verona,21,0,0,69,1,0-30,Left Center Midfield,MF,0.0211,0.0062,0.0149,1,43,31,0.2582,0.1073,0.1509,0.136,Positive,0,1
3878554,Serie A 2015/2016,Genoa,55,0,1,35,1,31-60,Left Center Forward,FW,0.3056,0.0205,0.2851,6,113,26,0.655,0.0999,0.5551,0.27,Positive,1,0
3878554,Serie A 2015/2016,Hellas Verona,67,-1,0,23,2,61-75,Right Wing,FW,0.0999,0.655,-0.5551,2,51,28,0.0199,0.3298,-0.3099,0.2452,Positive,2,0
3878554,Serie A 2015/2016,Genoa,71,1,1,19,2,61-75,Left Center Forward,FW,0.655,0.0999,0.5551,5,84,12,0.4172,0.0485,0.3687,-0.1864,Negative,2,0
3878554,Serie A 2015/2016,Genoa,73,1,1,17,3,61-75,Left Center Back,DF,0.2179,0.1197,0.0982,4,81,10,0.5115,0.0528,0.4587,0.3605,Positive,2,2
3878554,Serie A 2015/2016,Hellas Verona,83,-2,0,7,3,76-90+,Right Midfield,MF,0.0199,0.4172,-0.3973,1,64,35,0.0917,0.0943,-0.0026,0.3947,Positive,3,1
3878553,Serie A 2015/2016,Lazio,45,-3,0,45,1,31-60,Left Center Midfield,MF,0.0,0.0105,-0.0105,0,102,23,0.0695,0.4811,-0.4116,-0.4011,Negative,1,1
3878553,Serie A 2015/2016,Lazio,45,-3,0,45,2,31-60,Right Back,DF,0.0,0.0105,-0.0105,0,102,23,0.0695,0.4811,-0.4116,-0.4011,Negative,1,2
3878553,Serie A 2015/2016,Lazio,58,-3,0,32,3,31-60,Right Wing,FW,0.0695,0.4916,-0.4221,2,122,23,0.0239,0.4225,-0.3986,0.0235,Neutral,1,0
3878553,Serie A 2015/2016,Chievo,72,4,1,18,1,61-75,Center Defensive Midfield,MF,0.4225,0.0239,0.3986,2,69,42,0.0,0.0735,-0.0735,-0.4721,Negative,2,1
3878553,Serie A 2015/2016,Chievo,81,4,1,9,2,76-90+,Center Attacking Midfield,MF,0.3738,0.0147,0.3591,1,66,31,0.0,0.1321,-0.1321,-0.4912,Negative,3,1
3878552,Serie A 2015/2016,Carpi,65,-1,1,25,1,61-75,Right Center Forward,FW,0.0104,0.0,0.0104,1,53,38,0.0533,0.1406,-0.0873,-0.0977,Neutral,2,0
3878552,Serie A 2015/2016,Carpi,75,-1,1,15,2,61-75,Right Wing Back,FW,0.0104,0.1406,-0.1302,1,54,24,0.2676,1.2022,-0.9346,-0.8044,Negative,2,0
3878552,Serie A 2015/2016,Carpi,78,-1,1,12,3,76-90+,Left Center Midfield,MF,0.0533,0.1406,-0.0873,1,57,14,0.3011,1.2991,-0.998,-0.9107,Negative,3,1
3878552,Serie A 2015/2016,Inter Milan,79,1,0,11,1,76-90+,Right Back,DF,0.1406,0.0533,0.0873,2,68,31,1.2991,0.3011,0.998,0.9107,Positive,3,2
3878552,Serie A 2015/2016,Inter Milan,84,0,0,6,2,76-90+,Center Attacking Midfield,MF,0.1406,0.232,-0.0914,2,91,31,1.2991,0.1224,1.1767,1.2681,Positive,3,1
3878551,Serie A 2015/2016,AC Milan,45,0,1,45,1,31-60,Left Center Midfield,MF,0.0285,0.2132,-0.1847,1,75,38,0.0,0.154,-0.154,0.0307,Neutral,1,1
3878551,Serie A 2015/2016,AC Milan,54,0,1,36,2,31-60,Center Attacking Midfield,MF,0.0,0.3159,-0.3159,0,62,44,0.1707,0.1291,0.0416,0.3575,Positive,1,1
3878551,Serie A 2015/2016,Empoli,61,0,0,29,1,61-75,Left Center Forward,FW,0.1011,0.0,0.1011,4,78,14,0.2393,0.1707,0.0686,-0.0325,Neutral,2,0
3878551,Serie A 2015/2016,Empoli,75,-1,0,15,2,61-75,Center Defensive Midfield,MF,0.2393,0.1707,0.0686,4,74,23,0.049,0.0211,0.0279,-0.0407,Neutral,2,1
3878551,Serie A 2015/2016,Empoli,79,-1,0,11,3,76-90+,Left Center Back,DF,0.1341,0.1918,-0.0577,3,73,28,0.049,0.0,0.049,0.1067,Positive,3,2
3878551,Serie A 2015/2016,AC Milan,82,1,1,8,3,76-90+,Right Center Midfield,MF,0.1918,0.1495,0.0423,2,55,34,0.0,0.0097,-0.0097,-0.052,Neutral,3,1
3878550,Serie A 2015/2016,Bologna,45,0,1,45,1,31-60,Right Back,DF,0.0,0.0846,-0.0846,0,55,31,0.048,0.0902,-0.0422,0.0424,Neutral,1,2
3878550,Serie A 2015/2016,Bologna,54,0,1,36,2,31-60,Right Center Midfield,MF,0.0122,0.1749,-0.1627,1,43,36,0.0359,0.0,0.0359,0.1986,Positive,1,1
3878550,Serie A 2015/2016,Sassuolo,61,0,0,29,1,61-75,Right Wing,FW,0.0835,0.048,0.0355,2,87,22,0.0,0.0247,-0.0247,-0.0602,Neutral,2,0
3878550,Serie A 2015/2016,Bologna,69,0,1,21,3,61-75,Center Forward,FW,0.0359,0.0,0.0359,1,74,24,0.0371,0.0,0.0371,0.0012,Neutral,2,0
3878550,Serie A 2015/2016,Sassuolo,73,0,0,17,2,61-75,Center Forward,FW,0.0,0.0,0.0,0,76,20,0.3276,0.0371,0.2905,0.2905,Positive,2,0
3878550,Serie A 2015/2016,Sassuolo,79,0,0,11,3,76-90+,Right Wing,FW,0.0,0.0247,-0.0247,0,65,24,0.3589,0.0124,0.3465,0.3712,Positive,3,0
3878549,Serie A 2015/2016,Chievo,42,-1,0,48,1,31-60,Right Defensive Midfield,MF,0.0,0.1005,-0.1005,0,84,25,0.2603,0.2187,0.0416,0.1421,Positive,1,1
3878549,Serie A 2015/2016,Chievo,45,-1,0,45,2,31-60,Left Center Forward,FW,0.0,0.2655,-0.2655,0,79,24,0.2923,0.0,0.2923,0.5578,Positive,1,0
3878549,Serie A 2015/2016,Empoli,56,0,1,34,1,31-60,Left Center Midfield,MF,0.2187,0.2603,-0.0416,2,99,28,0.0683,0.3155,-0.2472,-0.2056,Negative,1,1
3878549,Serie A 2015/2016,Empoli,62,-1,1,28,2,61-75,Left Center Forward,FW,0.0,0.2923,-0.2923,0,74,30,0.0683,0.2835,-0.2152,0.0771,Neutral,2,0
3878549,Serie A 2015/2016,Empoli,72,-2,1,18,3,61-75,Center Defensive Midfield,MF,0.0683,0.3155,-0.2472,2,86,32,0.0073,0.0,0.0073,0.2545,Positive,2,1
3878548,Serie A 2015/2016,Udinese,51,0,0,39,1,31-60,Right Center Midfield,MF,0.0301,0.164,-0.1339,1,66,17,0.0,0.9534,-0.9534,-0.8195,Negative,1,1
3878548,Serie A 2015/2016,Juventus,63,0,1,27,1,61-75,Left Center Forward,FW,0.9124,0.0301,0.8823,5,82,20,0.0782,0.2431,-0.1649,-1.0472,Negative,2,0
3878548,Serie A 2015/2016,Udinese,65,0,0,25,2,61-75,Right Center Forward,FW,0.0,0.9534,-0.9534,0,60,26,0.2958,0.0372,0.2586,1.212,Positive,2,0
3878548,Serie A 2015/2016,Juventus,78,-1,1,12,2,76-90+,Right Center Midfield,MF,0.0782,0.2431,-0.1649,3,96,11,0.16,0.2126,-0.0526,0.1123,Positive,3,1
3878548,Serie A 2015/2016,Juventus,80,-1,1,10,3,76-90+,Right Wing Back,FW,0.0372,0.2958,-0.2586,2,92,13,0.16,0.16,0.0,0.2586,Positive,3,0
3878548,Serie A 2015/2016,Udinese,85,1,0,5,3,76-90+,Left Wing Back,FW,0.3636,0.0907,0.2729,3,25,21,0.0921,0.1066,-0.0145,-0.2874,Negative,3,0
3878547,Serie A 2015/2016,Torino,60,0,0,30,1,31-60,Right Center Forward,FW,0.3774,0.0,0.3774,7,87,40,0.2249,0.1214,0.1035,-0.2739,Negative,1,0
3878547,Serie A 2015/2016,Frosinone,67,-1,1,23,1,61-75,Left Midfield,MF,0.1214,0.445,-0.3236,1,78,28,0.0118,0.0892,-0.0774,0.2462,Positive,2,1
3878547,Serie A 2015/2016,Frosinone,75,-1,1,15,2,61-75,Right Back,DF,0.1214,0.2249,-0.1035,1,53,21,0.1528,0.0892,0.0636,0.1671,Positive,2,2
3878547,Serie A 2015/2016,Torino,78,1,0,12,2,76-90+,Right Center Midfield,MF,0.2065,0.1276,0.0789,3,42,25,0.0071,0.1467,-0.1396,-0.2185,Negative,3,1
3878547,Serie A 2015/2016,Frosinone,83,-1,1,7,3,76-90+,Right Center Forward,FW,0.0472,0.0892,-0.042,3,60,23,0.1056,0.0151,0.0905,0.1325,Positive,3,0
3878547,Serie A 2015/2016,Torino,85,1,0,5,3,76-90+,Left Center Midfield,MF,0.0892,0.0539,0.0353,1,36,30,0.0151,0.0989,-0.0838,-0.1191,Negative,3,1
3878546,Serie A 2015/2016,Napoli,62,0,0,28,1,61-75,Right Center Forward,FW,0.0795,0.2789,-0.1994,2,103,18,0.1747,0.2592,-0.0845,0.1149,Positive,2,0
3878546,Serie A 2015/2016,Sassuolo,62,0,1,28,1,61-75,Right Wing,FW,0.2789,0.0795,0.1994,4,57,55,0.2592,0.1747,0.0845,-0.1149,Negative,2,0
3878546,Serie A 2015/2016,Napoli,72,0,0,18,2,61-75,Center Attacking Midfield,MF,0.1627,0.2876,-0.1249,4,73,27,0.1425,0.5601,-0.4176,-0.2927,Negative,2,1
3878546,Serie A 2015/2016,Sassuolo,72,0,1,18,2,61-75,Left Wing,FW,0.2876,0.1627,0.1249,4,57,33,0.5601,0.1425,0.4176,0.2927,Positive,2,0
3878546,Serie A 2015/2016,Napoli,79,0,0,11,3,76-90+,Left Center Forward,FW,0.1747,0.0,0.1747,5,87,31,0.1008,0.5601,-0.4593,-0.634,Negative,3,0
3878546,Serie A 2015/2016,Sassuolo,81,0,1,9,3,76-90+,Center Forward,FW,0.0,0.1747,-0.1747,0,51,41,0.5601,0.1008,0.4593,0.634,Positive,3,0
3878545,Serie A 2015/2016,Carpi,55,-4,0,35,1,31-60,Center Forward,FW,0.0098,0.0548,-0.045,1,86,37,0.8625,0.1444,0.7181,0.7631,Positive,1,0
3878545,Serie A 2015/2016,Carpi,59,-4,0,31,2,31-60,Left Back,DF,0.0098,0.0,0.0098,1,82,37,0.9913,0.1444,0.8469,0.8371,Positive,1,2
3878545,Serie A 2015/2016,Carpi,68,-4,0,22,3,61-75,Right Back,DF,0.8723,0.0704,0.8019,6,50,24,0.4412,0.074,0.3672,-0.4347,Negative,2,2
3878545,Serie A 2015/2016,Sampdoria,74,4,1,16,1,61-75,Right Center Forward,FW,0.1444,0.9913,-0.8469,2,60,27,0.0,0.6217,-0.6217,0.2252,Positive,2,0
3878545,Serie A 2015/2016,Sampdoria,82,4,1,8,2,76-90+,Center Attacking Midfield,MF,0.1444,0.4412,-0.2968,2,43,28,0.0,1.1356,-1.1356,-0.8388,Negative,3,1
3878544,Serie A 2015/2016,Palermo,32,0,1,58,1,31-60,Left Center Midfield,MF,0.2833,0.0319,0.2514,2,49,30,0.0311,0.0,0.0311,-0.2203,Negative,1,1
3878544,Serie A 2015/2016,Genoa,51,0,0,39,1,31-60,Right Center Forward,FW,0.0,0.2067,-0.2067,0,123,34,0.1752,0.1352,0.04,0.2467,Positive,1,0
3878544,Serie A 2015/2016,Genoa,67,0,0,23,2,61-75,Right Center Forward,FW,0.1752,0.1352,0.04,2,125,26,0.0,0.2364,-0.2364,-0.2764,Negative,2,0
3878544,Serie A 2015/2016,Palermo,72,0,1,18,2,61-75,Left Defensive Midfield,MF,0.1365,0.1752,-0.0387,2,56,27,0.2029,0.0,0.2029,0.2416,Positive,2,1
3878544,Serie A 2015/2016,Genoa,82,0,0,8,3,76-90+,Center Attacking Midfield,MF,0.0,0.2364,-0.2364,0,87,25,0.0,0.2943,-0.2943,-0.0579,Neutral,3,1
3878543,Serie A 2015/2016,Inter Milan,14,0,1,76,1,0-30,Left Center Forward,FW,0.069,0.0959,-0.0269,3,114,29,0.0682,0.108,-0.0398,-0.0129,Neutral,0,0
3878543,Serie A 2015/2016,Atalanta,23,0,0,67,1,0-30,Center Forward,FW,0.0365,0.0634,-0.0269,1,84,44,0.0715,0.0252,0.0463,0.0732,Neutral,0,0
3878543,Serie A 2015/2016,Inter Milan,45,0,1,45,2,31-60,Right Center Midfield,MF,0.1394,0.0,0.1394,3,99,27,0.0624,0.0114,0.051,-0.0884,Neutral,1,1
3878543,Serie A 2015/2016,Atalanta,63,0,0,27,2,61-75,Right Wing,FW,0.0114,0.1276,-0.1162,1,56,35,0.0,0.12,-0.12,-0.0038,Neutral,2,0
3878543,Serie A 2015/2016,Atalanta,77,0,0,13,3,76-90+,Left Midfield,MF,0.0,0.2163,-0.2163,0,39,47,0.0,0.3649,-0.3649,-0.1486,Negative,3,1
3878543,Serie A 2015/2016,Inter Milan,84,0,1,6,3,76-90+,Right Center Midfield,MF,0.184,0.0,0.184,5,90,14,0.3297,0.0,0.3297,0.1457,Positive,3,1
3878542,Serie A 2015/2016,AC Milan,38,-1,0,52,1,31-60,Center Attacking Midfield,MF,0.177,0.0525,0.1245,1,56,22,0.0095,0.5602,-0.5507,-0.6752,Negative,1,1
3878542,Serie A 2015/2016,Fiorentina,58,2,1,32,1,31-60,Left Center Back,DF,1.3114,0.0095,1.3019,3,88,33,0.0617,0.0351,0.0266,-1.2753,Negative,1,2
3878542,Serie A 2015/2016,Fiorentina,67,2,1,23,2,61-75,Right Attacking Midfield,MF,1.3114,0.0351,1.2763,3,78,29,0.0617,0.0465,0.0152,-1.2611,Negative,2,1
3878542,Serie A 2015/2016,AC Milan,69,-2,0,21,2,61-75,Right Center Midfield,MF,0.0351,0.7835,-0.7484,1,62,27,0.0465,0.0617,-0.0152,0.7332,Positive,2,1
3878542,Serie A 2015/2016,AC Milan,77,-2,0,13,3,76-90+,Right Center Forward,FW,0.0465,0.0617,-0.0152,1,73,29,0.0958,0.0,0.0958,0.111,Positive,3,0
3878542,Serie A 2015/2016,Fiorentina,80,2,1,10,3,76-90+,Left Attacking Midfield,MF,0.0617,0.0465,0.0152,1,123,24,0.0,0.1068,-0.1068,-0.122,Negative,3,1
3878540,Serie A 2015/2016,Bologna,45,-1,0,45,1,31-60,Right Center Midfield,MF,0.3221,0.0969,0.2252,1,90,23,0.0,0.2825,-0.2825,-0.5077,Negative,1,1
3878540,Serie A 2015/2016,Lazio,50,1,1,40,1,31-60,Center Defensive Midfield,MF,0.312,0.3221,-0.0101,4,137,40,0.2568,0.0,0.2568,0.2669,Positive,1,1
3878540,Serie A 2015/2016,Lazio,60,1,1,30,2,31-60,Left Center Midfield,MF,0.2825,0.0,0.2825,5,103,24,0.2898,0.0293,0.2605,-0.022,Neutral,1,1
3878540,Serie A 2015/2016,Lazio,74,1,1,16,3,61-75,Left Wing,FW,0.2898,0.0293,0.2605,5,76,29,0.1232,0.0,0.1232,-0.1373,Negative,2,0
3878540,Serie A 2015/2016,Bologna,75,-1,0,15,2,61-75,Right Center Forward,FW,0.0293,0.2898,-0.2605,1,82,25,0.0,0.1541,-0.1541,0.1064,Positive,2,0
3878540,Serie A 2015/2016,Bologna,82,-1,0,8,3,76-90+,Center Defensive Midfield,MF,0.0,0.1769,-0.1769,0,64,25,0.1445,0.0461,0.0984,0.2753,Positive,3,1
3857276,FIFA World Cup 2022,Canada,59,-2,1,31,1,31-60,Center Forward,FW,0.0519,0.0945,-0.0426,1,142,30,0.7257,0.0,0.7257,0.7683,Positive,1,0
3857276,FIFA World Cup 2022,Canada,59,-2,1,31,2,31-60,Left Defensive Midfield,MF,0.0519,0.0945,-0.0426,1,142,30,0.7257,0.0,0.7257,0.7683,Positive,1,1
3857276,FIFA World Cup 2022,Canada,60,-2,1,30,3,31-60,Left Back,DF,0.0519,0.0945,-0.0426,1,133,27,0.7257,0.0,0.7257,0.7683,Positive,1,2
3857276,FIFA World Cup 2022,Morocco,64,2,0,26,1,61-75,Left Wing,FW,0.0,0.0519,-0.0519,0,55,28,0.0,0.7257,-0.7257,-0.6738,Negative,2,0
3857276,FIFA World Cup 2022,Morocco,64,2,0,26,2,61-75,Left Center Midfield,MF,0.0,0.0519,-0.0519,0,55,28,0.0,0.7257,-0.7257,-0.6738,Negative,2,1
3857276,FIFA World Cup 2022,Canada,65,-2,1,25,4,61-75,Left Midfield,MF,0.0519,0.0,0.0519,1,115,20,0.7257,0.0,0.7257,0.6738,Positive,2,1
3857276,FIFA World Cup 2022,Canada,75,-2,1,15,5,61-75,Left Midfield,MF,0.7257,0.0,0.7257,2,87,23,0.0,0.0,0.0,-0.7257,Negative,2,1
3857276,FIFA World Cup 2022,Morocco,75,2,0,15,3,61-75,Right Wing,FW,0.0,0.7257,-0.7257,0,46,23,0.0,0.0,0.0,0.7257,Positive,2,0
3857276,FIFA World Cup 2022,Morocco,75,2,0,15,4,61-75,Right Center Midfield,MF,0.0,0.7257,-0.7257,0,46,23,0.0,0.0,0.0,0.7257,Positive,2,1
3857276,FIFA World Cup 2022,Morocco,84,2,0,6,5,76-90+,Right Wing Back,FW,0.0,0.7257,-0.7257,0,25,25,0.0,0.0,0.0,0.7257,Positive,3,0
3857271,FIFA World Cup 2022,Iran,19,0,0,71,1,0-30,Goalkeeper,GK,0.0,0.2331,-0.2331,0,4,11,0.0,0.1651,-0.1651,0.068,Neutral,0,3
3857271,FIFA World Cup 2022,Iran,45,-2,0,45,2,31-60,Left Defensive Midfield,MF,0.0,0.2138,-0.2138,0,40,18,0.1123,0.2529,-0.1406,0.0732,Neutral,1,1
3857271,FIFA World Cup 2022,Iran,45,-2,0,45,3,31-60,Right Wing,FW,0.0,0.2138,-0.2138,0,40,18,0.1123,0.2529,-0.1406,0.0732,Neutral,1,0
3857271,FIFA World Cup 2022,Iran,45,-2,0,45,4,31-60,Center Back,DF,0.0,0.2138,-0.2138,0,40,18,0.1123,0.2529,-0.1406,0.0732,Neutral,1,2
3857271,FIFA World Cup 2022,Iran,62,-4,0,28,5,61-75,Left Wing Back,FW,0.1189,0.1444,-0.0255,2,55,46,0.202,0.4081,-0.2061,-0.1806,Negative,2,0
3857271,FIFA World Cup 2022,England,70,3,1,20,1,61-75,Left Wing,FW,0.1016,0.2588,-0.1572,2,98,19,0.4858,0.062,0.4238,0.581,Positive,2,0
3857271,FIFA World Cup 2022,England,70,3,1,20,2,61-75,Right Wing,FW,0.1016,0.2588,-0.1572,2,98,19,0.4858,0.062,0.4238,0.581,Positive,2,0
3857271,FIFA World Cup 2022,England,70,3,1,20,3,61-75,Left Center Back,DF,0.1016,0.2588,-0.1572,2,98,19,0.4858,0.062,0.4238,0.581,Positive,2,2
3857271,FIFA World Cup 2022,England,70,3,1,20,4,61-75,Center Attacking Midfield,MF,0.1016,0.2588,-0.1572,2,98,19,0.4858,0.062,0.4238,0.581,Positive,2,1
3857271,FIFA World Cup 2022,England,75,4,1,15,5,61-75,Center Forward,FW,0.4881,0.1465,0.3416,2,65,16,0.704,0.062,0.642,0.3004,Positive,2,0
3857271,FIFA World Cup 2022,Iran,76,-4,0,14,6,76-90+,Right Defensive Midfield,MF,0.14,0.4881,-0.3481,3,41,7,0.062,0.704,-0.642,-0.2939,Negative,3,1
3857296,FIFA World Cup 2022,Belgium,45,0,0,45,1,31-60,Center Attacking Midfield,MF,0.108,0.1829,-0.0749,1,140,13,0.4937,0.4065,0.0872,0.1621,Positive,1,1
3857296,FIFA World Cup 2022,Belgium,58,0,0,32,2,31-60,Center Attacking Midfield,MF,0.1947,0.4309,-0.2362,3,108,28,0.6076,0.0716,0.536,0.7722,Positive,1,1
3857296,FIFA World Cup 2022,Croatia,63,0,1,27,1,61-75,Center Forward,FW,0.4065,0.7692,-0.3627,6,146,19,0.0716,0.0766,-0.005,0.3577,Positive,2,0
3857296,FIFA World Cup 2022,Croatia,63,0,1,27,2,61-75,Right Wing,FW,0.4065,0.7692,-0.3627,6,146,19,0.0716,0.0766,-0.005,0.3577,Positive,2,0
3857296,FIFA World Cup 2022,Belgium,71,0,0,19,3,61-75,Center Attacking Midfield,MF,0.6076,0.0716,0.536,4,88,19,0.0705,0.0,0.0705,-0.4655,Negative,2,1
3857296,FIFA World Cup 2022,Belgium,71,0,0,19,4,61-75,Right Defensive Midfield,MF,0.6076,0.0716,0.536,4,88,19,0.0705,0.0,0.0705,-0.4655,Negative,2,1
3857274,FIFA World Cup 2022,Netherlands,45,1,1,45,1,31-60,Left Center Forward,FW,0.0,0.0299,-0.0299,0,95,25,0.0,1.2499,-1.2499,-1.22,Negative,1,0
3857274,FIFA World Cup 2022,Netherlands,68,0,1,22,2,61-75,Center Attacking Midfield,MF,0.0452,0.2762,-0.231,1,99,11,0.0,0.0407,-0.0407,0.1903,Positive,2,1
3857274,FIFA World Cup 2022,Ecuador,73,0,0,17,1,61-75,Center Forward,FW,0.3094,0.0452,0.2642,4,46,35,0.0075,0.0,0.0075,-0.2567,Negative,2,0
3857274,FIFA World Cup 2022,Netherlands,78,0,1,12,3,76-90+,Right Center Forward,FW,0.0452,0.1674,-0.1222,1,92,16,0.0,0.0413,-0.0413,0.0809,Neutral,3,0
3857274,FIFA World Cup 2022,Netherlands,79,0,1,11,4,76-90+,Right Defensive Midfield,MF,0.0452,0.0332,0.012,1,82,18,0.0,0.0413,-0.0413,-0.0533,Neutral,3,1
3857255,FIFA World Cup 2022,Japan,45,-1,1,45,1,31-60,Right Wing,FW,0.0336,0.1039,-0.0703,1,51,35,0.9004,0.0,0.9004,0.9707,Positive,1,0
3857255,FIFA World Cup 2022,Spain,45,1,0,45,1,31-60,Right Back,DF,0.1039,0.0336,0.0703,1,164,17,0.0,0.9004,-0.9004,-0.9707,Negative,1,2
3857255,FIFA World Cup 2022,Japan,45,-1,1,45,2,31-60,Left Wing Back,FW,0.0336,0.1039,-0.0703,1,51,35,0.9004,0.0,0.9004,0.9707,Positive,1,0
3857255,FIFA World Cup 2022,Spain,56,-1,0,34,2,31-60,Right Wing,FW,0.1039,0.9004,-0.7965,1,88,15,0.0,0.1312,-0.1312,0.6653,Positive,1,0
3857255,FIFA World Cup 2022,Spain,56,-1,0,34,3,31-60,Center Forward,FW,0.1039,0.9004,-0.7965,1,88,15,0.0,0.1312,-0.1312,0.6653,Positive,1,0
3857255,FIFA World Cup 2022,Japan,61,1,1,29,3,61-75,Center Forward,FW,0.9004,0.0,0.9004,2,43,28,0.1312,0.0163,0.1149,-0.7855,Negative,2,0
3857255,FIFA World Cup 2022,Spain,67,-1,0,23,4,61-75,Right Center Midfield,MF,0.0,0.0,0.0,0,121,15,0.0328,0.1312,-0.0984,-0.0984,Neutral,2,1
3857255,FIFA World Cup 2022,Japan,68,1,1,22,4,61-75,Left Wing,FW,0.0,0.0,0.0,0,41,33,0.1817,0.0328,0.1489,0.1489,Positive,2,0
3857255,FIFA World Cup 2022,Spain,68,-1,0,22,5,61-75,Left Back,DF,0.0,0.0,0.0,0,121,16,0.0328,0.1817,-0.1489,-0.1489,Negative,2,2
3857272,FIFA World Cup 2022,England,67,0,1,23,1,61-75,Left Wing,FW,0.0,0.0587,-0.0587,0,68,16,0.0,0.0,0.0,0.0587,Neutral,2,0
3857272,FIFA World Cup 2022,England,68,0,1,22,2,61-75,Right Defensive Midfield,MF,0.0,0.0587,-0.0587,0,56,14,0.0,0.0,0.0,0.0587,Neutral,2,1
3857272,FIFA World Cup 2022,United States,76,0,0,14,1,76-90+,Right Midfield,MF,0.0336,0.0,0.0336,1,66,22,0.0,0.0649,-0.0649,-0.0985,Neutral,3,1
3857272,FIFA World Cup 2022,United States,77,0,0,13,2,76-90+,Right Back,DF,0.0,0.0,0.0,0,58,21,0.0,0.0649,-0.0649,-0.0649,Neutral,3,2
3857272,FIFA World Cup 2022,England,77,0,1,13,3,76-90+,Right Wing,FW,0.0,0.0,0.0,0,101,13,0.0649,0.0,0.0649,0.0649,Neutral,3,0
3857272,FIFA World Cup 2022,United States,82,0,0,8,3,76-90+,Right Center Forward,FW,0.0,0.0,0.0,0,61,21,0.0,0.1348,-0.1348,-0.1348,Negative,3,0
3857272,FIFA World Cup 2022,United States,82,0,0,8,4,76-90+,Left Center Forward,FW,0.0,0.0,0.0,0,61,21,0.0,0.1348,-0.1348,-0.1348,Negative,3,0
3857278,FIFA World Cup 2022,Iran,47,-1,1,43,1,31-60,Left Back,DF,0.0,0.6877,-0.6877,0,42,13,0.3913,0.0,0.3913,1.079,Positive,1,2
3857278,FIFA World Cup 2022,United States,45,1,0,45,1,31-60,Left Wing,FW,0.6309,0.0,0.6309,4,56,11,0.0567,0.3913,-0.3346,-0.9655,Negative,1,0
3857278,FIFA World Cup 2022,Iran,45,-1,1,45,2,31-60,Center Forward,FW,0.0,0.6309,-0.6309,0,35,10,0.3913,0.0567,0.3346,0.9655,Positive,1,0
3857278,FIFA World Cup 2022,United States,64,1,0,26,2,61-75,Left Defensive Midfield,MF,0.0,0.3913,-0.3913,0,106,21,0.0804,0.0068,0.0736,0.4649,Positive,2,1
3857278,FIFA World Cup 2022,Iran,70,-1,1,20,3,61-75,Right Center Midfield,MF,0.0068,0.0804,-0.0736,1,55,19,0.0,0.0,0.0,0.0736,Neutral,2,1
3857278,FIFA World Cup 2022,Iran,71,-1,1,19,4,61-75,Left Back,DF,0.0068,0.0804,-0.0736,1,55,19,0.0,0.0,0.0,0.0736,Neutral,2,2
3857278,FIFA World Cup 2022,United States,76,1,0,14,3,76-90+,Left Center Forward,FW,0.0804,0.0068,0.0736,1,48,15,0.0,0.0,0.0,-0.0736,Neutral,3,0
3857278,FIFA World Cup 2022,Iran,76,-1,1,14,5,76-90+,Right Wing,FW,0.0068,0.0804,-0.0736,1,50,14,0.0,0.0,0.0,0.0736,Neutral,3,0
3857278,FIFA World Cup 2022,United States,81,1,0,9,4,76-90+,Right Center Forward,FW,0.0804,0.0068,0.0736,1,31,25,0.0,0.2172,-0.2172,-0.2908,Negative,3,0
3857278,FIFA World Cup 2022,United States,81,1,0,9,5,76-90+,Right Back,DF,0.0804,0.0068,0.0736,1,31,25,0.0,0.2172,-0.2172,-0.2908,Negative,3,2
3857277,FIFA World Cup 2022,Croatia,45,0,0,45,1,31-60,Right Wing,FW,0.0,0.0,0.0,0,98,20,0.8401,0.1225,0.7176,0.7176,Positive,1,0
3857277,FIFA World Cup 2022,Morocco,59,0,1,31,1,31-60,Left Back,DF,0.1225,0.8401,-0.7176,2,39,25,0.0194,0.0,0.0194,0.737,Positive,1,2
3857277,FIFA World Cup 2022,Morocco,64,0,1,26,2,61-75,Left Midfield,MF,0.1225,0.2503,-0.1278,2,36,13,0.0194,0.0,0.0194,0.1472,Positive,2,1
3857277,FIFA World Cup 2022,Croatia,69,0,0,21,2,61-75,Center Forward,FW,0.0,0.0194,-0.0194,0,103,20,0.0,0.0,0.0,0.0194,Neutral,2,0
3857277,FIFA World Cup 2022,Croatia,78,0,0,12,3,76-90+,Left Center Midfield,MF,0.0,0.0194,-0.0194,0,136,12,0.0,0.0,0.0,0.0194,Neutral,3,1
3857277,FIFA World Cup 2022,Morocco,80,0,1,10,3,76-90+,Center Forward,FW,0.0,0.0,0.0,0,26,33,0.0,0.0,0.0,0.0,Neutral,3,0
3857277,FIFA World Cup 2022,Morocco,81,0,1,9,4,76-90+,Right Center Midfield,MF,0.0,0.0,0.0,0,21,31,0.0,0.0,0.0,0.0,Neutral,3,1
3857273,FIFA World Cup 2022,Wales,56,0,1,34,1,31-60,Right Wing Back,FW,0.2512,0.7102,-0.459,2,115,18,0.0,0.0911,-0.0911,0.3679,Positive,1,0
3857273,FIFA World Cup 2022,Wales,56,0,1,34,2,31-60,Left Center Midfield,MF,0.2512,0.7102,-0.459,2,115,18,0.0,0.0911,-0.0911,0.3679,Positive,1,1
3857273,FIFA World Cup 2022,Iran,67,0,0,23,1,61-75,Center Forward,FW,0.144,0.221,-0.077,2,48,21,0.1221,0.0,0.1221,0.1991,Positive,2,0
3857273,FIFA World Cup 2022,Iran,75,0,0,15,2,61-75,Right Midfield,MF,0.198,0.0,0.198,5,57,20,0.1151,0.1108,0.0043,-0.1937,Negative,2,1
3857273,FIFA World Cup 2022,Iran,75,0,0,15,3,61-75,Left Midfield,MF,0.198,0.0,0.198,5,57,20,0.1151,0.1108,0.0043,-0.1937,Negative,2,1
3857273,FIFA World Cup 2022,Wales,76,0,1,14,3,76-90+,Right Defensive Midfield,MF,0.0,0.198,-0.198,0,68,15,0.1108,0.1151,-0.0043,0.1937,Positive,3,1
3857273,FIFA World Cup 2022,Iran,77,0,0,13,4,76-90+,Left Defensive Midfield,MF,0.198,0.0,0.198,5,50,16,0.1151,0.1108,0.0043,-0.1937,Negative,3,1
3857273,FIFA World Cup 2022,Iran,82,0,0,8,5,76-90+,Right Defensive Midfield,MF,0.1221,0.0,0.1221,4,50,22,0.1773,0.1906,-0.0133,-0.1354,Negative,3,1
3857275,FIFA World Cup 2022,Tunisia,59,1,1,31,1,31-60,Center Forward,FW,0.181,0.0412,0.1398,3,100,20,0.0,0.0,0.0,-0.1398,Negative,1,0
3857275,FIFA World Cup 2022,France,62,-1,0,28,1,61-75,Right Center Back,DF,0.0,0.1701,-0.1701,0,63,11,0.0,0.0,0.0,0.1701,Positive,2,2
3857275,FIFA World Cup 2022,France,62,-1,0,28,2,61-75,Right Wing,FW,0.0,0.1701,-0.1701,0,63,11,0.0,0.0,0.0,0.1701,Positive,2,0
3857275,FIFA World Cup 2022,France,62,-1,0,28,3,61-75,Left Center Midfield,MF,0.0,0.1701,-0.1701,0,63,11,0.0,0.0,0.0,0.1701,Positive,2,1
3857275,FIFA World Cup 2022,France,72,-1,0,18,4,61-75,Right Center Midfield,MF,0.0,0.1562,-0.1562,0,101,13,0.2258,0.0,0.2258,0.382,Positive,2,1
3857275,FIFA World Cup 2022,Tunisia,73,1,1,17,2,61-75,Left Attacking Midfield,MF,0.0,0.0,0.0,0,29,13,0.0,0.2258,-0.2258,-0.2258,Negative,2,1
3857275,FIFA World Cup 2022,France,78,-1,0,12,5,76-90+,Right Wing,FW,0.0,0.0,0.0,0,147,12,0.348,0.0,0.348,0.348,Positive,3,0
3857275,FIFA World Cup 2022,Tunisia,82,1,1,8,3,76-90+,Right Attacking Midfield,MF,0.0,0.1621,-0.1621,0,19,23,0.0,0.1859,-0.1859,-0.0238,Neutral,3,1
3857261,FIFA World Cup 2022,Wales,35,0,1,55,1,31-60,Right Back,DF,0.0,0.0104,-0.0104,0,33,25,0.0637,0.261,-0.1973,-0.1869,Negative,1,2
3857261,FIFA World Cup 2022,Wales,45,0,1,45,2,31-60,Right Wing,FW,0.0226,0.1667,-0.1441,1,30,21,0.0486,0.5346,-0.486,-0.3419,Negative,1,0
3857261,FIFA World Cup 2022,England,56,2,0,34,1,31-60,Right Back,DF,0.5628,0.0486,0.5142,5,116,9,0.0966,0.0,0.0966,-0.4176,Negative,1,2
3857261,FIFA World Cup 2022,England,57,2,0,33,2,31-60,Center Forward,FW,0.5628,0.0486,0.5142,5,107,9,0.2284,0.0,0.2284,-0.2858,Negative,1,0
3857261,FIFA World Cup 2022,England,57,2,0,33,3,31-60,Center Defensive Midfield,MF,0.5628,0.0486,0.5142,5,107,9,0.2284,0.0,0.2284,-0.2858,Negative,1,1
3857261,FIFA World Cup 2022,Wales,58,-2,1,32,3,31-60,Left Back,DF,0.0486,0.5628,-0.5142,2,72,21,0.0219,0.2284,-0.2065,0.3077,Positive,1,2
3857261,FIFA World Cup 2022,England,64,2,0,26,4,61-75,Left Back,DF,0.4981,0.0486,0.4495,2,37,11,1.3324,0.0219,1.3105,0.861,Positive,2,2
3857261,FIFA World Cup 2022,England,75,3,0,15,5,61-75,Right Wing,FW,0.2284,0.0219,0.2065,2,45,18,1.104,0.1148,0.9892,0.7827,Positive,2,0
3857261,FIFA World Cup 2022,Wales,76,-3,1,14,4,76-90+,Left Wing,FW,0.0219,0.2284,-0.2065,1,89,18,0.1148,1.559,-1.4442,-1.2377,Negative,3,0
3857261,FIFA World Cup 2022,Wales,80,-3,1,10,5,76-90+,Right Defensive Midfield,MF,0.0219,1.3324,-1.3105,1,111,16,0.1148,0.5526,-0.4378,0.8727,Positive,3,1
3857290,FIFA World Cup 2022,Cameroon,67,-1,0,23,1,61-75,Left Center Midfield,MF,0.0587,0.1978,-0.1391,2,73,20,0.0,0.0,0.0,0.1391,Positive,2,1
3857290,FIFA World Cup 2022,Switzerland,70,1,1,20,1,61-75,Center Attacking Midfield,MF,0.1978,0.0587,0.1391,1,54,27,0.0,0.0,0.0,-0.1391,Negative,2,1
3857290,FIFA World Cup 2022,Switzerland,71,1,1,19,2,61-75,Right Wing,FW,0.1978,0.0587,0.1391,1,42,27,0.0,0.0,0.0,-0.1391,Negative,2,0
3857290,FIFA World Cup 2022,Switzerland,71,1,1,19,3,61-75,Center Forward,FW,0.1978,0.0587,0.1391,1,42,27,0.0,0.0,0.0,-0.1391,Negative,2,0
3857290,FIFA World Cup 2022,Cameroon,73,-1,0,17,2,61-75,Left Wing,FW,0.0464,0.1978,-0.1514,1,90,16,0.0,0.0,0.0,0.1514,Positive,2,0
3857290,FIFA World Cup 2022,Cameroon,73,-1,0,17,3,61-75,Center Forward,FW,0.0464,0.1978,-0.1514,1,90,16,0.0,0.0,0.0,0.1514,Positive,2,0
3857290,FIFA World Cup 2022,Switzerland,80,1,1,10,4,76-90+,Left Wing,FW,0.1978,0.0464,0.1514,1,39,19,0.3192,0.0,0.3192,0.1678,Positive,3,0
3857290,FIFA World Cup 2022,Cameroon,80,-1,0,10,4,76-90+,Right Wing,FW,0.0464,0.1978,-0.1514,1,82,18,0.0,0.3192,-0.3192,-0.1678,Negative,3,0
3857298,FIFA World Cup 2022,Portugal,55,0,1,35,1,31-60,Left Center Midfield,MF,0.0304,0.0455,-0.0151,1,108,23,0.7835,0.0415,0.742,0.7571,Positive,1,1
3857298,FIFA World Cup 2022,Ghana,65,-1,0,25,1,61-75,Right Wing Back,FW,0.0455,0.7835,-0.738,2,32,18,0.5483,0.3704,0.1779,0.9159,Positive,2,0
3857298,FIFA World Cup 2022,Ghana,75,0,0,15,2,61-75,Left Center Midfield,MF,0.5483,0.7835,-0.2352,4,63,11,0.1555,0.3704,-0.2149,0.0203,Neutral,2,1
3857298,FIFA World Cup 2022,Ghana,76,0,0,14,3,76-90+,Right Center Forward,FW,0.5483,0.7835,-0.2352,4,57,13,0.1555,0.3704,-0.2149,0.0203,Neutral,3,0
3857298,FIFA World Cup 2022,Portugal,76,0,1,14,2,76-90+,Center Defensive Midfield,MF,0.7835,0.5483,0.2352,1,86,9,0.3704,0.1555,0.2149,-0.0203,Neutral,3,1
3857285,FIFA World Cup 2022,Netherlands,61,0,0,29,1,61-75,Right Center Forward,FW,0.1072,0.0693,0.0379,2,104,19,0.0,0.1816,-0.1816,-0.2195,Negative,2,0
3857285,FIFA World Cup 2022,Senegal,61,0,1,29,1,61-75,Left Back,DF,0.0693,0.1072,-0.0379,2,65,25,0.1816,0.0,0.1816,0.2195,Positive,2,2
3857285,FIFA World Cup 2022,Senegal,68,0,1,22,2,61-75,Center Forward,FW,0.1115,0.0385,0.073,3,59,15,0.2037,0.0,0.2037,0.1307,Positive,2,0
3857285,FIFA World Cup 2022,Senegal,73,0,1,17,3,61-75,Right Center Midfield,MF,0.1074,0.0385,0.0689,2,39,11,0.1471,0.286,-0.1389,-0.2078,Negative,2,1
3857285,FIFA World Cup 2022,Senegal,73,0,1,17,4,61-75,Right Wing,FW,0.1074,0.0385,0.0689,2,39,11,0.1471,0.286,-0.1389,-0.2078,Negative,2,0
3857285,FIFA World Cup 2022,Netherlands,78,0,0,12,2,76-90+,Right Center Forward,FW,0.0,0.1816,-0.1816,0,55,10,0.286,0.248,0.038,0.2196,Positive,3,0
3857285,FIFA World Cup 2022,Netherlands,78,0,0,12,3,76-90+,Right Defensive Midfield,MF,0.0,0.1816,-0.1816,0,55,10,0.286,0.248,0.038,0.2196,Positive,3,1
3857282,FIFA World Cup 2022,Wales,45,-1,0,45,1,31-60,Left Center Forward,FW,0.144,0.201,-0.057,1,60,18,0.0,0.0,0.0,0.057,Neutral,1,0
3857282,FIFA World Cup 2022,United States,65,1,1,25,1,61-75,Right Center Midfield,MF,0.0,0.4115,-0.4115,0,48,32,0.1217,0.0,0.1217,0.5332,Positive,2,1
3857282,FIFA World Cup 2022,United States,73,1,1,17,2,61-75,Center Forward,FW,0.0,0.4115,-0.4115,0,70,21,0.1217,0.7835,-0.6618,-0.2503,Negative,2,0
3857282,FIFA World Cup 2022,United States,74,1,1,16,3,61-75,Right Back,DF,0.0,0.4115,-0.4115,0,66,18,0.1217,0.8261,-0.7044,-0.2929,Negative,2,2
3857282,FIFA World Cup 2022,United States,74,1,1,16,4,61-75,Left Center Midfield,MF,0.0,0.4115,-0.4115,0,66,18,0.1217,0.8261,-0.7044,-0.2929,Negative,2,1
3857282,FIFA World Cup 2022,Wales,78,-1,0,12,2,76-90+,Left Wing Back,FW,0.3794,0.1217,0.2577,2,48,17,0.8261,0.0198,0.8063,0.5486,Positive,3,0
3857297,FIFA World Cup 2022,Saudi Arabia,45,-1,0,45,1,31-60,Center Attacking Midfield,MF,0.0446,0.2447,-0.2001,1,58,17,1.509,0.0,1.509,1.7091,Positive,1,1
3857297,FIFA World Cup 2022,Poland,62,1,1,28,1,61-75,Center Attacking Midfield,MF,0.0,0.4443,-0.4443,0,54,24,0.4896,0.1028,0.3868,0.8311,Positive,2,1
3857297,FIFA World Cup 2022,Saudi Arabia,64,-1,0,26,2,61-75,Right Back,DF,0.4443,0.1352,0.3091,7,148,18,0.2031,0.3544,-0.1513,-0.4604,Negative,2,2
3857297,FIFA World Cup 2022,Poland,70,1,1,20,2,61-75,Left Center Forward,FW,0.3942,0.2897,0.1045,2,45,21,0.6018,0.1003,0.5015,0.397,Positive,2,0
3857297,FIFA World Cup 2022,Saudi Arabia,84,-2,0,6,3,76-90+,Left Defensive Midfield,MF,0.1003,0.6018,-0.5015,1,83,17,0.0884,0.4181,-0.3297,0.1718,Positive,3,1
3857297,FIFA World Cup 2022,Saudi Arabia,85,-2,0,5,4,76-90+,Center Forward,FW,0.1003,0.6018,-0.5015,1,79,18,0.0884,0.4181,-0.3297,0.1718,Positive,3,0
3857294,FIFA World Cup 2022,Qatar,63,-2,0,27,1,61-75,Left Center Midfield,MF,0.0,0.9843,-0.9843,0,85,19,0.0245,0.0,0.0245,1.0088,Positive,2,1
3857294,FIFA World Cup 2022,Qatar,63,-2,0,27,2,61-75,Center Defensive Midfield,MF,0.0,0.9843,-0.9843,0,85,19,0.0245,0.0,0.0245,1.0088,Positive,2,1
3857294,FIFA World Cup 2022,Qatar,64,-2,0,26,3,61-75,Right Center Forward,FW,0.0,0.0,0.0,0,85,15,0.0245,0.0,0.0245,0.0245,Neutral,2,0
3857294,FIFA World Cup 2022,Netherlands,65,2,1,25,1,61-75,Center Attacking Midfield,MF,0.0,0.0,0.0,0,117,23,0.0,0.0245,-0.0245,-0.0245,Neutral,2,1
3857294,FIFA World Cup 2022,Netherlands,65,2,1,25,2,61-75,Left Center Forward,FW,0.0,0.0,0.0,0,117,23,0.0,0.0245,-0.0245,-0.0245,Neutral,2,0
3857294,FIFA World Cup 2022,Netherlands,82,2,1,8,3,76-90+,Right Center Forward,FW,0.0,0.0245,-0.0245,0,112,37,0.0107,0.0062,0.0045,0.029,Neutral,3,0
3857294,FIFA World Cup 2022,Netherlands,82,2,1,8,4,76-90+,Right Defensive Midfield,MF,0.0,0.0245,-0.0245,0,112,37,0.0107,0.0062,0.0045,0.029,Neutral,3,1
3857294,FIFA World Cup 2022,Qatar,84,-2,0,6,4,76-90+,Right Center Midfield,MF,0.0245,0.0,0.0245,1,116,16,0.0062,0.0107,-0.0045,-0.029,Neutral,3,1
3857294,FIFA World Cup 2022,Qatar,84,-2,0,6,5,76-90+,Right Wing Back,FW,0.0245,0.0,0.0245,1,116,16,0.0062,0.0107,-0.0045,-0.029,Neutral,3,0
3857294,FIFA World Cup 2022,Netherlands,85,2,1,5,5,76-90+,Left Defensive Midfield,MF,0.0,0.0245,-0.0245,0,139,37,0.0107,0.0062,0.0045,0.029,Neutral,3,1
3857266,FIFA World Cup 2022,Denmark,45,0,0,45,1,31-60,Center Forward,FW,0.0552,0.3652,-0.31,2,72,18,0.0,0.2647,-0.2647,0.0453,Neutral,1,0
3857266,FIFA World Cup 2022,France,61,1,1,29,1,61-75,Center Forward,FW,0.3498,0.0,0.3498,4,100,26,0.0,0.5525,-0.5525,-0.9023,Negative,2,0
3857266,FIFA World Cup 2022,Denmark,72,0,0,18,2,61-75,Left Wing,FW,0.3367,0.3024,0.0343,2,85,20,0.4687,0.7952,-0.3265,-0.3608,Negative,2,0
3857266,FIFA World Cup 2022,France,73,0,1,17,2,61-75,Right Center Back,DF,0.3024,0.526,-0.2236,2,60,19,0.7952,0.2795,0.5157,0.7393,Positive,2,2
3857266,FIFA World Cup 2022,France,74,0,1,16,3,61-75,Right Wing,FW,0.3024,0.5525,-0.2501,2,46,20,0.7952,0.2672,0.528,0.7781,Positive,2,0
3857266,FIFA World Cup 2022,Denmark,84,0,0,6,3,76-90+,Right Wing,FW,0.4687,0.4116,0.0571,4,72,9,0.0279,0.4173,-0.3894,-0.4465,Negative,3,0
3857284,FIFA World Cup 2022,Japan,45,-1,0,45,1,31-60,Left Wing,FW,0.0,1.0007,-1.0007,0,35,21,0.2089,0.5419,-0.333,0.6677,Positive,1,0
3857284,FIFA World Cup 2022,Japan,56,-1,0,34,2,31-60,Left Wing Back,FW,0.1415,0.5522,-0.4107,2,80,41,0.2333,0.6251,-0.3918,0.0189,Neutral,1,0
3857284,FIFA World Cup 2022,Japan,56,-1,0,34,3,31-60,Center Forward,FW,0.1415,0.5522,-0.4107,2,80,41,0.2333,0.6251,-0.3918,0.0189,Neutral,1,0
3857284,FIFA World Cup 2022,Germany,66,1,1,24,1,61-75,Center Attacking Midfield,MF,0.107,0.1632,-0.0562,1,91,19,0.7036,0.9178,-0.2142,-0.158,Negative,2,1
3857284,FIFA World Cup 2022,Germany,67,1,1,23,2,61-75,Left Defensive Midfield,MF,0.107,0.1972,-0.0902,1,88,18,0.7036,0.8838,-0.1802,-0.09,Neutral,2,1
3857284,FIFA World Cup 2022,Japan,70,-1,0,20,4,61-75,Left Defensive Midfield,MF,0.2333,0.4584,-0.2251,5,72,29,0.8744,0.3522,0.5222,0.7473,Positive,2,1
3857284,FIFA World Cup 2022,Japan,73,-1,0,17,5,61-75,Right Wing Back,FW,0.5221,0.6251,-0.103,6,73,32,0.5182,0.1855,0.3327,0.4357,Positive,2,0
3857284,FIFA World Cup 2022,Germany,78,0,1,12,3,76-90+,Center Attacking Midfield,MF,0.5181,0.9478,-0.4297,4,75,18,0.2171,0.0267,0.1904,0.6201,Positive,3,1
3857284,FIFA World Cup 2022,Germany,78,0,1,12,4,76-90+,Center Forward,FW,0.5181,0.9478,-0.4297,4,75,18,0.2171,0.0267,0.1904,0.6201,Positive,3,0
3857254,FIFA World Cup 2022,Denmark,45,0,1,45,1,31-60,Center Defensive Midfield,MF,0.0087,0.6384,-0.6297,1,105,21,0.2565,0.3069,-0.0504,0.5793,Positive,1,1
3857254,FIFA World Cup 2022,Denmark,63,0,1,27,2,61-75,Center Back,DF,0.2565,0.1214,0.1351,1,99,14,0.9535,0.0,0.9535,0.8184,Positive,2,2
3857254,FIFA World Cup 2022,Denmark,64,0,1,26,3,61-75,Right Attacking Midfield,MF,0.2565,0.1214,0.1351,1,93,14,0.9535,0.0,0.9535,0.8184,Positive,2,1
3857254,FIFA World Cup 2022,Denmark,64,0,1,26,4,61-75,Center Forward,FW,0.2565,0.1214,0.1351,1,93,14,0.9535,0.0,0.9535,0.8184,Positive,2,0
3857254,FIFA World Cup 2022,Tunisia,66,0,0,24,1,61-75,Right Wing,FW,0.1005,0.2565,-0.156,2,107,11,0.0,0.9535,-0.9535,-0.7975,Negative,2,0
3857254,FIFA World Cup 2022,Tunisia,79,0,0,11,2,76-90+,Left Wing,FW,0.0,0.9535,-0.9535,0,49,17,0.0,0.1741,-0.1741,0.7794,Positive,3,0
3857254,FIFA World Cup 2022,Tunisia,80,0,0,10,3,76-90+,Center Forward,FW,0.0,0.9535,-0.9535,0,44,17,0.0,0.1741,-0.1741,0.7794,Positive,3,0
3857265,FIFA World Cup 2022,Poland,45,0,0,45,1,31-60,Left Midfield,MF,0.0,0.0326,-0.0326,0,63,21,0.8852,0.0933,0.7919,0.8245,Positive,1,1
3857265,FIFA World Cup 2022,Mexico,70,0,1,20,1,61-75,Right Center Midfield,MF,0.135,0.8852,-0.7502,3,60,16,0.0143,0.1245,-0.1102,0.64,Positive,2,1
3857265,FIFA World Cup 2022,Mexico,70,0,1,20,2,61-75,Center Forward,FW,0.135,0.8852,-0.7502,3,60,16,0.0143,0.1245,-0.1102,0.64,Positive,2,0
3857265,FIFA World Cup 2022,Poland,71,0,0,19,2,61-75,Left Midfield,MF,0.8852,0.135,0.7502,2,37,17,0.1245,0.0143,0.1102,-0.64,Negative,2,1
3857265,FIFA World Cup 2022,Mexico,83,0,1,7,3,76-90+,Left Wing,FW,0.0143,0.1245,-0.1102,1,71,12,0.04,0.0713,-0.0313,0.0789,Neutral,3,0
3857301,FIFA World Cup 2022,Senegal,63,2,0,27,1,61-75,Left Wing,FW,0.0837,0.3832,-0.2995,2,104,33,0.068,0.4,-0.332,-0.0325,Neutral,2,0
3857301,FIFA World Cup 2022,Qatar,68,-2,1,22,1,61-75,Right Center Midfield,MF,0.7109,0.0837,0.6272,4,93,25,0.0722,0.1204,-0.0482,-0.6754,Negative,2,1
3857301,FIFA World Cup 2022,Senegal,73,2,0,17,2,61-75,Center Forward,FW,0.1213,0.5479,-0.4266,2,60,20,0.1685,0.0722,0.0963,0.5229,Positive,2,0
3857301,FIFA World Cup 2022,Senegal,73,2,0,17,3,61-75,Left Wing,FW,0.1213,0.5479,-0.4266,2,60,20,0.1685,0.0722,0.0963,0.5229,Positive,2,0
3857301,FIFA World Cup 2022,Qatar,74,-2,1,16,2,61-75,Left Center Midfield,MF,0.5479,0.068,0.4799,3,86,20,0.0956,0.1685,-0.0729,-0.5528,Negative,2,1
3857301,FIFA World Cup 2022,Senegal,76,2,0,14,4,76-90+,Left Back,DF,0.068,0.5418,-0.4738,1,53,19,0.1685,0.163,0.0055,0.4793,Positive,3,2
3857301,FIFA World Cup 2022,Senegal,76,2,0,14,5,76-90+,Right Center Midfield,MF,0.068,0.5418,-0.4738,1,53,19,0.1685,0.163,0.0055,0.4793,Positive,3,1
3857301,FIFA World Cup 2022,Qatar,82,-1,1,8,3,76-90+,Left Wing Back,FW,0.0722,0.1204,-0.0482,1,65,11,0.1479,0.1161,0.0318,0.08,Neutral,3,0
3857301,FIFA World Cup 2022,Qatar,82,-1,1,8,4,76-90+,Right Center Back,DF,0.0722,0.1204,-0.0482,1,65,11,0.1479,0.1161,0.0318,0.08,Neutral,3,2
3857268,FIFA World Cup 2022,Belgium,45,1,1,45,1,31-60,Right Defensive Midfield,MF,0.3311,0.1773,0.1538,2,97,10,0.0,0.5006,-0.5006,-0.6544,Negative,1,1
3857268,FIFA World Cup 2022,Belgium,45,1,1,45,2,31-60,Left Wing Back,FW,0.3311,0.1773,0.1538,2,97,10,0.0,0.5006,-0.5006,-0.6544,Negative,1,0
3857268,FIFA World Cup 2022,Canada,57,-1,0,33,1,31-60,Left Attacking Midfield,MF,0.5006,0.2499,0.2507,4,79,26,0.0816,0.0897,-0.0081,-0.2588,Negative,1,1
3857268,FIFA World Cup 2022,Canada,57,-1,0,33,2,31-60,Right Defensive Midfield,MF,0.5006,0.2499,0.2507,4,79,26,0.0816,0.0897,-0.0081,-0.2588,Negative,1,1
3857268,FIFA World Cup 2022,Belgium,61,1,1,29,3,61-75,Left Attacking Midfield,MF,0.0,0.5006,-0.5006,0,97,14,0.0897,0.0816,0.0081,0.5087,Positive,2,1
3857268,FIFA World Cup 2022,Canada,73,-1,0,17,3,61-75,Right Wing Back,FW,0.0816,0.0897,-0.0081,2,79,25,0.2288,0.15,0.0788,0.0869,Neutral,2,0
3857268,FIFA World Cup 2022,Belgium,77,1,1,13,4,76-90+,Center Forward,FW,0.0897,0.1274,-0.0377,1,73,9,0.185,0.2498,-0.0648,-0.0271,Neutral,3,0
3857268,FIFA World Cup 2022,Canada,80,-1,0,10,4,76-90+,Right Wing Back,FW,0.1407,0.0897,0.051,3,125,16,0.1778,0.185,-0.0072,-0.0582,Neutral,3,0
3857268,FIFA World Cup 2022,Canada,80,-1,0,10,5,76-90+,Left Defensive Midfield,MF,0.1407,0.0897,0.051,3,125,16,0.1778,0.185,-0.0072,-0.0582,Neutral,3,1
3857269,FIFA World Cup 2022,Brazil,45,0,1,45,1,31-60,Center Attacking Midfield,MF,0.2143,0.0,0.2143,4,134,11,0.0,0.2375,-0.2375,-0.4518,Negative,1,1
3857269,FIFA World Cup 2022,Brazil,57,0,1,33,2,31-60,Right Defensive Midfield,MF,0.1415,0.1457,-0.0042,1,99,13,0.1165,0.0918,0.0247,0.0289,Neutral,1,1
3857269,FIFA World Cup 2022,Switzerland,57,0,0,33,1,31-60,Left Wing,FW,0.1457,0.1415,0.0042,3,82,12,0.0918,0.1165,-0.0247,-0.0289,Neutral,1,0
3857269,FIFA World Cup 2022,Switzerland,58,0,0,32,2,31-60,Right Wing,FW,0.1457,0.1415,0.0042,3,79,11,0.0918,0.1165,-0.0247,-0.0289,Neutral,1,0
3857269,FIFA World Cup 2022,Brazil,72,0,1,18,3,61-75,Center Forward,FW,0.1165,0.0918,0.0247,2,64,20,0.159,0.0,0.159,0.1343,Positive,2,0
3857269,FIFA World Cup 2022,Brazil,72,0,1,18,4,61-75,Right Midfield,MF,0.1165,0.0918,0.0247,2,64,20,0.159,0.0,0.159,0.1343,Positive,2,1
3857269,FIFA World Cup 2022,Switzerland,74,0,0,16,3,61-75,Center Attacking Midfield,MF,0.0918,0.1165,-0.0247,2,86,13,0.0,0.159,-0.159,-0.1343,Negative,2,1
3857269,FIFA World Cup 2022,Switzerland,74,0,0,16,4,61-75,Center Forward,FW,0.0918,0.1165,-0.0247,2,86,13,0.0,0.159,-0.159,-0.1343,Negative,2,0
3857269,FIFA World Cup 2022,Switzerland,85,-1,0,5,5,76-90+,Right Back,DF,0.0,0.1283,-0.1283,0,64,11,0.0,0.2625,-0.2625,-0.1342,Negative,3,2
3857269,FIFA World Cup 2022,Brazil,85,1,1,5,5,76-90+,Left Back,DF,0.1283,0.0,0.1283,3,85,11,0.2625,0.0,0.2625,0.1342,Positive,3,2
3869321,FIFA World Cup 2022,Netherlands,45,-1,1,45,1,31-60,Right Center Forward,FW,0.0,0.5181,-0.5181,0,55,21,0.0,0.0,0.0,0.5181,Positive,1,0
3869321,FIFA World Cup 2022,Netherlands,45,-1,1,45,2,31-60,Right Defensive Midfield,MF,0.0,0.5181,-0.5181,0,55,21,0.0,0.0,0.0,0.5181,Positive,1,1
3869321,FIFA World Cup 2022,Netherlands,64,-1,1,26,3,61-75,Left Wing Back,FW,0.0,0.0761,-0.0761,0,131,26,0.0,0.7835,-0.7835,-0.7074,Negative,2,0
3869321,FIFA World Cup 2022,Argentina,65,1,0,25,1,61-75,Right Center Midfield,MF,0.0761,0.0,0.0761,1,94,28,0.7835,0.0,0.7835,0.7074,Positive,2,1
3869321,FIFA World Cup 2022,Argentina,77,2,0,13,2,76-90+,Left Wing Back,FW,0.8596,0.0,0.8596,2,33,23,0.0,0.1273,-0.1273,-0.9869,Negative,3,0
3869321,FIFA World Cup 2022,Argentina,77,2,0,13,3,76-90+,Right Center Back,DF,0.8596,0.0,0.8596,2,33,23,0.0,0.1273,-0.1273,-0.9869,Negative,3,2
3869321,FIFA World Cup 2022,Netherlands,77,-2,1,13,4,76-90+,Center Attacking Midfield,MF,0.0,0.8596,-0.8596,0,63,15,0.1273,0.0,0.1273,0.9869,Positive,3,1
3869321,FIFA World Cup 2022,Argentina,80,2,0,10,4,76-90+,Left Center Forward,FW,0.7835,0.0,0.7835,1,33,20,0.0,0.2075,-0.2075,-0.991,Negative,3,0
3857292,FIFA World Cup 2022,Costa Rica,45,-1,1,45,1,31-60,Left Wing,FW,0.141,0.317,-0.176,1,62,9,0.6716,0.1324,0.5392,0.7152,Positive,1,0
3857292,FIFA World Cup 2022,Germany,45,1,0,45,1,31-60,Right Defensive Midfield,MF,0.317,0.141,0.176,4,149,24,0.1324,0.6716,-0.5392,-0.7152,Negative,1,1
3857292,FIFA World Cup 2022,Germany,53,1,0,37,2,31-60,Left Defensive Midfield,MF,0.2216,0.2336,-0.012,3,136,32,0.8618,0.5791,0.2827,0.2947,Positive,1,1
3857292,FIFA World Cup 2022,Germany,65,0,0,25,3,61-75,Left Center Forward,FW,0.7132,0.6716,0.0416,6,94,16,1.1273,0.2221,0.9052,0.8636,Positive,2,0
3857292,FIFA World Cup 2022,Germany,65,0,0,25,4,61-75,Left Back,DF,0.7132,0.6716,0.0416,6,94,16,1.1273,0.2221,0.9052,0.8636,Positive,2,2
3857292,FIFA World Cup 2022,Costa Rica,73,-1,1,17,2,61-75,Left Wing,FW,0.1843,1.2825,-1.0982,1,22,18,0.0378,1.0598,-1.022,0.0762,Neutral,2,0
3857292,FIFA World Cup 2022,Costa Rica,73,-1,1,17,3,61-75,Right Wing,FW,0.1843,1.2825,-1.0982,1,22,18,0.0378,1.0598,-1.022,0.0762,Neutral,2,0
3857295,FIFA World Cup 2022,Japan,45,0,1,45,1,31-60,Left Center Back,DF,0.0313,0.0655,-0.0342,1,80,26,0.4197,0.0,0.4197,0.4539,Positive,1,2
3857295,FIFA World Cup 2022,Japan,45,0,1,45,2,31-60,Center Forward,FW,0.0313,0.0655,-0.0342,1,80,26,0.4197,0.0,0.4197,0.4539,Positive,1,0
3857295,FIFA World Cup 2022,Japan,61,0,1,29,3,61-75,Right Wing Back,FW,0.2709,0.0,0.2709,5,129,18,0.213,0.0,0.213,-0.0579,Neutral,2,0
3857295,FIFA World Cup 2022,Costa Rica,64,0,0,26,1,61-75,Right Wing,FW,0.0,0.2268,-0.2268,0,29,24,0.0,0.1274,-0.1274,0.0994,Neutral,2,0
3857295,FIFA World Cup 2022,Costa Rica,64,0,0,26,2,61-75,Center Forward,FW,0.0,0.2268,-0.2268,0,29,24,0.0,0.1274,-0.1274,0.0994,Neutral,2,0
3857295,FIFA World Cup 2022,Japan,66,0,1,24,4,61-75,Right Wing,FW,0.1078,0.0,0.1078,2,135,12,0.1274,0.1203,0.0071,-0.1007,Negative,2,0
3857295,FIFA World Cup 2022,Japan,81,-1,1,9,5,76-90+,Right Wing Back,FW,0.1274,0.1203,0.0071,2,92,19,0.094,0.0,0.094,0.0869,Neutral,3,0
3869685,FIFA World Cup 2022,France,40,-2,0,50,1,31-60,Right Wing,FW,0.0,0.314,-0.314,0,47,24,0.0,0.0402,-0.0402,0.2738,Positive,1,0
3869685,FIFA World Cup 2022,France,41,-2,0,49,2,31-60,Center Forward,FW,0.0,0.314,-0.314,0,41,23,0.0,0.0402,-0.0402,0.2738,Positive,1,0
3869685,FIFA World Cup 2022,Argentina,63,2,1,27,1,61-75,Left Wing,FW,0.2153,0.0,0.2153,3,73,27,0.0416,0.1468,-0.1052,-0.3205,Negative,2,0
3869685,FIFA World Cup 2022,France,70,-2,0,20,3,61-75,Left Back,DF,0.0962,0.1751,-0.0789,1,109,19,0.9358,0.0717,0.8641,0.943,Positive,2,2
3869685,FIFA World Cup 2022,France,70,-2,0,20,4,61-75,Center Attacking Midfield,MF,0.0962,0.1751,-0.0789,1,109,19,0.9358,0.0717,0.8641,0.943,Positive,2,1
3869684,FIFA World Cup 2022,Morocco,45,-1,0,45,1,31-60,Left Center Midfield,MF,0.1483,0.0131,0.1352,3,47,23,0.0,0.0549,-0.0549,-0.1901,Negative,1,1
3869684,FIFA World Cup 2022,Morocco,55,-1,0,35,2,31-60,Left Center Midfield,MF,0.0,0.068,-0.068,0,66,40,0.0727,0.0,0.0727,0.1407,Positive,1,1
3869684,FIFA World Cup 2022,Croatia,61,1,1,29,1,61-75,Right Wing,FW,0.0549,0.0,0.0549,3,78,14,0.036,0.2331,-0.1971,-0.252,Negative,2,0
3869684,FIFA World Cup 2022,Morocco,63,-1,0,27,3,61-75,Left Wing,FW,0.0,0.0065,-0.0065,0,97,32,0.2331,0.036,0.1971,0.2036,Positive,2,0
3869684,FIFA World Cup 2022,Morocco,63,-1,0,27,4,61-75,Left Center Back,DF,0.0,0.0065,-0.0065,0,97,32,0.2331,0.036,0.1971,0.2036,Positive,2,2
3869684,FIFA World Cup 2022,Morocco,66,-1,0,24,5,61-75,Right Center Back,DF,0.0727,0.0065,0.0662,1,94,24,0.1604,0.036,0.1244,0.0582,Neutral,2,2
3869684,FIFA World Cup 2022,Croatia,66,1,1,24,2,61-75,Center Attacking Midfield,MF,0.0065,0.0727,-0.0662,1,53,17,0.036,0.1604,-0.1244,-0.0582,Neutral,2,1
3869684,FIFA World Cup 2022,Croatia,66,1,1,24,3,61-75,Center Forward,FW,0.0065,0.0727,-0.0662,1,53,17,0.036,0.1604,-0.1244,-0.0582,Neutral,2,0
3857256,FIFA World Cup 2022,Serbia,54,-1,1,36,1,31-60,Center Back,DF,0.0565,0.8808,-0.8243,1,79,10,0.0617,0.744,-0.6823,0.142,Positive,1,2
3857256,FIFA World Cup 2022,Serbia,54,-1,1,36,2,31-60,Right Center Forward,FW,0.0565,0.8808,-0.8243,1,79,10,0.0617,0.744,-0.6823,0.142,Positive,1,0
3857256,FIFA World Cup 2022,Serbia,66,-1,1,24,3,61-75,Left Defensive Midfield,MF,0.0617,0.744,-0.6823,1,65,9,0.058,0.0,0.058,0.7403,Positive,2,1
3857256,FIFA World Cup 2022,Switzerland,67,1,0,23,1,61-75,Center Attacking Midfield,MF,0.744,0.0617,0.6823,2,56,12,0.0301,0.058,-0.0279,-0.7102,Negative,2,1
3857256,FIFA World Cup 2022,Switzerland,68,1,0,22,2,61-75,Right Wing,FW,0.744,0.0617,0.6823,2,56,11,0.0301,0.058,-0.0279,-0.7102,Negative,2,0
3857256,FIFA World Cup 2022,Serbia,77,-1,1,13,4,76-90+,Center Attacking Midfield,MF,0.058,0.0,0.058,2,93,11,0.0322,0.3469,-0.3147,-0.3727,Negative,3,1
3857256,FIFA World Cup 2022,Serbia,77,-1,1,13,5,76-90+,Right Wing Back,FW,0.058,0.0,0.058,2,93,11,0.0322,0.3469,-0.3147,-0.3727,Negative,3,0
3857256,FIFA World Cup 2022,Switzerland,82,1,0,8,3,76-90+,Left Wing,FW,0.0301,0.058,-0.0279,1,54,7,0.3168,0.0322,0.2846,0.3125,Positive,3,0
3869151,FIFA World Cup 2022,Argentina,49,1,1,41,1,31-60,Right Midfield,MF,0.0666,0.0,0.0666,1,151,19,0.3258,0.0,0.3258,0.2592,Positive,1,1
3869151,FIFA World Cup 2022,Australia,57,-2,0,33,1,31-60,Left Wing,FW,0.0,0.3258,-0.3258,0,92,45,0.0,0.0328,-0.0328,0.293,Positive,1,0
3869151,FIFA World Cup 2022,Australia,57,-2,0,33,2,31-60,Right Defensive Midfield,MF,0.0,0.3258,-0.3258,0,92,45,0.0,0.0328,-0.0328,0.293,Positive,1,1
3869151,FIFA World Cup 2022,Argentina,71,2,1,19,2,61-75,Left Center Forward,FW,0.3134,0.0,0.3134,2,95,25,0.0518,0.1241,-0.0723,-0.3857,Negative,2,0
3869151,FIFA World Cup 2022,Argentina,71,2,1,19,3,61-75,Left Wing Back,FW,0.3134,0.0,0.3134,2,95,25,0.0518,0.1241,-0.0723,-0.3857,Negative,2,0
3869151,FIFA World Cup 2022,Australia,71,-2,0,19,3,61-75,Left Center Forward,FW,0.0,0.3134,-0.3134,0,67,31,0.1241,0.0518,0.0723,0.3857,Positive,2,0
3869151,FIFA World Cup 2022,Australia,71,-2,0,19,4,61-75,Right Center Forward,FW,0.0,0.3134,-0.3134,0,67,31,0.1241,0.0518,0.0723,0.3857,Positive,2,0
3869151,FIFA World Cup 2022,Australia,71,-2,0,19,5,61-75,Right Back,DF,0.0,0.3134,-0.3134,0,67,31,0.1241,0.0518,0.0723,0.3857,Positive,2,2
3869151,FIFA World Cup 2022,Argentina,79,2,1,11,4,76-90+,Right Wing Back,FW,0.0847,0.0136,0.0711,2,89,12,0.8829,0.1105,0.7724,0.7013,Positive,3,0
3869151,FIFA World Cup 2022,Argentina,79,2,1,11,5,76-90+,Left Center Midfield,MF,0.0847,0.0136,0.0711,2,89,12,0.8829,0.1105,0.7724,0.7013,Positive,3,1
3857257,FIFA World Cup 2022,Australia,45,0,1,45,1,31-60,Left Midfield,MF,0.0479,0.0,0.0479,2,76,15,0.3366,0.047,0.2896,0.2417,Positive,1,1
3857257,FIFA World Cup 2022,Denmark,45,0,0,45,1,31-60,Right Back,DF,0.0,0.0479,-0.0479,0,108,19,0.047,0.3366,-0.2896,-0.2417,Negative,1,2
3857257,FIFA World Cup 2022,Denmark,58,0,0,32,2,31-60,Center Forward,FW,0.047,0.2231,-0.1761,1,106,20,0.0906,0.1135,-0.0229,0.1532,Positive,1,0
3857257,FIFA World Cup 2022,Denmark,58,0,0,32,3,31-60,Right Center Midfield,MF,0.047,0.2231,-0.1761,1,106,20,0.0906,0.1135,-0.0229,0.1532,Positive,1,1
3857257,FIFA World Cup 2022,Denmark,68,-1,0,22,4,61-75,Right Wing,FW,0.0,0.1135,-0.1135,0,105,21,0.2083,0.0,0.2083,0.3218,Positive,2,0
3857257,FIFA World Cup 2022,Denmark,69,-1,0,21,5,61-75,Left Back,DF,0.0906,0.1135,-0.0229,2,95,20,0.1177,0.0,0.1177,0.1406,Positive,2,2
3857257,FIFA World Cup 2022,Australia,73,1,1,17,2,61-75,Left Wing,FW,0.1135,0.0906,0.0229,1,40,17,0.0355,0.1544,-0.1189,-0.1418,Negative,2,0
3857257,FIFA World Cup 2022,Australia,81,1,1,9,3,76-90+,Center Forward,FW,0.0,0.1594,-0.1594,0,48,15,0.0355,0.1852,-0.1497,0.0097,Neutral,3,0
3857258,FIFA World Cup 2022,Serbia,56,0,0,34,1,31-60,Left Defensive Midfield,MF,0.0,0.7213,-0.7213,0,51,35,0.1172,0.8218,-0.7046,0.0167,Neutral,1,1
3857258,FIFA World Cup 2022,Serbia,56,0,0,34,2,31-60,Right Wing Back,FW,0.0,0.7213,-0.7213,0,51,35,0.1172,0.8218,-0.7046,0.0167,Neutral,1,0
3857258,FIFA World Cup 2022,Serbia,65,-1,0,25,3,61-75,Right Defensive Midfield,MF,0.0,0.9153,-0.9153,0,41,32,0.1172,0.2288,-0.1116,0.8037,Positive,2,1
3857258,FIFA World Cup 2022,Serbia,65,-1,0,25,4,61-75,Left Wing Back,FW,0.0,0.9153,-0.9153,0,41,32,0.1172,0.2288,-0.1116,0.8037,Positive,2,0
3857258,FIFA World Cup 2022,Brazil,74,2,1,16,1,61-75,Right Defensive Midfield,MF,0.8975,0.1172,0.7803,6,58,9,0.2598,0.0111,0.2487,-0.5316,Negative,2,1
3857258,FIFA World Cup 2022,Brazil,75,2,1,15,2,61-75,Left Wing,FW,0.8662,0.1172,0.749,4,52,9,0.2598,0.0111,0.2487,-0.5003,Negative,2,0
3857258,FIFA World Cup 2022,Brazil,78,2,1,12,3,76-90+,Center Forward,FW,0.2288,0.1172,0.1116,3,39,17,0.2492,0.0111,0.2381,0.1265,Positive,3,0
3857258,FIFA World Cup 2022,Brazil,79,2,1,11,4,76-90+,Center Attacking Midfield,MF,0.2288,0.1172,0.1116,3,36,15,0.2492,0.0111,0.2381,0.1265,Positive,3,1
3857258,FIFA World Cup 2022,Serbia,82,-2,0,8,5,76-90+,Left Center Forward,FW,0.1172,0.1852,-0.068,2,53,18,0.0111,0.1504,-0.1393,-0.0713,Neutral,3,0
3857288,FIFA World Cup 2022,Tunisia,45,-1,1,45,1,31-60,Right Wing Back,FW,0.2516,0.1514,0.1002,2,53,12,0.2348,0.0693,0.1655,0.0653,Neutral,1,0
3857288,FIFA World Cup 2022,Australia,63,1,0,27,1,61-75,Right Center Forward,FW,0.064,0.0202,0.0438,1,73,23,0.0392,0.2364,-0.1972,-0.241,Negative,2,0
3857288,FIFA World Cup 2022,Australia,63,1,0,27,2,61-75,Left Center Forward,FW,0.064,0.0202,0.0438,1,73,23,0.0392,0.2364,-0.1972,-0.241,Negative,2,0
3857288,FIFA World Cup 2022,Tunisia,66,-1,1,24,2,61-75,Left Center Midfield,MF,0.0788,0.064,0.0148,2,104,23,0.1778,0.0392,0.1386,0.1238,Positive,2,1
3857288,FIFA World Cup 2022,Tunisia,72,-1,1,18,3,61-75,Center Forward,FW,0.154,0.0,0.154,4,108,27,0.268,0.0392,0.2288,0.0748,Neutral,2,0
3857288,FIFA World Cup 2022,Tunisia,72,-1,1,18,4,61-75,Right Back,DF,0.154,0.0,0.154,4,108,27,0.268,0.0392,0.2288,0.0748,Neutral,2,2
3857288,FIFA World Cup 2022,Australia,74,1,0,16,3,61-75,Right Back,DF,0.0392,0.154,-0.1148,1,56,15,0.0,0.3606,-0.3606,-0.2458,Negative,2,2
3857288,FIFA World Cup 2022,Australia,84,1,0,6,4,76-90+,Right Midfield,MF,0.0392,0.19,-0.1508,1,45,13,0.0,0.2673,-0.2673,-0.1165,Negative,3,1
3857288,FIFA World Cup 2022,Australia,84,1,0,6,5,76-90+,Left Midfield,MF,0.0392,0.19,-0.1508,1,45,13,0.0,0.2673,-0.2673,-0.1165,Negative,3,1
3857267,FIFA World Cup 2022,Ecuador,45,-1,1,45,1,31-60,Center Defensive Midfield,MF,0.0,0.8141,-0.8141,0,58,16,0.0678,0.0452,0.0226,0.8367,Positive,1,1
3857267,FIFA World Cup 2022,Ecuador,45,-1,1,45,2,31-60,Right Center Midfield,MF,0.0,0.8141,-0.8141,0,58,16,0.0678,0.0452,0.0226,0.8367,Positive,1,1
3857267,FIFA World Cup 2022,Ecuador,63,-1,1,27,3,61-75,Right Center Forward,FW,0.0678,0.0,0.0678,2,114,17,0.8024,0.2343,0.5681,0.5003,Positive,2,0
3857267,FIFA World Cup 2022,Senegal,73,1,0,17,1,61-75,Right Defensive Midfield,MF,0.2343,0.7434,-0.5091,1,30,9,0.0766,0.059,0.0176,0.5267,Positive,2,1
3857267,FIFA World Cup 2022,Senegal,74,1,0,16,2,61-75,Right Wing,FW,0.2343,0.7434,-0.5091,1,30,6,0.0766,0.0883,-0.0117,0.4974,Positive,2,0
3857267,FIFA World Cup 2022,Ecuador,84,-1,1,6,4,76-90+,Right Back,DF,0.059,0.2788,-0.2198,1,59,14,0.0818,0.032,0.0498,0.2696,Positive,3,2
3857287,FIFA World Cup 2022,Uruguay,63,0,1,27,1,61-75,Center Forward,FW,0.0525,0.0469,0.0056,1,76,13,0.0522,0.0593,-0.0071,-0.0127,Neutral,2,0
3857287,FIFA World Cup 2022,South Korea,73,0,0,17,1,61-75,Center Forward,FW,0.0,0.0522,-0.0522,0,60,23,0.0593,0.0951,-0.0358,0.0164,Neutral,2,0
3857287,FIFA World Cup 2022,South Korea,73,0,0,17,2,61-75,Center Attacking Midfield,MF,0.0,0.0522,-0.0522,0,60,23,0.0593,0.0951,-0.0358,0.0164,Neutral,2,1
3857287,FIFA World Cup 2022,South Korea,74,0,0,16,3,61-75,Right Wing,FW,0.0,0.0522,-0.0522,0,56,22,0.0593,0.1074,-0.0481,0.0041,Neutral,2,0
3857287,FIFA World Cup 2022,Uruguay,77,0,1,13,2,76-90+,Left Midfield,MF,0.0522,0.0593,-0.0071,2,98,22,0.1074,0.0336,0.0738,0.0809,Neutral,3,1
3857287,FIFA World Cup 2022,Uruguay,78,0,1,12,3,76-90+,Left Back,DF,0.0522,0.0593,-0.0071,2,105,21,0.1074,0.0336,0.0738,0.0809,Neutral,3,2
3869486,FIFA World Cup 2022,Portugal,50,-1,0,40,1,31-60,Left Back,DF,0.0673,0.2825,-0.2152,2,118,12,0.1902,0.0329,0.1573,0.3725,Positive,1,2
3869486,FIFA World Cup 2022,Portugal,50,-1,0,40,2,31-60,Center Defensive Midfield,MF,0.0673,0.2825,-0.2152,2,118,12,0.1902,0.0329,0.1573,0.3725,Positive,1,1
3869486,FIFA World Cup 2022,Morocco,56,1,1,34,1,31-60,Left Center Back,DF,0.3154,0.0067,0.3087,3,42,24,0.0,0.2994,-0.2994,-0.6081,Negative,1,2
3869486,FIFA World Cup 2022,Morocco,63,1,1,27,2,61-75,Left Center Midfield,MF,0.0329,0.1328,-0.0999,1,26,28,0.0,0.1666,-0.1666,-0.0667,Neutral,2,1
3869486,FIFA World Cup 2022,Morocco,64,1,1,26,3,61-75,Center Forward,FW,0.0329,0.1902,-0.1573,1,25,29,0.0,0.1093,-0.1093,0.048,Neutral,2,0
3869486,FIFA World Cup 2022,Portugal,68,-1,0,22,3,61-75,Center Attacking Midfield,MF,0.1902,0.0329,0.1573,3,101,14,0.1352,0.0,0.1352,-0.0221,Neutral,2,1
3869486,FIFA World Cup 2022,Portugal,68,-1,0,22,4,61-75,Right Defensive Midfield,MF,0.1902,0.0329,0.1573,3,101,14,0.1352,0.0,0.1352,-0.0221,Neutral,2,1
3869486,FIFA World Cup 2022,Portugal,78,-1,0,12,5,76-90+,Right Back,DF,0.1666,0.0,0.1666,2,121,8,0.083,0.0,0.083,-0.0836,Neutral,3,2
3869486,FIFA World Cup 2022,Morocco,80,1,1,10,4,76-90+,Right Wing,FW,0.0,0.1093,-0.1093,0,27,33,0.0,0.083,-0.083,0.0263,Neutral,3,0
3869486,FIFA World Cup 2022,Morocco,80,1,1,10,5,76-90+,Left Wing,FW,0.0,0.1093,-0.1093,0,27,33,0.0,0.083,-0.083,0.0263,Neutral,3,0
3857260,FIFA World Cup 2022,Saudi Arabia,36,0,1,54,1,31-60,Left Back,DF,0.0,0.4577,-0.4577,0,41,22,0.316,0.4465,-0.1305,0.3272,Positive,1,2
3857260,FIFA World Cup 2022,Mexico,45,0,0,45,1,31-60,Left Wing,FW,0.2146,0.0,0.2146,6,69,19,0.4285,0.3464,0.0821,-0.1325,Negative,1,0
3857260,FIFA World Cup 2022,Saudi Arabia,45,0,1,45,2,31-60,Right Defensive Midfield,MF,0.0,0.2146,-0.2146,0,33,21,0.3464,0.4285,-0.0821,0.1325,Positive,1,1
3857260,FIFA World Cup 2022,Saudi Arabia,61,-2,1,29,3,61-75,Center Forward,FW,0.3464,0.4285,-0.0821,3,80,17,0.0509,0.3912,-0.3403,-0.2582,Negative,2,0
3857260,FIFA World Cup 2022,Mexico,76,2,0,14,2,76-90+,Center Attacking Midfield,MF,0.3912,0.0509,0.3403,4,55,14,0.4066,0.0199,0.3867,0.0464,Neutral,3,1
3857260,FIFA World Cup 2022,Mexico,76,2,0,14,3,76-90+,Center Forward,FW,0.3912,0.0509,0.3403,4,55,14,0.4066,0.0199,0.3867,0.0464,Neutral,3,0
3857260,FIFA World Cup 2022,Mexico,85,2,0,5,4,76-90+,Right Back,DF,0.4531,0.0199,0.4332,5,60,7,0.1828,0.5157,-0.3329,-0.7661,Negative,3,2
3857260,FIFA World Cup 2022,Mexico,85,2,0,5,5,76-90+,Right Defensive Midfield,MF,0.4531,0.0199,0.4332,5,60,7,0.1828,0.5157,-0.3329,-0.7661,Negative,3,1
3857264,FIFA World Cup 2022,Poland,45,0,1,45,1,31-60,Left Center Forward,FW,0.0,1.3617,-1.3617,0,28,19,0.0705,0.3791,-0.3086,1.0531,Positive,1,0
3857264,FIFA World Cup 2022,Poland,45,0,1,45,2,31-60,Left Midfield,MF,0.0,1.3617,-1.3617,0,28,19,0.0705,0.3791,-0.3086,1.0531,Positive,1,1
3857264,FIFA World Cup 2022,Argentina,58,1,0,32,1,31-60,Right Wing,FW,0.3892,0.0705,0.3187,5,157,23,0.5684,0.0,0.5684,0.2497,Positive,1,0
3857264,FIFA World Cup 2022,Argentina,58,1,0,32,2,31-60,Left Back,DF,0.3892,0.0705,0.3187,5,157,23,0.5684,0.0,0.5684,0.2497,Positive,1,2
3857264,FIFA World Cup 2022,Poland,61,-1,1,29,3,61-75,Right Defensive Midfield,MF,0.0705,0.4016,-0.3311,2,81,23,0.0,0.4383,-0.4383,-0.1072,Negative,2,1
3857264,FIFA World Cup 2022,Poland,72,-2,1,18,4,61-75,Left Back,DF,0.0,0.3869,-0.3869,0,67,13,0.0,0.361,-0.361,0.0259,Neutral,2,2
3857264,FIFA World Cup 2022,Argentina,78,2,0,12,3,76-90+,Center Forward,FW,0.4383,0.0,0.4383,4,185,6,0.4038,0.0,0.4038,-0.0345,Neutral,3,0
3857264,FIFA World Cup 2022,Argentina,78,2,0,12,4,76-90+,Left Center Midfield,MF,0.4383,0.0,0.4383,4,185,6,0.4038,0.0,0.4038,-0.0345,Neutral,3,1
3857264,FIFA World Cup 2022,Argentina,82,2,0,8,5,76-90+,Left Wing,FW,0.3138,0.0,0.3138,2,196,6,0.4038,0.0,0.4038,0.09,Neutral,3,0
3857264,FIFA World Cup 2022,Poland,82,-2,1,8,5,76-90+,Left Defensive Midfield,MF,0.0,0.3138,-0.3138,0,33,12,0.0,0.4038,-0.4038,-0.09,Neutral,3,1
3857289,FIFA World Cup 2022,Mexico,40,0,0,50,1,31-60,Left Center Midfield,MF,0.0,0.138,-0.138,0,54,16,0.1075,0.0673,0.0402,0.1782,Positive,1,1
3857289,FIFA World Cup 2022,Argentina,56,0,1,34,1,31-60,Left Defensive Midfield,MF,0.0673,0.1075,-0.0402,1,154,18,0.0848,0.0,0.0848,0.125,Positive,1,1
3857289,FIFA World Cup 2022,Argentina,62,0,1,28,2,61-75,Left Center Forward,FW,0.0673,0.048,0.0193,1,170,16,0.0848,0.0,0.0848,0.0655,Neutral,2,0
3857289,FIFA World Cup 2022,Argentina,62,0,1,28,3,61-75,Right Back,DF,0.0673,0.048,0.0193,1,170,16,0.0848,0.0,0.0848,0.0655,Neutral,2,2
3857289,FIFA World Cup 2022,Mexico,65,-1,0,25,2,61-75,Right Wing Back,FW,0.0,0.1012,-0.1012,0,32,22,0.0,0.0509,-0.0509,0.0503,Neutral,2,0
3857289,FIFA World Cup 2022,Mexico,65,-1,0,25,3,61-75,Right Center Forward,FW,0.0,0.1012,-0.1012,0,32,22,0.0,0.0509,-0.0509,0.0503,Neutral,2,0
3857289,FIFA World Cup 2022,Argentina,68,1,1,22,4,61-75,Left Midfield,MF,0.0339,0.0,0.0339,1,104,20,0.0509,0.0,0.0509,0.017,Neutral,2,1
3857289,FIFA World Cup 2022,Argentina,68,1,1,22,5,61-75,Right Midfield,MF,0.0339,0.0,0.0339,1,104,20,0.0509,0.0,0.0509,0.017,Neutral,2,1
3857289,FIFA World Cup 2022,Mexico,72,-1,0,18,4,61-75,Left Wing,FW,0.0,0.0848,-0.0848,0,57,18,0.0,0.0351,-0.0351,0.0497,Neutral,2,0
3869254,FIFA World Cup 2022,Switzerland,45,-2,0,45,1,31-60,Center Back,DF,0.3193,0.4448,-0.1255,2,81,13,0.6689,1.0903,-0.4214,-0.2959,Negative,1,2
3869254,FIFA World Cup 2022,Switzerland,53,-3,0,37,2,31-60,Left Center Midfield,MF,0.0,0.9909,-0.9909,0,98,21,0.6767,0.8835,-0.2068,0.7841,Positive,1,1
3869254,FIFA World Cup 2022,Switzerland,53,-3,0,37,3,31-60,Right Center Midfield,MF,0.0,0.9909,-0.9909,0,98,21,0.6767,0.8835,-0.2068,0.7841,Positive,1,1
3869254,FIFA World Cup 2022,Switzerland,65,-3,0,25,4,61-75,Left Midfield,MF,0.6689,0.9691,-0.3002,1,88,12,0.0826,0.4958,-0.4132,-0.113,Negative,2,1
3869254,FIFA World Cup 2022,Portugal,72,4,1,18,1,61-75,Center Forward,FW,0.467,0.7186,-0.2516,1,58,21,0.0288,0.1487,-0.1199,0.1317,Positive,2,0
3869254,FIFA World Cup 2022,Portugal,72,4,1,18,2,61-75,Left Wing,FW,0.467,0.7186,-0.2516,1,58,21,0.0288,0.1487,-0.1199,0.1317,Positive,2,0
3869254,FIFA World Cup 2022,Portugal,73,4,1,17,3,61-75,Left Center Midfield,MF,0.467,0.0498,0.4172,1,58,22,0.0288,0.1487,-0.1199,-0.5371,Negative,2,1
3869254,FIFA World Cup 2022,Portugal,80,4,1,10,4,76-90+,Right Center Midfield,MF,0.4958,0.0826,0.4132,2,70,25,0.0478,0.1158,-0.068,-0.4812,Negative,3,1
3869118,FIFA World Cup 2022,Senegal,45,-1,0,45,1,31-60,Right Defensive Midfield,MF,0.0359,0.316,-0.2801,1,62,13,0.0187,0.4744,-0.4557,-0.1756,Negative,1,1
3869118,FIFA World Cup 2022,Senegal,45,-1,0,45,2,31-60,Right Wing,FW,0.0359,0.316,-0.2801,1,62,13,0.0187,0.4744,-0.4557,-0.1756,Negative,1,0
3869118,FIFA World Cup 2022,Senegal,45,-1,0,45,3,31-60,Center Attacking Midfield,MF,0.0359,0.316,-0.2801,1,62,13,0.0187,0.4744,-0.4557,-0.1756,Negative,1,1
3869118,FIFA World Cup 2022,England,64,3,1,26,1,61-75,Right Wing,FW,0.2678,0.0187,0.2491,3,102,11,0.0,0.0344,-0.0344,-0.2835,Negative,2,0
3869118,FIFA World Cup 2022,England,64,3,1,26,2,61-75,Left Wing,FW,0.2678,0.0187,0.2491,3,102,11,0.0,0.0344,-0.0344,-0.2835,Negative,2,0
3869118,FIFA World Cup 2022,Senegal,71,-3,0,19,4,61-75,Right Wing,FW,0.0132,0.2174,-0.2042,1,72,21,0.1287,0.0,0.1287,0.3329,Positive,2,0
3869118,FIFA World Cup 2022,England,75,3,1,15,3,61-75,Left Center Midfield,MF,0.0,0.0344,-0.0344,0,88,13,0.0,0.1683,-0.1683,-0.1339,Negative,2,1
3869118,FIFA World Cup 2022,England,76,3,1,14,4,76-90+,Right Center Back,DF,0.0,0.0344,-0.0344,0,86,11,0.1459,0.1683,-0.0224,0.012,Neutral,3,2
3869118,FIFA World Cup 2022,England,81,3,1,9,5,76-90+,Right Center Midfield,MF,0.0,0.0344,-0.0344,0,90,12,0.1459,0.2013,-0.0554,-0.021,Neutral,3,1
3869118,FIFA World Cup 2022,Senegal,83,-3,0,7,5,76-90+,Left Back,DF,0.0344,0.0,0.0344,2,68,11,0.2013,0.1459,0.0554,0.021,Neutral,3,2
3869519,FIFA World Cup 2022,Croatia,45,-2,0,45,1,31-60,Left Back,DF,0.1389,1.2413,-1.1024,3,94,8,0.021,0.1202,-0.0992,1.0032,Positive,1,2
3869519,FIFA World Cup 2022,Croatia,45,-2,0,45,2,31-60,Right Wing,FW,0.1389,1.2413,-1.1024,3,94,8,0.021,0.1202,-0.0992,1.0032,Positive,1,0
3869519,FIFA World Cup 2022,Croatia,49,-2,0,41,3,31-60,Center Defensive Midfield,MF,0.1048,0.4722,-0.3674,2,119,24,0.1148,0.1058,0.009,0.3764,Positive,1,1
3869519,FIFA World Cup 2022,Argentina,61,2,1,29,1,61-75,Right Defensive Midfield,MF,0.1202,0.021,0.0992,2,77,47,0.3337,0.1071,0.2266,0.1274,Positive,2,1
3869519,FIFA World Cup 2022,Croatia,71,-3,0,19,4,61-75,Center Attacking Midfield,MF,0.1148,0.4395,-0.3247,2,75,21,0.025,0.1414,-0.1164,0.2083,Positive,2,1
3869519,FIFA World Cup 2022,Argentina,73,3,1,17,2,61-75,Right Center Midfield,MF,0.3337,0.1013,0.2324,1,48,25,0.1414,0.0175,0.1239,-0.1085,Negative,2,1
3869519,FIFA World Cup 2022,Argentina,73,3,1,17,3,61-75,Left Center Forward,FW,0.3337,0.1013,0.2324,1,48,25,0.1414,0.0175,0.1239,-0.1085,Negative,2,0
3869519,FIFA World Cup 2022,Croatia,80,-3,0,10,5,76-90+,Right Defensive Midfield,MF,0.025,0.3337,-0.3087,3,73,9,0.1173,0.1414,-0.0241,0.2846,Positive,3,1
3869519,FIFA World Cup 2022,Argentina,85,3,1,5,4,76-90+,Left Center Midfield,MF,0.1414,0.025,0.1164,1,58,19,0.0,0.1173,-0.1173,-0.2337,Negative,3,1
3869519,FIFA World Cup 2022,Argentina,85,3,1,5,5,76-90+,Right Wing Back,FW,0.1414,0.025,0.1164,1,58,19,0.0,0.1173,-0.1173,-0.2337,Negative,3,0
3869354,FIFA World Cup 2022,France,78,1,0,12,1,76-90+,Right Wing,FW,0.4306,0.0789,0.3517,3,70,8,0.0,0.8076,-0.8076,-1.1593,Negative,3,0
3869354,FIFA World Cup 2022,England,78,-1,1,12,1,76-90+,Right Center Midfield,MF,0.0789,0.4306,-0.3517,2,58,22,0.8076,0.0,0.8076,1.1593,Positive,3,1
3869354,FIFA World Cup 2022,England,78,-1,1,12,2,76-90+,Right Wing,FW,0.0789,0.4306,-0.3517,2,58,22,0.8076,0.0,0.8076,1.1593,Positive,3,0
3869354,FIFA World Cup 2022,England,84,-1,1,6,3,76-90+,Left Wing,FW,0.8624,0.4306,0.4318,3,43,16,0.0241,0.0,0.0241,-0.4077,Negative,3,0
3869552,FIFA World Cup 2022,Morocco,20,-1,0,70,1,0-30,Center Back,DF,0.0804,0.098,-0.0176,2,93,21,0.0206,0.1627,-0.1421,-0.1245,Negative,0,2
3869552,FIFA World Cup 2022,Morocco,45,-1,0,45,2,31-60,Left Back,DF,0.0994,0.6528,-0.5534,2,73,20,0.2701,0.0177,0.2524,0.8058,Positive,1,2
3869552,FIFA World Cup 2022,France,64,1,1,26,1,61-75,Center Forward,FW,0.0,0.2701,-0.2701,0,42,29,1.0415,0.0,1.0415,1.3116,Positive,2,0
3869552,FIFA World Cup 2022,Morocco,65,-1,0,25,3,61-75,Center Forward,FW,0.2701,0.0,0.2701,2,132,14,0.0,1.0415,-1.0415,-1.3116,Negative,2,0
3869552,FIFA World Cup 2022,Morocco,66,-1,0,24,4,61-75,Left Wing,FW,0.2701,0.0,0.2701,2,122,13,0.0,1.0415,-1.0415,-1.3116,Negative,2,0
3869552,FIFA World Cup 2022,Morocco,77,-1,0,13,5,76-90+,Left Center Midfield,MF,0.0,0.1557,-0.1557,0,100,18,0.0249,0.8858,-0.8609,-0.7052,Negative,3,1
3869552,FIFA World Cup 2022,France,78,1,1,12,2,76-90+,Right Wing,FW,0.1557,0.0,0.1557,2,61,21,0.8858,0.1482,0.7376,0.5819,Positive,3,0
3869420,FIFA World Cup 2022,Brazil,55,0,0,35,1,31-60,Right Midfield,MF,0.1752,0.1101,0.0651,2,76,11,0.3377,0.0,0.3377,0.2726,Positive,1,1
3869420,FIFA World Cup 2022,Brazil,63,0,0,27,2,61-75,Left Midfield,MF,0.1669,0.1101,0.0568,1,78,17,0.4673,0.0307,0.4366,0.3798,Positive,2,1
3869420,FIFA World Cup 2022,Croatia,71,0,1,19,1,61-75,Right Wing,FW,0.0307,0.3377,-0.307,1,149,11,0.0269,0.4001,-0.3732,-0.0662,Neutral,2,0
3869420,FIFA World Cup 2022,Croatia,71,0,1,19,2,61-75,Center Forward,FW,0.0307,0.3377,-0.307,1,149,11,0.0269,0.4001,-0.3732,-0.0662,Neutral,2,0
3869420,FIFA World Cup 2022,Brazil,83,0,0,7,3,76-90+,Center Forward,FW,0.289,0.0307,0.2583,3,86,27,0.1821,0.0269,0.1552,-0.1031,Negative,3,0
3869220,FIFA World Cup 2022,Spain,62,0,0,28,1,61-75,Left Center Midfield,MF,0.0074,0.0,0.0074,1,124,17,0.0,0.0,0.0,-0.0074,Neutral,2,1
3869220,FIFA World Cup 2022,Spain,62,0,0,28,2,61-75,Center Forward,FW,0.0074,0.0,0.0074,1,124,17,0.0,0.0,0.0,-0.0074,Neutral,2,0
3869220,FIFA World Cup 2022,Morocco,65,0,1,25,1,61-75,Left Wing,FW,0.0,0.0074,-0.0074,0,27,18,0.0,0.0318,-0.0318,-0.0244,Neutral,2,0
3869220,FIFA World Cup 2022,Spain,75,0,0,15,3,61-75,Right Wing,FW,0.0,0.0,0.0,0,151,22,0.049,0.1193,-0.0703,-0.0703,Neutral,2,0
3869220,FIFA World Cup 2022,Morocco,81,0,1,9,2,76-90+,Left Center Midfield,MF,0.0,0.0318,-0.0318,0,43,27,0.1193,0.1079,0.0114,0.0432,Neutral,3,1
3869220,FIFA World Cup 2022,Morocco,81,0,1,9,3,76-90+,Center Forward,FW,0.0,0.0318,-0.0318,0,43,27,0.1193,0.1079,0.0114,0.0432,Neutral,3,0
3869220,FIFA World Cup 2022,Morocco,82,0,1,8,4,76-90+,Left Back,DF,0.0,0.049,-0.049,0,40,26,0.1193,0.0906,0.0287,0.0777,Neutral,3,2
3869220,FIFA World Cup 2022,Morocco,84,0,1,6,5,76-90+,Right Center Back,DF,0.0,0.049,-0.049,0,38,21,0.1193,0.0906,0.0287,0.0777,Neutral,3,2
3869219,FIFA World Cup 2022,Croatia,61,0,0,29,1,61-75,Center Forward,FW,0.0568,0.1898,-0.133,2,101,28,0.2045,0.0,0.2045,0.3375,Positive,2,0
3869219,FIFA World Cup 2022,Japan,63,0,1,27,1,61-75,Left Wing Back,FW,0.1898,0.0878,0.102,5,76,11,0.0,0.2035,-0.2035,-0.3055,Negative,2,0
3869219,FIFA World Cup 2022,Japan,63,0,1,27,2,61-75,Center Forward,FW,0.1898,0.0878,0.102,5,76,11,0.0,0.2035,-0.2035,-0.3055,Negative,2,0
3869219,FIFA World Cup 2022,Croatia,67,0,0,23,2,61-75,Left Wing,FW,0.1959,0.1486,0.0473,5,87,13,0.0655,0.0,0.0655,0.0182,Neutral,2,0
3869219,FIFA World Cup 2022,Japan,73,0,1,17,3,61-75,Left Wing,FW,0.1287,0.169,-0.0403,3,49,10,0.0,0.1181,-0.1181,-0.0778,Neutral,2,0
3869253,FIFA World Cup 2022,South Korea,45,-4,0,45,1,31-60,Left Back,DF,0.0178,0.1417,-0.1239,1,96,23,0.1491,1.0216,-0.8725,-0.7486,Negative,1,2
3869253,FIFA World Cup 2022,South Korea,45,-4,0,45,2,31-60,Right Defensive Midfield,MF,0.0178,0.1417,-0.1239,1,96,23,0.1491,1.0216,-0.8725,-0.7486,Negative,1,1
3869253,FIFA World Cup 2022,Brazil,62,4,1,28,1,61-75,Right Back,DF,0.8803,0.0,0.8803,6,125,22,0.0,0.0703,-0.0703,-0.9506,Negative,2,2
3869253,FIFA World Cup 2022,South Korea,64,-4,0,26,3,61-75,Right Center Midfield,MF,0.0,0.3435,-0.3435,0,104,29,0.0703,0.0,0.0703,0.4138,Positive,2,1
3869253,FIFA World Cup 2022,Brazil,71,4,1,19,2,61-75,Left Back,DF,0.2061,0.0472,0.1589,2,74,14,0.0,0.0231,-0.0231,-0.182,Negative,2,2
3869253,FIFA World Cup 2022,Brazil,71,4,1,19,3,61-75,Left Wing,FW,0.2061,0.0472,0.1589,2,74,14,0.0,0.0231,-0.0231,-0.182,Negative,2,0
3869253,FIFA World Cup 2022,South Korea,73,-4,0,17,4,61-75,Left Center Midfield,MF,0.0472,0.1628,-0.1156,1,101,28,0.0231,0.0,0.0231,0.1387,Positive,2,1
3869253,FIFA World Cup 2022,South Korea,79,-3,0,11,5,76-90+,Center Forward,FW,0.0703,0.0,0.0703,2,82,30,0.0581,0.3995,-0.3414,-0.4117,Negative,3,0
3869253,FIFA World Cup 2022,Brazil,79,3,1,11,4,76-90+,Goalkeeper,GK,0.0,0.0703,-0.0703,0,77,11,0.3995,0.0581,0.3414,0.4117,Positive,3,3
3869253,FIFA World Cup 2022,Brazil,80,3,1,10,5,76-90+,Center Attacking Midfield,MF,0.0,0.0703,-0.0703,0,67,10,0.3995,0.0581,0.3414,0.4117,Positive,3,1
3869152,FIFA World Cup 2022,Poland,63,-1,0,27,1,61-75,Left Center Midfield,MF,0.0,0.0837,-0.0837,0,77,29,0.0412,0.211,-0.1698,-0.0861,Neutral,2,1
3869152,FIFA World Cup 2022,France,65,1,1,25,1,61-75,Right Defensive Midfield,MF,0.0837,0.0,0.0837,2,121,14,0.211,0.0412,0.1698,0.0861,Neutral,2,1
3869152,FIFA World Cup 2022,Poland,70,-1,0,20,2,61-75,Right Wing,FW,0.0,0.2073,-0.2073,0,71,25,0.0412,0.1573,-0.1161,0.0912,Neutral,2,0
3869152,FIFA World Cup 2022,Poland,70,-1,0,20,3,61-75,Left Defensive Midfield,MF,0.0,0.2073,-0.2073,0,71,25,0.0412,0.1573,-0.1161,0.0912,Neutral,2,1
3869152,FIFA World Cup 2022,France,75,2,1,15,2,61-75,Right Wing,FW,0.2653,0.0412,0.2241,3,95,16,0.07,0.0,0.07,-0.1541,Negative,2,0
3869152,FIFA World Cup 2022,France,75,2,1,15,3,61-75,Center Forward,FW,0.2653,0.0412,0.2241,3,95,16,0.07,0.0,0.07,-0.1541,Negative,2,0
3869117,FIFA World Cup 2022,Netherlands,45,1,1,45,1,31-60,Right Defensive Midfield,MF,0.0,0.1026,-0.1026,0,36,23,0.2502,0.4755,-0.2253,-0.1227,Negative,1,1
3869117,FIFA World Cup 2022,Netherlands,45,1,1,45,2,31-60,Center Attacking Midfield,MF,0.0,0.1026,-0.1026,0,36,23,0.2502,0.4755,-0.2253,-0.1227,Negative,1,1
3869117,FIFA World Cup 2022,United States,45,-1,0,45,1,31-60,Center Forward,FW,0.1026,0.0,0.1026,2,151,6,0.4755,0.2502,0.2253,0.1227,Positive,1,0
3869117,FIFA World Cup 2022,United States,66,-2,0,24,2,61-75,Right Wing,FW,0.1369,0.0994,0.0375,3,73,20,0.4839,0.8881,-0.4042,-0.4417,Negative,2,0
3869117,FIFA World Cup 2022,United States,66,-2,0,24,3,61-75,Right Center Midfield,MF,0.1369,0.0994,0.0375,3,73,20,0.4839,0.8881,-0.4042,-0.4417,Negative,2,1
3869117,FIFA World Cup 2022,United States,74,-2,0,16,4,61-75,Right Back,DF,0.086,0.5012,-0.4152,2,61,26,0.5414,0.4863,0.0551,0.4703,Positive,2,2
3869117,FIFA World Cup 2022,Netherlands,82,2,1,8,3,76-90+,Left Center Forward,FW,0.8881,0.4839,0.4042,5,89,20,0.0,0.2271,-0.2271,-0.6313,Negative,3,0
3857270,FIFA World Cup 2022,Portugal,41,0,1,49,1,31-60,Left Back,DF,0.0796,0.5684,-0.4888,3,67,18,0.0441,0.0,0.0441,0.5329,Positive,1,2
3857270,FIFA World Cup 2022,Uruguay,61,-1,0,29,1,61-75,Left Center Midfield,MF,0.1049,0.0512,0.0537,2,64,23,0.0889,0.0,0.0889,0.0352,Neutral,2,1
3857270,FIFA World Cup 2022,Uruguay,61,-1,0,29,2,61-75,Center Back,DF,0.1049,0.0512,0.0537,2,64,23,0.0889,0.0,0.0889,0.0352,Neutral,2,2
3857270,FIFA World Cup 2022,Portugal,68,1,1,22,2,61-75,Center Defensive Midfield,MF,0.0149,0.1462,-0.1313,2,92,16,0.0269,0.3921,-0.3652,-0.2339,Negative,2,1
3857270,FIFA World Cup 2022,Uruguay,71,-1,0,19,3,61-75,Left Center Forward,FW,0.1462,0.0072,0.139,3,103,16,0.4117,0.0269,0.3848,0.2458,Positive,2,0
3857270,FIFA World Cup 2022,Uruguay,72,-1,0,18,4,61-75,Right Center Forward,FW,0.1462,0.0,0.1462,3,106,16,0.4117,0.0269,0.3848,0.2386,Positive,2,0
3857270,FIFA World Cup 2022,Portugal,82,1,1,8,3,76-90+,Center Forward,FW,0.0,0.3921,-0.3921,0,48,17,0.8104,0.0196,0.7908,1.1829,Positive,3,0
3857270,FIFA World Cup 2022,Portugal,82,1,1,8,4,76-90+,Right Wing,FW,0.0,0.3921,-0.3921,0,48,17,0.8104,0.0196,0.7908,1.1829,Positive,3,0
3857270,FIFA World Cup 2022,Portugal,82,1,1,8,5,76-90+,Center Defensive Midfield,MF,0.0,0.3921,-0.3921,0,48,17,0.8104,0.0196,0.7908,1.1829,Positive,3,1
3857270,FIFA World Cup 2022,Uruguay,85,-1,0,5,5,76-90+,Left Back,DF,0.3921,0.0269,0.3652,3,98,16,0.0196,0.9169,-0.8973,-1.2625,Negative,3,2
3857263,FIFA World Cup 2022,Spain,53,0,1,37,1,31-60,Right Wing,FW,0.0,0.0089,-0.0089,0,129,20,0.469,0.132,0.337,0.3459,Positive,1,0
3857263,FIFA World Cup 2022,Spain,65,1,1,25,2,61-75,Right Wing,FW,0.469,0.132,0.337,3,86,16,0.0,0.7526,-0.7526,-1.0896,Negative,2,0
3857263,FIFA World Cup 2022,Spain,65,1,1,25,3,61-75,Right Center Midfield,MF,0.469,0.132,0.337,3,86,16,0.0,0.7526,-0.7526,-1.0896,Negative,2,1
3857263,FIFA World Cup 2022,Germany,69,-1,0,21,1,61-75,Center Attacking Midfield,MF,0.132,0.469,-0.337,2,61,18,0.9706,0.0,0.9706,1.3076,Positive,2,1
3857263,FIFA World Cup 2022,Germany,69,-1,0,21,2,61-75,Center Forward,FW,0.132,0.469,-0.337,2,61,18,0.9706,0.0,0.9706,1.3076,Positive,2,0
3857263,FIFA World Cup 2022,Germany,69,-1,0,21,3,61-75,Right Back,DF,0.132,0.469,-0.337,2,61,18,0.9706,0.0,0.9706,1.3076,Positive,2,2
3857263,FIFA World Cup 2022,Spain,81,1,1,9,4,76-90+,Left Back,DF,0.0,0.8062,-0.8062,0,88,30,0.0,0.1644,-0.1644,0.6418,Positive,3,2
3857263,FIFA World Cup 2022,Germany,84,0,0,6,4,76-90+,Left Wing,FW,0.9706,0.0,0.9706,6,70,12,0.0,0.0,0.0,-0.9706,Negative,3,0
3857259,FIFA World Cup 2022,Cameroon,54,-2,1,36,1,31-60,Center Defensive Midfield,MF,0.1414,1.1579,-1.0165,2,92,18,0.8258,0.1092,0.7166,1.7331,Positive,1,1
3857259,FIFA World Cup 2022,Serbia,55,2,0,35,1,31-60,Left Center Back,DF,1.1579,0.1414,1.0165,5,104,26,0.1396,0.8258,-0.6862,-1.7027,Negative,1,2
3857259,FIFA World Cup 2022,Cameroon,66,0,1,24,2,61-75,Left Wing,FW,0.8258,1.0463,-0.2205,4,61,14,0.0,0.1724,-0.1724,0.0481,Neutral,2,0
3857259,FIFA World Cup 2022,Cameroon,67,0,1,23,3,61-75,Right Defensive Midfield,MF,0.8258,1.0066,-0.1808,4,51,13,0.0,0.1724,-0.1724,0.0084,Neutral,2,1
3857259,FIFA World Cup 2022,Serbia,77,0,0,13,2,76-90+,Right Wing Back,FW,0.2491,0.7527,-0.5036,3,94,16,0.1459,0.0256,0.1203,0.6239,Positive,3,0
3857259,FIFA World Cup 2022,Serbia,77,0,0,13,3,76-90+,Center Back,DF,0.2491,0.7527,-0.5036,3,94,16,0.1459,0.0256,0.1203,0.6239,Positive,3,2
3857259,FIFA World Cup 2022,Serbia,78,0,0,12,4,76-90+,Left Attacking Midfield,MF,0.1724,0.4694,-0.297,3,99,15,0.1135,0.0256,0.0879,0.3849,Positive,3,1
3857259,FIFA World Cup 2022,Cameroon,80,0,1,10,4,76-90+,Left Defensive Midfield,MF,0.4694,0.1724,0.297,1,69,20,0.0326,0.1408,-0.1082,-0.4052,Negative,3,1
3857259,FIFA World Cup 2022,Cameroon,80,0,1,10,5,76-90+,Left Wing,FW,0.4694,0.1724,0.297,1,69,20,0.0326,0.1408,-0.1082,-0.4052,Negative,3,0
3857283,FIFA World Cup 2022,Belgium,59,0,1,31,1,31-60,Center Attacking Midfield,MF,0.0737,0.0436,0.0301,2,113,20,0.0657,0.6104,-0.5447,-0.5748,Negative,1,1
3857283,FIFA World Cup 2022,Belgium,59,0,1,31,2,31-60,Right Defensive Midfield,MF,0.0737,0.0436,0.0301,2,113,20,0.0657,0.6104,-0.5447,-0.5748,Negative,1,1
3857283,FIFA World Cup 2022,Morocco,66,0,0,24,1,61-75,Right Center Midfield,MF,0.0359,0.1393,-0.1034,2,88,29,0.5883,0.0,0.5883,0.6917,Positive,2,1
3857283,FIFA World Cup 2022,Morocco,66,0,0,24,2,61-75,Right Back,DF,0.0359,0.1393,-0.1034,2,88,29,0.5883,0.0,0.5883,0.6917,Positive,2,2
3857283,FIFA World Cup 2022,Morocco,71,0,0,19,3,61-75,Left Wing,FW,0.0592,0.0657,-0.0065,3,67,22,0.565,0.0373,0.5277,0.5342,Positive,2,0
3857283,FIFA World Cup 2022,Morocco,71,0,0,19,4,61-75,Center Forward,FW,0.0592,0.0657,-0.0065,3,67,22,0.565,0.0373,0.5277,0.5342,Positive,2,0
3857283,FIFA World Cup 2022,Belgium,74,-1,1,16,3,61-75,Center Forward,FW,0.0657,0.6104,-0.5447,1,85,23,0.0373,0.0,0.0373,0.582,Positive,2,0
3857283,FIFA World Cup 2022,Belgium,74,-1,1,16,4,61-75,Left Wing,FW,0.0657,0.6104,-0.5447,1,85,23,0.0373,0.0,0.0373,0.582,Positive,2,0
3857283,FIFA World Cup 2022,Morocco,77,1,0,13,5,76-90+,Left Center Midfield,MF,0.5883,0.0657,0.5226,2,47,14,0.2178,0.0373,0.1805,-0.3421,Negative,3,1
3857283,FIFA World Cup 2022,Belgium,80,-1,1,10,5,76-90+,Right Back,DF,0.0,0.5883,-0.5883,0,100,13,0.0373,0.2178,-0.1805,0.4078,Positive,3,2
3857286,FIFA World Cup 2022,Ecuador,67,2,0,23,1,61-75,Left Midfield,MF,0.0789,0.0309,0.048,1,72,22,0.0,0.0091,-0.0091,-0.0571,Neutral,2,1
3857286,FIFA World Cup 2022,Qatar,71,-2,1,19,1,61-75,Right Center Midfield,MF,0.0309,0.0,0.0309,1,71,18,0.0544,0.0,0.0544,0.0235,Neutral,2,1
3857286,FIFA World Cup 2022,Qatar,71,-2,1,19,2,61-75,Right Center Forward,FW,0.0309,0.0,0.0309,1,71,18,0.0544,0.0,0.0544,0.0235,Neutral,2,0
3857286,FIFA World Cup 2022,Ecuador,75,2,0,15,2,61-75,Right Center Forward,FW,0.0,0.04,-0.04,0,61,24,0.0,0.0453,-0.0453,-0.0053,Neutral,2,0
3857300,FIFA World Cup 2022,Saudi Arabia,47,-1,0,43,1,31-60,Right Center Midfield,MF,0.0,0.1383,-0.1383,0,50,29,0.1535,0.0,0.1535,0.2918,Positive,1,1
3857300,FIFA World Cup 2022,Argentina,58,-1,1,32,1,31-60,Right Center Back,DF,0.0,0.1535,-0.1535,0,184,23,1.1089,0.0,1.1089,1.2624,Positive,1,2
3857300,FIFA World Cup 2022,Argentina,58,-1,1,32,2,31-60,Left Midfield,MF,0.0,0.1535,-0.1535,0,184,23,1.1089,0.0,1.1089,1.2624,Positive,1,1
3857300,FIFA World Cup 2022,Argentina,58,-1,1,32,3,31-60,Left Defensive Midfield,MF,0.0,0.1535,-0.1535,0,184,23,1.1089,0.0,1.1089,1.2624,Positive,1,1
3857300,FIFA World Cup 2022,Argentina,70,-1,1,20,4,61-75,Left Back,DF,1.0449,0.0,1.0449,3,106,17,0.2504,0.0,0.2504,-0.7945,Negative,2,2
3857300,FIFA World Cup 2022,Saudi Arabia,77,1,0,13,2,76-90+,Center Forward,FW,0.0,1.161,-1.161,0,28,11,0.0,0.1824,-0.1824,0.9786,Positive,3,0
3857299,FIFA World Cup 2022,South Korea,45,-2,1,45,1,31-60,Center Attacking Midfield,MF,0.0109,0.2008,-0.1899,1,101,29,0.3116,0.2892,0.0224,0.2123,Positive,1,1
3857299,FIFA World Cup 2022,South Korea,56,-2,1,34,2,31-60,Center Attacking Midfield,MF,0.0877,0.2892,-0.2015,2,134,36,0.3972,0.2597,0.1375,0.339,Positive,1,1
3857299,FIFA World Cup 2022,Ghana,77,1,0,13,1,76-90+,Right Back,DF,0.2597,0.3023,-0.0426,2,38,13,0.0267,0.2793,-0.2526,-0.21,Negative,3,2
3857299,FIFA World Cup 2022,Ghana,77,1,0,13,2,76-90+,Center Attacking Midfield,MF,0.2597,0.3023,-0.0426,2,38,13,0.0267,0.2793,-0.2526,-0.21,Negative,3,1
3857299,FIFA World Cup 2022,Ghana,77,1,0,13,3,76-90+,Left Wing,FW,0.2597,0.3023,-0.0426,2,38,13,0.0267,0.2793,-0.2526,-0.21,Negative,3,0
3857299,FIFA World Cup 2022,South Korea,78,-1,1,12,3,76-90+,Right Defensive Midfield,MF,0.3023,0.2597,0.0426,4,68,15,0.2793,0.0267,0.2526,0.21,Positive,3,1
3857299,FIFA World Cup 2022,Ghana,82,1,0,8,4,76-90+,Right Wing,FW,0.2597,0.3023,-0.0426,2,45,13,0.0267,0.2937,-0.267,-0.2244,Negative,3,0
3857293,FIFA World Cup 2022,Uruguay,33,2,0,57,1,31-60,Left Defensive Midfield,MF,1.3096,0.7835,0.5261,4,61,16,0.0,0.1262,-0.1262,-0.6523,Negative,1,1
3857293,FIFA World Cup 2022,Ghana,45,-2,1,45,1,31-60,Center Attacking Midfield,MF,0.0418,0.1674,-0.1256,1,54,17,0.0844,0.0324,0.052,0.1776,Positive,1,1
3857293,FIFA World Cup 2022,Ghana,45,-2,1,45,2,31-60,Left Wing,FW,0.0418,0.1674,-0.1256,1,54,17,0.0844,0.0324,0.052,0.1776,Positive,1,0
3857293,FIFA World Cup 2022,Uruguay,65,2,0,25,2,61-75,Right Center Forward,FW,0.0995,0.0,0.0995,1,63,21,0.0187,0.1669,-0.1482,-0.2477,Negative,2,0
3857293,FIFA World Cup 2022,Uruguay,65,2,0,25,3,61-75,Right Midfield,MF,0.0995,0.0,0.0995,1,63,21,0.0187,0.1669,-0.1482,-0.2477,Negative,2,1
3857293,FIFA World Cup 2022,Ghana,71,-2,1,19,3,61-75,Center Forward,FW,0.0467,0.1143,-0.0676,1,82,24,0.1761,0.0039,0.1722,0.2398,Positive,2,0
3857293,FIFA World Cup 2022,Ghana,71,-2,1,19,4,61-75,Left Defensive Midfield,MF,0.0467,0.1143,-0.0676,1,82,24,0.1761,0.0039,0.1722,0.2398,Positive,2,1
3857293,FIFA World Cup 2022,Uruguay,79,2,0,11,4,76-90+,Left Midfield,MF,0.1182,0.1669,-0.0487,4,63,18,0.0,0.0559,-0.0559,-0.0072,Neutral,3,1
3857293,FIFA World Cup 2022,Uruguay,79,2,0,11,5,76-90+,Left Center Forward,FW,0.1182,0.1669,-0.0487,4,63,18,0.0,0.0559,-0.0559,-0.0072,Neutral,3,0
3857291,FIFA World Cup 2022,Costa Rica,45,-3,0,45,1,31-60,Right Center Back,DF,0.0,0.7994,-0.7994,0,52,18,0.0,0.2386,-0.2386,0.5608,Positive,1,2
3857291,FIFA World Cup 2022,Spain,56,4,1,34,1,31-60,Right Wing,FW,0.2544,0.0,0.2544,4,263,10,0.1157,0.0,0.1157,-0.1387,Negative,1,0
3857291,FIFA World Cup 2022,Spain,56,4,1,34,2,31-60,Left Center Midfield,MF,0.2544,0.0,0.2544,4,263,10,0.1157,0.0,0.1157,-0.1387,Negative,1,1
3857291,FIFA World Cup 2022,Costa Rica,60,-4,0,30,2,31-60,Right Wing,FW,0.0,0.2386,-0.2386,0,30,27,0.0,0.172,-0.172,0.0666,Neutral,1,0
3857291,FIFA World Cup 2022,Costa Rica,60,-4,0,30,3,31-60,Left Wing,FW,0.0,0.2386,-0.2386,0,30,27,0.0,0.172,-0.172,0.0666,Neutral,1,0
3857291,FIFA World Cup 2022,Spain,63,4,1,27,3,61-75,Left Back,DF,0.2353,0.0,0.2353,4,184,8,0.0898,0.0,0.0898,-0.1455,Negative,2,2
3857291,FIFA World Cup 2022,Spain,63,4,1,27,4,61-75,Center Defensive Midfield,MF,0.2353,0.0,0.2353,4,184,8,0.0898,0.0,0.0898,-0.1455,Negative,2,1
3857291,FIFA World Cup 2022,Spain,68,4,1,22,5,61-75,Right Wing,FW,0.1872,0.0,0.1872,3,128,7,0.0898,0.0,0.0898,-0.0974,Neutral,2,0
3857291,FIFA World Cup 2022,Costa Rica,71,-4,0,19,4,61-75,Right Center Midfield,MF,0.0,0.1157,-0.1157,0,40,24,0.0,0.0562,-0.0562,0.0595,Neutral,2,1
3857291,FIFA World Cup 2022,Costa Rica,81,-5,0,9,5,76-90+,Left Wing Back,FW,0.0,0.0898,-0.0898,0,34,27,0.0,0.6035,-0.6035,-0.5137,Negative,3,0
3857281,FIFA World Cup 2022,Canada,45,-1,0,45,1,31-60,Right Center Forward,FW,0.0,0.531,-0.531,0,43,19,0.1151,0.308,-0.1929,0.3381,Positive,1,0
3857281,FIFA World Cup 2022,Canada,45,-1,0,45,2,31-60,Left Defensive Midfield,MF,0.0,0.531,-0.531,0,43,19,0.1151,0.308,-0.1929,0.3381,Positive,1,1
3857281,FIFA World Cup 2022,Croatia,59,1,1,31,1,31-60,Center Forward,FW,0.308,0.1151,0.1929,2,110,32,0.2449,0.012,0.2329,0.04,Neutral,1,0
3857281,FIFA World Cup 2022,Canada,61,-1,0,29,3,61-75,Left Wing Back,FW,0.1151,0.308,-0.1929,3,104,28,0.012,0.2449,-0.2329,-0.04,Neutral,2,0
3857281,FIFA World Cup 2022,Croatia,72,2,1,18,2,61-75,Right Wing,FW,0.2449,0.0359,0.209,2,62,22,0.3594,0.0198,0.3396,0.1306,Positive,2,0
3857281,FIFA World Cup 2022,Canada,72,-2,0,18,4,61-75,Left Center Forward,FW,0.0359,0.2449,-0.209,2,83,18,0.0198,0.3594,-0.3396,-0.1306,Negative,2,0
3857281,FIFA World Cup 2022,Canada,72,-2,0,18,5,61-75,Center Defensive Midfield,MF,0.0359,0.2449,-0.209,2,83,18,0.0198,0.3594,-0.3396,-0.1306,Negative,2,1
3857281,FIFA World Cup 2022,Croatia,85,2,1,5,3,76-90+,Left Wing,FW,0.495,0.0198,0.4752,4,33,23,0.7326,0.0586,0.674,0.1988,Positive,3,0
3857281,FIFA World Cup 2022,Croatia,85,2,1,5,4,76-90+,Right Center Midfield,MF,0.495,0.0198,0.4752,4,33,23,0.7326,0.0586,0.674,0.1988,Positive,3,1
3857281,FIFA World Cup 2022,Croatia,85,2,1,5,5,76-90+,Left Center Midfield,MF,0.495,0.0198,0.4752,4,33,23,0.7326,0.0586,0.674,0.1988,Positive,3,1
3857280,FIFA World Cup 2022,Brazil,54,0,0,36,1,31-60,Left Back,DF,0.3936,0.1954,0.1982,3,103,17,0.1523,0.0,0.1523,-0.0459,Neutral,1,2
3857280,FIFA World Cup 2022,Brazil,54,0,0,36,2,31-60,Right Defensive Midfield,MF,0.3936,0.1954,0.1982,3,103,17,0.1523,0.0,0.1523,-0.0459,Neutral,1,1
3857280,FIFA World Cup 2022,Brazil,54,0,0,36,3,31-60,Center Attacking Midfield,MF,0.3936,0.1954,0.1982,3,103,17,0.1523,0.0,0.1523,-0.0459,Neutral,1,1
3857280,FIFA World Cup 2022,Cameroon,63,0,1,27,1,61-75,Right Midfield,MF,0.0771,0.4315,-0.3544,2,42,25,0.0333,0.086,-0.0527,0.3017,Positive,2,1
3857280,FIFA World Cup 2022,Brazil,63,0,0,27,4,61-75,Center Forward,FW,0.4315,0.0771,0.3544,4,72,15,0.086,0.0333,0.0527,-0.3017,Negative,2,0
3857280,FIFA World Cup 2022,Cameroon,67,0,1,23,2,61-75,Right Defensive Midfield,MF,0.0065,0.4315,-0.425,1,53,25,0.1326,0.086,0.0466,0.4716,Positive,2,1
3857280,FIFA World Cup 2022,Brazil,78,0,0,12,5,76-90+,Right Wing,FW,0.086,0.0333,0.0527,1,87,19,0.334,0.1547,0.1793,0.1266,Positive,3,0
3857280,FIFA World Cup 2022,Cameroon,84,0,1,6,3,76-90+,Right Midfield,MF,0.1326,0.2352,-0.1026,3,60,29,0.0554,0.8473,-0.7919,-0.6893,Negative,3,1
3857279,FIFA World Cup 2022,France,12,-1,1,78,1,0-30,Left Back,DF,0.019,0.2219,-0.2029,1,57,17,0.2214,0.0179,0.2035,0.4064,Positive,0,2
3857279,FIFA World Cup 2022,Australia,55,-1,0,35,1,31-60,Center Forward,FW,0.0835,0.715,-0.6315,1,119,27,0.0,0.6579,-0.6579,-0.0264,Neutral,1,0
3857279,FIFA World Cup 2022,Australia,72,-3,0,18,2,61-75,Left Center Midfield,MF,0.0,0.8268,-0.8268,0,31,26,0.0,0.0,0.0,0.8268,Positive,2,1
3857279,FIFA World Cup 2022,Australia,72,-3,0,18,3,61-75,Left Midfield,MF,0.0,0.8268,-0.8268,0,31,26,0.0,0.0,0.0,0.8268,Positive,2,1
3857279,FIFA World Cup 2022,France,76,3,1,14,2,76-90+,Right Defensive Midfield,MF,0.6993,0.0,0.6993,7,86,5,0.121,0.0,0.121,-0.5783,Negative,3,1
3857279,FIFA World Cup 2022,France,76,3,1,14,3,76-90+,Right Wing,FW,0.6993,0.0,0.6993,7,86,5,0.121,0.0,0.121,-0.5783,Negative,3,0
3857279,FIFA World Cup 2022,Australia,84,-3,0,6,4,76-90+,Left Center Midfield,MF,0.0,0.1689,-0.1689,0,84,11,0.0,0.121,-0.121,0.0479,Neutral,3,1
3857279,FIFA World Cup 2022,Australia,84,-3,0,6,5,76-90+,Right Back,DF,0.0,0.1689,-0.1689,0,84,11,0.0,0.121,-0.121,0.0479,Neutral,3,2
3857262,FIFA World Cup 2022,Portugal,64,0,0,26,1,61-75,Right Center Midfield,MF,0.0,0.0452,-0.0452,0,132,9,0.0298,0.2106,-0.1808,-0.1356,Negative,2,1
3857262,FIFA World Cup 2022,Portugal,64,0,0,26,2,61-75,Center Defensive Midfield,MF,0.0,0.0452,-0.0452,0,132,9,0.0298,0.2106,-0.1808,-0.1356,Negative,2,1
3857262,FIFA World Cup 2022,Portugal,64,0,0,26,3,61-75,Center Forward,FW,0.0,0.0452,-0.0452,0,132,9,0.0298,0.2106,-0.1808,-0.1356,Negative,2,0
3857262,FIFA World Cup 2022,South Korea,65,0,1,25,1,61-75,Left Wing,FW,0.0452,0.0,0.0452,2,39,16,0.2106,0.0298,0.1808,0.1356,Positive,2,0
3857262,FIFA World Cup 2022,South Korea,80,0,1,10,2,76-90+,Left Center Back,DF,0.2106,0.0298,0.1808,4,37,16,0.422,0.0653,0.3567,0.1759,Positive,3,2
3857262,FIFA World Cup 2022,South Korea,81,0,1,9,3,76-90+,Left Center Midfield,MF,0.1707,0.0508,0.1199,3,35,16,0.422,0.0443,0.3777,0.2578,Positive,3,1
3857262,FIFA World Cup 2022,Portugal,81,0,0,9,4,76-90+,Right Center Midfield,MF,0.0508,0.1707,-0.1199,2,57,9,0.0443,0.422,-0.3777,-0.2578,Negative,3,1
3857262,FIFA World Cup 2022,Portugal,81,0,0,9,5,76-90+,Left Center Midfield,MF,0.0508,0.1707,-0.1199,2,57,9,0.0443,0.422,-0.3777,-0.2578,Negative,3,1
